"respondente_id","categoria","item","ano_pesquisa"
"32jficnhc29k852b132jficnrv557pjp","cargo_no_time","Analytics Engineer","2023"
"32jficnhc29k852b132jficnrv557pjp","cargo_no_time","Engenharia de Dados","2023"
"32jficnhc29k852b132jficnrv557pjp","cargo_no_time","Cientista de Dados","2023"
"32jficnhc29k852b132jficnrv557pjp","cargo_no_time","Analista de BI","2023"
"32jficnhc29k852b132jficnrv557pjp","cargo_no_time","Arquiteto de Dados","2023"
"32jficnhc29k852b132jficnrv557pjp","cargo_no_time","Data Product Manager","2023"
"32jficnhc29k852b132jficnrv557pjp","cargo_no_time","Business Analyst","2023"
"z3nk2q8pppeaz3a7dadx355n66el8rwa","cargo_no_time","Engenharia de Dados","2023"
"z3nk2q8pppeaz3a7dadx355n66el8rwa","cargo_no_time","Cientista de Dados","2023"
"z3nk2q8pppeaz3a7dadx355n66el8rwa","cargo_no_time","DBA","2023"
"z3nk2q8pppeaz3a7dadx355n66el8rwa","cargo_no_time","Arquiteto de Dados","2023"
"2lvche33n1rwki2yks12lvche1ht7ivj","cargo_no_time","Analista de BI","2023"
"8nrkmplx4qqx2lp9508nrkmpan8l92wa","cargo_no_time","Analista de BI","2023"
"vaz3cn8pbhvaz3uogpyvbv4r87u3uodi","cargo_no_time","Engenharia de Dados","2023"
"vaz3cn8pbhvaz3uogpyvbv4r87u3uodi","cargo_no_time","Cientista de Dados","2023"
"vpwo7okm90f6mxeqc7rgvpwo7ovzqvx8","cargo_no_time","Engenharia de Dados","2023"
"vpwo7okm90f6mxeqc7rgvpwo7ovzqvx8","cargo_no_time","Analista de Dados","2023"
"vpwo7okm90f6mxeqc7rgvpwo7ovzqvx8","cargo_no_time","Analista de BI","2023"
"q2c2zp0a8nia8g9fi21q2c2zahn4agfa","cargo_no_time","Analista de Dados","2023"
"q2c2zp0a8nia8g9fi21q2c2zahn4agfa","cargo_no_time","Cientista de Dados","2023"
"q2c2zp0a8nia8g9fi21q2c2zahn4agfa","cargo_no_time","DBA","2023"
"q2c2zp0a8nia8g9fi21q2c2zahn4agfa","cargo_no_time","Analista de BI","2023"
"ijezxtxgvtlw46tijrexq7bjzs72iwrx","cargo_no_time","Cientista de Dados","2023"
"bw9slubrrxbw9s75jnpbqnjq85dbxvof","cargo_no_time","Analista de Dados","2023"
"bw9slubrrxbw9s75jnpbqnjq85dbxvof","cargo_no_time","Cientista de Dados","2023"
"bw9slubrrxbw9s75jnpbqnjq85dbxvof","cargo_no_time","Analista de BI","2023"
"nvsgubgyrvlk9k2hlnvsgubffwwwck91","cargo_no_time","Analista de Dados","2023"
"nvsgubgyrvlk9k2hlnvsgubffwwwck91","cargo_no_time","Cientista de Dados","2023"
"nvsgubgyrvlk9k2hlnvsgubffwwwck91","cargo_no_time","Analista de BI","2023"
"nvsgubgyrvlk9k2hlnvsgubffwwwck91","cargo_no_time","Business Analyst","2023"
"xh3utmjnnwqjz834ttgpxh3utmz67olj","cargo_no_time","Analytics Engineer","2023"
"xh3utmjnnwqjz834ttgpxh3utmz67olj","cargo_no_time","Engenharia de Dados","2023"
"xh3utmjnnwqjz834ttgpxh3utmz67olj","cargo_no_time","Analista de Dados","2023"
"xh3utmjnnwqjz834ttgpxh3utmz67olj","cargo_no_time","Cientista de Dados","2023"
"xh3utmjnnwqjz834ttgpxh3utmz67olj","cargo_no_time","Analista de BI","2023"
"xh3utmjnnwqjz834ttgpxh3utmz67olj","cargo_no_time","Arquiteto de Dados","2023"
"xh3utmjnnwqjz834ttgpxh3utmz67olj","cargo_no_time","Business Analyst","2023"
"s5wzgn6afg8mddki2f7cis5ye1bztm0y","cargo_no_time","Analytics Engineer","2023"
"s5wzgn6afg8mddki2f7cis5ye1bztm0y","cargo_no_time","Engenharia de Dados","2023"
"s5wzgn6afg8mddki2f7cis5ye1bztm0y","cargo_no_time","Analista de Dados","2023"
"s5wzgn6afg8mddki2f7cis5ye1bztm0y","cargo_no_time","Cientista de Dados","2023"
"s5wzgn6afg8mddki2f7cis5ye1bztm0y","cargo_no_time","Analista de BI","2023"
"s5wzgn6afg8mddki2f7cis5ye1bztm0y","cargo_no_time","Arquiteto de Dados","2023"
"s5wzgn6afg8mddki2f7cis5ye1bztm0y","cargo_no_time","Data Product Manager","2023"
"kns1m89eqd25dfbbaknpu0u8ukbuwo83","cargo_no_time","Analista de BI","2023"
"79yade8sr03l48q9979yadwksnt6cw63","cargo_no_time","Analytics Engineer","2023"
"79yade8sr03l48q9979yadwksnt6cw63","cargo_no_time","Engenharia de Dados","2023"
"79yade8sr03l48q9979yadwksnt6cw63","cargo_no_time","Analista de Dados","2023"
"79yade8sr03l48q9979yadwksnt6cw63","cargo_no_time","Cientista de Dados","2023"
"79yade8sr03l48q9979yadwksnt6cw63","cargo_no_time","Analista de BI","2023"
"w4itmwpum8l1no3hfga1w4itmw8wdnpk","cargo_no_time","Engenharia de Dados","2023"
"w4itmwpum8l1no3hfga1w4itmw8wdnpk","cargo_no_time","Cientista de Dados","2023"
"w4itmwpum8l1no3hfga1w4itmw8wdnpk","cargo_no_time","Analista de BI","2023"
"2hoq7whv6022hoqynr3a532p250xynr3","cargo_no_time","Engenharia de Dados","2023"
"2hoq7whv6022hoqynr3a532p250xynr3","cargo_no_time","Analista de Dados","2023"
"2hoq7whv6022hoqynr3a532p250xynr3","cargo_no_time","Arquiteto de Dados","2023"
"2hoq7whv6022hoqynr3a532p250xynr3","cargo_no_time","Data Product Manager","2023"
"2hoq7whv6022hoqynr3a532p250xynr3","cargo_no_time","Business Analyst","2023"
"rrigcrobqjskbvwrrrigc8wo3yr6u2pt","cargo_no_time","Analista de BI","2023"
"ug4cf1kiwmazjm24k2eug4cf1zki0xcg","cargo_no_time","Engenharia de Dados","2023"
"ug4cf1kiwmazjm24k2eug4cf1zki0xcg","cargo_no_time","Analista de Dados","2023"
"ug4cf1kiwmazjm24k2eug4cf1zki0xcg","cargo_no_time","Cientista de Dados","2023"
"thpt4spmxaihemfg03rthpt4sal3h563","cargo_no_time","Engenharia de Dados","2023"
"thpt4spmxaihemfg03rthpt4sal3h563","cargo_no_time","Analista de Dados","2023"
"thpt4spmxaihemfg03rthpt4sal3h563","cargo_no_time","Cientista de Dados","2023"
"thpt4spmxaihemfg03rthpt4sal3h563","cargo_no_time","Analista de BI","2023"
"thpt4spmxaihemfg03rthpt4sal3h563","cargo_no_time","Business Analyst","2023"
"iywwzudgjrhxz92fo3oiywwzuolqk2i3","cargo_no_time","Engenharia de Dados","2023"
"iywwzudgjrhxz92fo3oiywwzuolqk2i3","cargo_no_time","Cientista de Dados","2023"
"xgzpwrqzf84wrzqw3wxgzpwrorebwumm","cargo_no_time","Analista de BI","2023"
"8ovk6hf46ukut13s8ovkh3lhc22105mn","cargo_no_time","Engenharia de Dados","2023"
"8ovk6hf46ukut13s8ovkh3lhc22105mn","cargo_no_time","Cientista de Dados","2023"
"8ovk6hf46ukut13s8ovkh3lhc22105mn","cargo_no_time","Analista de BI","2023"
"8ovk6hf46ukut13s8ovkh3lhc22105mn","cargo_no_time","Data Product Manager","2023"
"l3d69i3ci51piw9l3d69ilkt8t9wy1wn","cargo_no_time","Analytics Engineer","2023"
"l3d69i3ci51piw9l3d69ilkt8t9wy1wn","cargo_no_time","Engenharia de Dados","2023"
"l3d69i3ci51piw9l3d69ilkt8t9wy1wn","cargo_no_time","Analista de Dados","2023"
"l3d69i3ci51piw9l3d69ilkt8t9wy1wn","cargo_no_time","Cientista de Dados","2023"
"l3d69i3ci51piw9l3d69ilkt8t9wy1wn","cargo_no_time","Data Product Manager","2023"
"309d7qo29cyvmwmo2309d7qrce7l3izd","cargo_no_time","Analytics Engineer","2023"
"309d7qo29cyvmwmo2309d7qrce7l3izd","cargo_no_time","Cientista de Dados","2023"
"309d7qo29cyvmwmo2309d7qrce7l3izd","cargo_no_time","Business Analyst","2023"
"a5h9ygxrh0fj9a5h9yui4akuxxlamis5","cargo_no_time","Analytics Engineer","2023"
"a5h9ygxrh0fj9a5h9yui4akuxxlamis5","cargo_no_time","Engenharia de Dados","2023"
"a5h9ygxrh0fj9a5h9yui4akuxxlamis5","cargo_no_time","Analista de Dados","2023"
"a5h9ygxrh0fj9a5h9yui4akuxxlamis5","cargo_no_time","Cientista de Dados","2023"
"a5h9ygxrh0fj9a5h9yui4akuxxlamis5","cargo_no_time","DBA","2023"
"a5h9ygxrh0fj9a5h9yui4akuxxlamis5","cargo_no_time","Analista de BI","2023"
"a5h9ygxrh0fj9a5h9yui4akuxxlamis5","cargo_no_time","Arquiteto de Dados","2023"
"a5h9ygxrh0fj9a5h9yui4akuxxlamis5","cargo_no_time","Data Product Manager","2023"
"a5h9ygxrh0fj9a5h9yui4akuxxlamis5","cargo_no_time","Business Analyst","2023"
"0uu3nbepriafwglatf0uu3nacwlxd4cq","cargo_no_time","Analytics Engineer","2023"
"0uu3nbepriafwglatf0uu3nacwlxd4cq","cargo_no_time","Engenharia de Dados","2023"
"0uu3nbepriafwglatf0uu3nacwlxd4cq","cargo_no_time","Analista de Dados","2023"
"0uu3nbepriafwglatf0uu3nacwlxd4cq","cargo_no_time","Cientista de Dados","2023"
"0uu3nbepriafwglatf0uu3nacwlxd4cq","cargo_no_time","Analista de BI","2023"
"0uu3nbepriafwglatf0uu3nacwlxd4cq","cargo_no_time","Arquiteto de Dados","2023"
"0uu3nbepriafwglatf0uu3nacwlxd4cq","cargo_no_time","Business Analyst","2023"
"xfwtat4esjwq0r2rkdxfwtats826aevd","cargo_no_time","Engenharia de Dados","2023"
"xfwtat4esjwq0r2rkdxfwtats826aevd","cargo_no_time","Analista de Dados","2023"
"xfwtat4esjwq0r2rkdxfwtats826aevd","cargo_no_time","Cientista de Dados","2023"
"xfwtat4esjwq0r2rkdxfwtats826aevd","cargo_no_time","Data Product Manager","2023"
"pl1ffvfvvjh8u7ux9mbpp6pl19w5myhn","cargo_no_time","Analista de Dados","2023"
"pl1ffvfvvjh8u7ux9mbpp6pl19w5myhn","cargo_no_time","DBA","2023"
"pl1ffvfvvjh8u7ux9mbpp6pl19w5myhn","cargo_no_time","Business Analyst","2023"
"yow4qu6arcaljwuzjhyow4qdphrnr8yu","cargo_no_time","Analista de BI","2023"
"lt4q49puo0zebxolt4q49czfi0xykpjb","cargo_no_time","Analista de Dados","2023"
"lt4q49puo0zebxolt4q49czfi0xykpjb","cargo_no_time","Analista de BI","2023"
"9pilz5qzvjoc0m9pilz5re3a8o4n00st","cargo_no_time","Analista de Dados","2023"
"9pilz5qzvjoc0m9pilz5re3a8o4n00st","cargo_no_time","Analista de BI","2023"
"9pilz5qzvjoc0m9pilz5re3a8o4n00st","cargo_no_time","Business Analyst","2023"
"lluvy2ejjg6llu9kdt9pj3d3ovcgcwpf","cargo_no_time","Analytics Engineer","2023"
"lluvy2ejjg6llu9kdt9pj3d3ovcgcwpf","cargo_no_time","Engenharia de Dados","2023"
"lluvy2ejjg6llu9kdt9pj3d3ovcgcwpf","cargo_no_time","Analista de Dados","2023"
"lluvy2ejjg6llu9kdt9pj3d3ovcgcwpf","cargo_no_time","Cientista de Dados","2023"
"lluvy2ejjg6llu9kdt9pj3d3ovcgcwpf","cargo_no_time","Analista de BI","2023"
"xmd48cdjjl72gwjxmd4v6fi1r3w8nue1","cargo_no_time","Analytics Engineer","2023"
"xmd48cdjjl72gwjxmd4v6fi1r3w8nue1","cargo_no_time","Engenharia de Dados","2023"
"xmd48cdjjl72gwjxmd4v6fi1r3w8nue1","cargo_no_time","Analista de Dados","2023"
"xmd48cdjjl72gwjxmd4v6fi1r3w8nue1","cargo_no_time","Cientista de Dados","2023"
"xmd48cdjjl72gwjxmd4v6fi1r3w8nue1","cargo_no_time","Data Product Manager","2023"
"8efk9f88c5j12pe8efkj2g1k6ybw05we","cargo_no_time","Engenharia de Dados","2023"
"8efk9f88c5j12pe8efkj2g1k6ybw05we","cargo_no_time","Cientista de Dados","2023"
"kv19cta5nn6k2ajzxkv1vd09f3i0wen6","cargo_no_time","Engenharia de Dados","2024"
"c1x7k9iqgtsj1lqnrnzefc1x7cqxy05m","cargo_no_time","Analista de Dados","2023"
"kv19cta5nn6k2ajzxkv1vd09f3i0wen6","cargo_no_time","Analista de Dados","2024"
"log1usta8llzfjdfiv4wtlog1usutlvp","cargo_no_time","Analista de BI","2024"
"azntvds049cvqnsfognjazntvapab4sh","cargo_no_time","Analytics Engineer","2024"
"azntvds049cvqnsfognjazntvapab4sh","cargo_no_time","Engenharia de Dados","2024"
"azntvds049cvqnsfognjazntvapab4sh","cargo_no_time","Business Analyst","2024"
"azntvds049cvqnsfognjazntvapab4sh","cargo_no_time","ML/AI Engineer","2024"
"l7phmaoxxe7efe6pl7phmaod5mv3q1vl","cargo_no_time","Analista de Dados","2024"
"l7phmaoxxe7efe6pl7phmaod5mv3q1vl","cargo_no_time","Business Analyst","2024"
"yt73yak9ej89i67q5yt73yadcq9zgb8s","cargo_no_time","Engenharia de Dados","2024"
"yt73yak9ej89i67q5yt73yadcq9zgb8s","cargo_no_time","Analista de Dados","2024"
"yt73yak9ej89i67q5yt73yadcq9zgb8s","cargo_no_time","Cientista de Dados","2024"
"yt73yak9ej89i67q5yt73yadcq9zgb8s","cargo_no_time","DBA","2024"
"yt73yak9ej89i67q5yt73yadcq9zgb8s","cargo_no_time","Arquiteto de Dados","2024"
"yt73yak9ej89i67q5yt73yadcq9zgb8s","cargo_no_time","Business Analyst","2024"
"c1x7k9iqgtsj1lqnrnzefc1x7cqxy05m","cargo_no_time","Analista de BI","2023"
"c1x7k9iqgtsj1lqnrnzefc1x7cqxy05m","cargo_no_time","Business Analyst","2023"
"yt73yak9ej89i67q5yt73yadcq9zgb8s","cargo_no_time","ML/AI Engineer","2024"
"z4339tgcnhucawc2t3k93gcrz4339tgc","cargo_no_time","Analytics Engineer","2024"
"z4339tgcnhucawc2t3k93gcrz4339tgc","cargo_no_time","Engenharia de Dados","2024"
"z4339tgcnhucawc2t3k93gcrz4339tgc","cargo_no_time","Analista de BI","2024"
"dho1iqmnhqa2nbdho1i7imkp0iqjv5uv","cargo_no_time","Analytics Engineer","2024"
"dho1iqmnhqa2nbdho1i7imkp0iqjv5uv","cargo_no_time","Engenharia de Dados","2024"
"dho1iqmnhqa2nbdho1i7imkp0iqjv5uv","cargo_no_time","Analista de Dados","2024"
"dho1iqmnhqa2nbdho1i7imkp0iqjv5uv","cargo_no_time","Cientista de Dados","2024"
"dho1iqmnhqa2nbdho1i7imkp0iqjv5uv","cargo_no_time","DBA","2024"
"dho1iqmnhqa2nbdho1i7imkp0iqjv5uv","cargo_no_time","Analista de BI","2024"
"dho1iqmnhqa2nbdho1i7imkp0iqjv5uv","cargo_no_time","Arquiteto de Dados","2024"
"dho1iqmnhqa2nbdho1i7imkp0iqjv5uv","cargo_no_time","Data Product Manager","2024"
"dho1iqmnhqa2nbdho1i7imkp0iqjv5uv","cargo_no_time","Business Analyst","2024"
"dho1iqmnhqa2nbdho1i7imkp0iqjv5uv","cargo_no_time","ML/AI Engineer","2024"
"jxqmwc0m15u1b6f7tjxqmwm6c896hg56","cargo_no_time","Analista de BI","2024"
"m4gy27j0x30m9xdbm4gy27bmk6pepwh7","cargo_no_time","Analytics Engineer","2024"
"3aac64r2v7oo9vs093aac6uq25hppydw","cargo_no_time","Engenharia de Dados","2023"
"3aac64r2v7oo9vs093aac6uq25hppydw","cargo_no_time","Analista de Dados","2023"
"3aac64r2v7oo9vs093aac6uq25hppydw","cargo_no_time","Cientista de Dados","2023"
"3aac64r2v7oo9vs093aac6uq25hppydw","cargo_no_time","Arquiteto de Dados","2023"
"m4gy27j0x30m9xdbm4gy27bmk6pepwh7","cargo_no_time","Engenharia de Dados","2024"
"m4gy27j0x30m9xdbm4gy27bmk6pepwh7","cargo_no_time","Analista de Dados","2024"
"m4gy27j0x30m9xdbm4gy27bmk6pepwh7","cargo_no_time","Cientista de Dados","2024"
"m4gy27j0x30m9xdbm4gy27bmk6pepwh7","cargo_no_time","ML/AI Engineer","2024"
"wqtc95b88qqg67pgduddrdwqtc60swv2","cargo_no_time","Analytics Engineer","2024"
"wqtc95b88qqg67pgduddrdwqtc60swv2","cargo_no_time","Engenharia de Dados","2024"
"wqtc95b88qqg67pgduddrdwqtc60swv2","cargo_no_time","ML/AI Engineer","2024"
"j8zndbiaxj81baeurgxl1fj8zndbiov9","cargo_no_time","Engenharia de Dados","2024"
"j8zndbiaxj81baeurgxl1fj8zndbiov9","cargo_no_time","Analista de Dados","2024"
"j8zndbiaxj81baeurgxl1fj8zndbiov9","cargo_no_time","Cientista de Dados","2024"
"j8zndbiaxj81baeurgxl1fj8zndbiov9","cargo_no_time","Analista de BI","2024"
"j8zndbiaxj81baeurgxl1fj8zndbiov9","cargo_no_time","Data Product Manager","2024"
"j8zndbiaxj81baeurgxl1fj8zndbiov9","cargo_no_time","Business Analyst","2024"
"j8zndbiaxj81baeurgxl1fj8zndbiov9","cargo_no_time","ML/AI Engineer","2024"
"98rlmiw4u4ofmah5nqj98rlope3k0hc0","cargo_no_time","Engenharia de Dados","2024"
"98rlmiw4u4ofmah5nqj98rlope3k0hc0","cargo_no_time","Cientista de Dados","2024"
"98rlmiw4u4ofmah5nqj98rlope3k0hc0","cargo_no_time","Analista de BI","2024"
"fe459omsc0lj1by7n5fe459om1xyiotk","cargo_no_time","Engenharia de Dados","2024"
"fe459omsc0lj1by7n5fe459om1xyiotk","cargo_no_time","Analista de Dados","2024"
"bikfz7ek345zvzmvsf7l01hbxbikfz7e","cargo_no_time","Analytics Engineer","2024"
"bikfz7ek345zvzmvsf7l01hbxbikfz7e","cargo_no_time","Engenharia de Dados","2024"
"bikfz7ek345zvzmvsf7l01hbxbikfz7e","cargo_no_time","Cientista de Dados","2024"
"bikfz7ek345zvzmvsf7l01hbxbikfz7e","cargo_no_time","Arquiteto de Dados","2024"
"bikfz7ek345zvzmvsf7l01hbxbikfz7e","cargo_no_time","Data Product Manager","2024"
"bikfz7ek345zvzmvsf7l01hbxbikfz7e","cargo_no_time","ML/AI Engineer","2024"
"9zq3qsyqgev97etb8rfw9zq3qsyqf1qc","cargo_no_time","Analytics Engineer","2024"
"9zq3qsyqgev97etb8rfw9zq3qsyqf1qc","cargo_no_time","Engenharia de Dados","2024"
"9zq3qsyqgev97etb8rfw9zq3qsyqf1qc","cargo_no_time","Analista de Dados","2024"
"9zq3qsyqgev97etb8rfw9zq3qsyqf1qc","cargo_no_time","Cientista de Dados","2024"
"9zq3qsyqgev97etb8rfw9zq3qsyqf1qc","cargo_no_time","Arquiteto de Dados","2024"
"9zq3qsyqgev97etb8rfw9zq3qsyqf1qc","cargo_no_time","Data Product Manager","2024"
"9zq3qsyqgev97etb8rfw9zq3qsyqf1qc","cargo_no_time","Business Analyst","2024"
"9zq3qsyqgev97etb8rfw9zq3qsyqf1qc","cargo_no_time","ML/AI Engineer","2024"
"bfjhob0c15bwjrfsmbwbfjhobfnuleun","cargo_no_time","Analista de Dados","2024"
"bfjhob0c15bwjrfsmbwbfjhobfnuleun","cargo_no_time","Analista de BI","2024"
"bfjhob0c15bwjrfsmbwbfjhobfnuleun","cargo_no_time","Business Analyst","2024"
"ipnyekqrto6fvipnyekp0uqyc5yjy9pe","cargo_no_time","Analista de Dados","2024"
"ipnyekqrto6fvipnyekp0uqyc5yjy9pe","cargo_no_time","Analista de BI","2024"
"ipnyekqrto6fvipnyekp0uqyc5yjy9pe","cargo_no_time","Arquiteto de Dados","2024"
"ipnyekqrto6fvipnyekp0uqyc5yjy9pe","cargo_no_time","Business Analyst","2024"
"e58g3ccg5307gjaeiyn0e58g3ck7gbzl","cargo_no_time","Analista de Dados","2024"
"e58g3ccg5307gjaeiyn0e58g3ck7gbzl","cargo_no_time","Analista de BI","2024"
"e58g3ccg5307gjaeiyn0e58g3ck7gbzl","cargo_no_time","Arquiteto de Dados","2024"
"2vuxsn4iusit2vuxvyb1rc2k8nwntos4","cargo_no_time","Analytics Engineer","2024"
"2vuxsn4iusit2vuxvyb1rc2k8nwntos4","cargo_no_time","Engenharia de Dados","2024"
"2vuxsn4iusit2vuxvyb1rc2k8nwntos4","cargo_no_time","Analista de Dados","2024"
"2vuxsn4iusit2vuxvyb1rc2k8nwntos4","cargo_no_time","Cientista de Dados","2024"
"2vuxsn4iusit2vuxvyb1rc2k8nwntos4","cargo_no_time","Analista de BI","2024"
"2vuxsn4iusit2vuxvyb1rc2k8nwntos4","cargo_no_time","Arquiteto de Dados","2024"
"2vuxsn4iusit2vuxvyb1rc2k8nwntos4","cargo_no_time","Business Analyst","2024"
"2vuxsn4iusit2vuxvyb1rc2k8nwntos4","cargo_no_time","ML/AI Engineer","2024"
"mwpi65ds3b5jonfqle26mwpi62gtkk8r","cargo_no_time","Analytics Engineer","2024"
"mwpi65ds3b5jonfqle26mwpi62gtkk8r","cargo_no_time","Engenharia de Dados","2024"
"mwpi65ds3b5jonfqle26mwpi62gtkk8r","cargo_no_time","Analista de Dados","2024"
"mwpi65ds3b5jonfqle26mwpi62gtkk8r","cargo_no_time","Cientista de Dados","2024"
"mwpi65ds3b5jonfqle26mwpi62gtkk8r","cargo_no_time","DBA","2024"
"mwpi65ds3b5jonfqle26mwpi62gtkk8r","cargo_no_time","Analista de BI","2024"
"mwpi65ds3b5jonfqle26mwpi62gtkk8r","cargo_no_time","Arquiteto de Dados","2024"
"mwpi65ds3b5jonfqle26mwpi62gtkk8r","cargo_no_time","Business Analyst","2024"
"mwpi65ds3b5jonfqle26mwpi62gtkk8r","cargo_no_time","ML/AI Engineer","2024"
"fi653zki3ry4ep4jyezfi653ol728an0","cargo_no_time","Engenharia de Dados","2024"
"fi653zki3ry4ep4jyezfi653ol728an0","cargo_no_time","Cientista de Dados","2024"
"fi653zki3ry4ep4jyezfi653ol728an0","cargo_no_time","Analista de BI","2024"
"fi653zki3ry4ep4jyezfi653ol728an0","cargo_no_time","ML/AI Engineer","2024"
"32mgsiv58csj31j0kcq4aq6kuyo1srh1","cargo_no_time","Engenharia de Dados","2024"
"32mgsiv58csj31j0kcq4aq6kuyo1srh1","cargo_no_time","Cientista de Dados","2024"
"axe4olvi6lquac0laxe4d4psw9ru0wkk","cargo_no_time","Engenharia de Dados","2024"
"smdxyyxuvzlpd62qcvjpismdxyh85mzz","cargo_no_time","Engenharia de Dados","2024"
"smdxyyxuvzlpd62qcvjpismdxyh85mzz","cargo_no_time","Analista de Dados","2024"
"smdxyyxuvzlpd62qcvjpismdxyh85mzz","cargo_no_time","Cientista de Dados","2024"
"smdxyyxuvzlpd62qcvjpismdxyh85mzz","cargo_no_time","Arquiteto de Dados","2024"
"smdxyyxuvzlpd62qcvjpismdxyh85mzz","cargo_no_time","Data Product Manager","2024"
"smdxyyxuvzlpd62qcvjpismdxyh85mzz","cargo_no_time","ML/AI Engineer","2024"
"1uglebtn7ptrdi1ugvtf5ckr80m46g0s","cargo_no_time","Analista de Dados","2024"
"ehd6m5xo69lflnv8wgbycnuehd6m5fci","cargo_no_time","Engenharia de Dados","2024"
"ehd6m5xo69lflnv8wgbycnuehd6m5fci","cargo_no_time","Analista de BI","2024"
"ehd6m5xo69lflnv8wgbycnuehd6m5fci","cargo_no_time","Arquiteto de Dados","2024"
"izstjvfx52jt57mafizstjvrmyjau887","cargo_no_time","Engenharia de Dados","2024"
"izstjvfx52jt57mafizstjvrmyjau887","cargo_no_time","Analista de Dados","2024"
"izstjvfx52jt57mafizstjvrmyjau887","cargo_no_time","Cientista de Dados","2024"
"izstjvfx52jt57mafizstjvrmyjau887","cargo_no_time","Analista de BI","2024"
"izstjvfx52jt57mafizstjvrmyjau887","cargo_no_time","Arquiteto de Dados","2024"
"izstjvfx52jt57mafizstjvrmyjau887","cargo_no_time","ML/AI Engineer","2024"
"f0oh5wiy82wshx0z6f0oh5i0qxtzphlv","cargo_no_time","Engenharia de Dados","2024"
"f0oh5wiy82wshx0z6f0oh5i0qxtzphlv","cargo_no_time","Analista de Dados","2024"
"f0oh5wiy82wshx0z6f0oh5i0qxtzphlv","cargo_no_time","Cientista de Dados","2024"
"f0oh5wiy82wshx0z6f0oh5i0qxtzphlv","cargo_no_time","DBA","2024"
"f0oh5wiy82wshx0z6f0oh5i0qxtzphlv","cargo_no_time","Analista de BI","2024"
"f0oh5wiy82wshx0z6f0oh5i0qxtzphlv","cargo_no_time","Business Analyst","2024"
"ozr27kb5ot0rmszgozrjtyq1vsbxnpn5","cargo_no_time","Engenharia de Dados","2024"
"ozr27kb5ot0rmszgozrjtyq1vsbxnpn5","cargo_no_time","Analista de Dados","2024"
"ozr27kb5ot0rmszgozrjtyq1vsbxnpn5","cargo_no_time","Cientista de Dados","2024"
"ozr27kb5ot0rmszgozrjtyq1vsbxnpn5","cargo_no_time","Analista de BI","2024"
"ozr27kb5ot0rmszgozrjtyq1vsbxnpn5","cargo_no_time","ML/AI Engineer","2024"
"kumy5j06yi0nd2i18qtwkumyyihh2drg","cargo_no_time","Analista de BI","2024"
"kumy5j06yi0nd2i18qtwkumyyihh2drg","cargo_no_time","Business Analyst","2024"
"3aac64r2v7oo9vs093aac6uq25hppydw","cargo_no_time","Data Product Manager","2023"
"6e4v484x6355lo3jmy89no6e4v4847md","cargo_no_time","Engenharia de Dados","2023"
"6e4v484x6355lo3jmy89no6e4v4847md","cargo_no_time","Cientista de Dados","2023"
"6e4v484x6355lo3jmy89no6e4v4847md","cargo_no_time","DBA","2023"
"wjhx0e3snzmpl1y05reikwjhx0e3jiow","cargo_no_time","Analytics Engineer","2023"
"wjhx0e3snzmpl1y05reikwjhx0e3jiow","cargo_no_time","Engenharia de Dados","2023"
"wjhx0e3snzmpl1y05reikwjhx0e3jiow","cargo_no_time","Cientista de Dados","2023"
"wjhx0e3snzmpl1y05reikwjhx0e3jiow","cargo_no_time","DBA","2023"
"ft1zqzigcoh7nwhkft1zqzi8tt6rfslu","cargo_no_time","Analytics Engineer","2024"
"ft1zqzigcoh7nwhkft1zqzi8tt6rfslu","cargo_no_time","Analista de Dados","2024"
"ft1zqzigcoh7nwhkft1zqzi8tt6rfslu","cargo_no_time","Business Analyst","2024"
"df85mandvgu5wrnzz8hpukdf85rx14lb","cargo_no_time","Engenharia de Dados","2024"
"df85mandvgu5wrnzz8hpukdf85rx14lb","cargo_no_time","Cientista de Dados","2024"
"df85mandvgu5wrnzz8hpukdf85rx14lb","cargo_no_time","Arquiteto de Dados","2024"
"5f10gh67ckulpx601g5f10ghgsv8ako4","cargo_no_time","Analytics Engineer","2024"
"5f10gh67ckulpx601g5f10ghgsv8ako4","cargo_no_time","Engenharia de Dados","2024"
"5f10gh67ckulpx601g5f10ghgsv8ako4","cargo_no_time","Analista de Dados","2024"
"5f10gh67ckulpx601g5f10ghgsv8ako4","cargo_no_time","Cientista de Dados","2024"
"5f10gh67ckulpx601g5f10ghgsv8ako4","cargo_no_time","Analista de BI","2024"
"5f10gh67ckulpx601g5f10ghgsv8ako4","cargo_no_time","Arquiteto de Dados","2024"
"5f10gh67ckulpx601g5f10ghgsv8ako4","cargo_no_time","ML/AI Engineer","2024"
"lik9y9bwzi14141enrqlik9y9git6e1e","cargo_no_time","Cientista de Dados","2024"
"lik9y9bwzi14141enrqlik9y9git6e1e","cargo_no_time","ML/AI Engineer","2024"
"agf24ei4ttxvx1v7slnagf24409ei3il","cargo_no_time","Analytics Engineer","2024"
"agf24ei4ttxvx1v7slnagf24409ei3il","cargo_no_time","Engenharia de Dados","2024"
"agf24ei4ttxvx1v7slnagf24409ei3il","cargo_no_time","Analista de Dados","2024"
"agf24ei4ttxvx1v7slnagf24409ei3il","cargo_no_time","Cientista de Dados","2024"
"agf24ei4ttxvx1v7slnagf24409ei3il","cargo_no_time","Arquiteto de Dados","2024"
"agf24ei4ttxvx1v7slnagf24409ei3il","cargo_no_time","Data Product Manager","2024"
"agf24ei4ttxvx1v7slnagf24409ei3il","cargo_no_time","ML/AI Engineer","2024"
"fjmo4hibh3cfjmx9o8zfo27vr745lz80","cargo_no_time","Analytics Engineer","2024"
"fjmo4hibh3cfjmx9o8zfo27vr745lz80","cargo_no_time","Engenharia de Dados","2024"
"fjmo4hibh3cfjmx9o8zfo27vr745lz80","cargo_no_time","Analista de Dados","2024"
"fjmo4hibh3cfjmx9o8zfo27vr745lz80","cargo_no_time","Cientista de Dados","2024"
"fjmo4hibh3cfjmx9o8zfo27vr745lz80","cargo_no_time","Analista de BI","2024"
"fjmo4hibh3cfjmx9o8zfo27vr745lz80","cargo_no_time","Business Analyst","2024"
"3zp50pycty9ipxo3zp50rgz6czpbyhpl","cargo_no_time","Analytics Engineer","2024"
"3zp50pycty9ipxo3zp50rgz6czpbyhpl","cargo_no_time","Analista de Dados","2024"
"3zp50pycty9ipxo3zp50rgz6czpbyhpl","cargo_no_time","Cientista de Dados","2024"
"3zp50pycty9ipxo3zp50rgz6czpbyhpl","cargo_no_time","DBA","2024"
"3zp50pycty9ipxo3zp50rgz6czpbyhpl","cargo_no_time","Analista de BI","2024"
"3zp50pycty9ipxo3zp50rgz6czpbyhpl","cargo_no_time","Arquiteto de Dados","2024"
"3zp50pycty9ipxo3zp50rgz6czpbyhpl","cargo_no_time","Data Product Manager","2024"
"3zp50pycty9ipxo3zp50rgz6czpbyhpl","cargo_no_time","Business Analyst","2024"
"vkj3f66d0mudv8joqsdnvkj3f62krcgl","cargo_no_time","Analytics Engineer","2024"
"vkj3f66d0mudv8joqsdnvkj3f62krcgl","cargo_no_time","Engenharia de Dados","2024"
"vkj3f66d0mudv8joqsdnvkj3f62krcgl","cargo_no_time","Analista de Dados","2024"
"vkj3f66d0mudv8joqsdnvkj3f62krcgl","cargo_no_time","Cientista de Dados","2024"
"omol0xu2zm52q18meomol3gnqzdj6e4h","cargo_no_time","Analytics Engineer","2024"
"omol0xu2zm52q18meomol3gnqzdj6e4h","cargo_no_time","Engenharia de Dados","2024"
"omol0xu2zm52q18meomol3gnqzdj6e4h","cargo_no_time","Analista de Dados","2024"
"omol0xu2zm52q18meomol3gnqzdj6e4h","cargo_no_time","DBA","2024"
"omol0xu2zm52q18meomol3gnqzdj6e4h","cargo_no_time","Arquiteto de Dados","2024"
"omol0xu2zm52q18meomol3gnqzdj6e4h","cargo_no_time","Business Analyst","2024"
"xzpzkxkddldyueu94hdgqfxzpzkcubgu","cargo_no_time","Engenharia de Dados","2024"
"xzpzkxkddldyueu94hdgqfxzpzkcubgu","cargo_no_time","Analista de Dados","2024"
"xzpzkxkddldyueu94hdgqfxzpzkcubgu","cargo_no_time","Cientista de Dados","2024"
"lu8arun9lnf5akshkflu8ari8w6mnncx","cargo_no_time","Analytics Engineer","2024"
"lu8arun9lnf5akshkflu8ari8w6mnncx","cargo_no_time","Engenharia de Dados","2024"
"lu8arun9lnf5akshkflu8ari8w6mnncx","cargo_no_time","Arquiteto de Dados","2024"
"lu8arun9lnf5akshkflu8ari8w6mnncx","cargo_no_time","Business Analyst","2024"
"t26e34enkrufg8u6axt26e35adgmy6gj","cargo_no_time","DBA","2024"
"4kgmithxvff8xprpio4kgm59b2pp9ysw","cargo_no_time","Engenharia de Dados","2024"
"4kgmithxvff8xprpio4kgm59b2pp9ysw","cargo_no_time","Analista de Dados","2024"
"4kgmithxvff8xprpio4kgm59b2pp9ysw","cargo_no_time","Cientista de Dados","2024"
"4kgmithxvff8xprpio4kgm59b2pp9ysw","cargo_no_time","DBA","2024"
"4kgmithxvff8xprpio4kgm59b2pp9ysw","cargo_no_time","Analista de BI","2024"
"4kgmithxvff8xprpio4kgm59b2pp9ysw","cargo_no_time","Data Product Manager","2024"
"4kgmithxvff8xprpio4kgm59b2pp9ysw","cargo_no_time","Business Analyst","2024"
"jlqim56c8qp58tk6jlqim57s5reg7obx","cargo_no_time","Data Product Manager","2024"
"jlqim56c8qp58tk6jlqim57s5reg7obx","cargo_no_time","Business Analyst","2024"
"8865gle4qjec5886d3txmigxxf8ixfmm","cargo_no_time","Engenharia de Dados","2024"
"8865gle4qjec5886d3txmigxxf8ixfmm","cargo_no_time","Analista de Dados","2024"
"8865gle4qjec5886d3txmigxxf8ixfmm","cargo_no_time","Analista de BI","2024"
"wjhx0e3snzmpl1y05reikwjhx0e3jiow","cargo_no_time","Arquiteto de Dados","2023"
"88qxug2tdqigt811a88qh876mrt922d3","cargo_no_time","Engenharia de Dados","2023"
"88qxug2tdqigt811a88qh876mrt922d3","cargo_no_time","Analista de Dados","2023"
"88qxug2tdqigt811a88qh876mrt922d3","cargo_no_time","Cientista de Dados","2023"
"u45gdk99fxkp8gitu354u45gdv89u3ur","cargo_no_time","Analytics Engineer","2023"
"u45gdk99fxkp8gitu354u45gdv89u3ur","cargo_no_time","Engenharia de Dados","2023"
"u45gdk99fxkp8gitu354u45gdv89u3ur","cargo_no_time","Analista de Dados","2023"
"u45gdk99fxkp8gitu354u45gdv89u3ur","cargo_no_time","Cientista de Dados","2023"
"u45gdk99fxkp8gitu354u45gdv89u3ur","cargo_no_time","Analista de BI","2023"
"u45gdk99fxkp8gitu354u45gdv89u3ur","cargo_no_time","Arquiteto de Dados","2023"
"u45gdk99fxkp8gitu354u45gdv89u3ur","cargo_no_time","Data Product Manager","2023"
"u45gdk99fxkp8gitu354u45gdv89u3ur","cargo_no_time","Business Analyst","2023"
"k7m0bn9tq90m50nz39nk7m0bnskacr95","cargo_no_time","Engenharia de Dados","2023"
"k7m0bn9tq90m50nz39nk7m0bnskacr95","cargo_no_time","Analista de Dados","2023"
"k7m0bn9tq90m50nz39nk7m0bnskacr95","cargo_no_time","Cientista de Dados","2023"
"k7m0bn9tq90m50nz39nk7m0bnskacr95","cargo_no_time","Arquiteto de Dados","2023"
"wjurmktcclkqnrqzewjurft5n6nur3rd","cargo_no_time","Cientista de Dados","2023"
"wjurmktcclkqnrqzewjurft5n6nur3rd","cargo_no_time","Analista de BI","2023"
"sxqktrxq88wd9k1v8vy9sxqktrkcoq7j","cargo_no_time","Analista de Dados","2023"
"whuvdtl50atrttimwwhuo8w16l65x0qj","cargo_no_time","Analytics Engineer","2023"
"whuvdtl50atrttimwwhuo8w16l65x0qj","cargo_no_time","Engenharia de Dados","2023"
"whuvdtl50atrttimwwhuo8w16l65x0qj","cargo_no_time","Cientista de Dados","2023"
"whuvdtl50atrttimwwhuo8w16l65x0qj","cargo_no_time","Data Product Manager","2023"
"ysfim6aebfzhqysu9ghpaos6h1mljn67","cargo_no_time","Analista de Dados","2023"
"1opopzw3qk4cs221opopzykxayt5rybh","cargo_no_time","Analytics Engineer","2023"
"1opopzw3qk4cs221opopzykxayt5rybh","cargo_no_time","Engenharia de Dados","2023"
"1opopzw3qk4cs221opopzykxayt5rybh","cargo_no_time","Cientista de Dados","2023"
"1opopzw3qk4cs221opopzykxayt5rybh","cargo_no_time","Arquiteto de Dados","2023"
"cv040rg3ccvwcz0sj6z8tlmymrorwcz0","cargo_no_time","Analista de Dados","2023"
"cv040rg3ccvwcz0sj6z8tlmymrorwcz0","cargo_no_time","DBA","2023"
"cv040rg3ccvwcz0sj6z8tlmymrorwcz0","cargo_no_time","Business Analyst","2023"
"nnt1gs8ruc106ilj147nnt183tm3rrks","cargo_no_time","Analista de Dados","2023"
"nnt1gs8ruc106ilj147nnt183tm3rrks","cargo_no_time","Analista de BI","2023"
"1ykx15p0swb0zq4lfpydw1ykx192ats1","cargo_no_time","Analytics Engineer","2023"
"1ykx15p0swb0zq4lfpydw1ykx192ats1","cargo_no_time","Engenharia de Dados","2023"
"1ykx15p0swb0zq4lfpydw1ykx192ats1","cargo_no_time","Analista de Dados","2023"
"1ykx15p0swb0zq4lfpydw1ykx192ats1","cargo_no_time","Cientista de Dados","2023"
"wc4qelz884q9f9mpuawc4qel2z2w79kq","cargo_no_time","Analytics Engineer","2023"
"wc4qelz884q9f9mpuawc4qel2z2w79kq","cargo_no_time","Engenharia de Dados","2023"
"wc4qelz884q9f9mpuawc4qel2z2w79kq","cargo_no_time","Cientista de Dados","2023"
"wc4qelz884q9f9mpuawc4qel2z2w79kq","cargo_no_time","Analista de BI","2023"
"wc4qelz884q9f9mpuawc4qel2z2w79kq","cargo_no_time","Arquiteto de Dados","2023"
"240kcckfjhgnbqu24044btdw9aitjqhz","cargo_no_time","DBA","2023"
"240kcckfjhgnbqu24044btdw9aitjqhz","cargo_no_time","Analista de BI","2023"
"kyn273wx81kbbyssvhokyn273wxjrv7k","cargo_no_time","Analytics Engineer","2023"
"kyn273wx81kbbyssvhokyn273wxjrv7k","cargo_no_time","Engenharia de Dados","2023"
"kyn273wx81kbbyssvhokyn273wxjrv7k","cargo_no_time","Analista de Dados","2023"
"kyn273wx81kbbyssvhokyn273wxjrv7k","cargo_no_time","Cientista de Dados","2023"
"kyn273wx81kbbyssvhokyn273wxjrv7k","cargo_no_time","DBA","2023"
"kyn273wx81kbbyssvhokyn273wxjrv7k","cargo_no_time","Analista de BI","2023"
"kyn273wx81kbbyssvhokyn273wxjrv7k","cargo_no_time","Arquiteto de Dados","2023"
"kyn273wx81kbbyssvhokyn273wxjrv7k","cargo_no_time","Data Product Manager","2023"
"kyn273wx81kbbyssvhokyn273wxjrv7k","cargo_no_time","Business Analyst","2023"
"xzniilu4p280xzniih3lidnekxdsaygx","cargo_no_time","Analytics Engineer","2023"
"xzniilu4p280xzniih3lidnekxdsaygx","cargo_no_time","Engenharia de Dados","2023"
"xzniilu4p280xzniih3lidnekxdsaygx","cargo_no_time","Analista de Dados","2023"
"xzniilu4p280xzniih3lidnekxdsaygx","cargo_no_time","Cientista de Dados","2023"
"xzniilu4p280xzniih3lidnekxdsaygx","cargo_no_time","DBA","2023"
"xzniilu4p280xzniih3lidnekxdsaygx","cargo_no_time","Analista de BI","2023"
"xzniilu4p280xzniih3lidnekxdsaygx","cargo_no_time","Business Analyst","2023"
"bq9e9gn2wfu1wlenbq95leudvvnhzvrt","cargo_no_time","Analytics Engineer","2023"
"bq9e9gn2wfu1wlenbq95leudvvnhzvrt","cargo_no_time","Cientista de Dados","2023"
"bq9e9gn2wfu1wlenbq95leudvvnhzvrt","cargo_no_time","Business Analyst","2023"
"10aklxjm370kfjsh19k10aklxmhmdj18","cargo_no_time","Engenharia de Dados","2023"
"10aklxjm370kfjsh19k10aklxmhmdj18","cargo_no_time","Analista de Dados","2023"
"10aklxjm370kfjsh19k10aklxmhmdj18","cargo_no_time","Cientista de Dados","2023"
"10aklxjm370kfjsh19k10aklxmhmdj18","cargo_no_time","Analista de BI","2023"
"y7b88kl8kj59zy7by8rybeqz7reataw9","cargo_no_time","Engenharia de Dados","2023"
"y7b88kl8kj59zy7by8rybeqz7reataw9","cargo_no_time","Analista de Dados","2023"
"y7b88kl8kj59zy7by8rybeqz7reataw9","cargo_no_time","Cientista de Dados","2023"
"y7b88kl8kj59zy7by8rybeqz7reataw9","cargo_no_time","Business Analyst","2023"
"jx42ccd8p1txronf9kxjx42cmjpec5mu","cargo_no_time","Engenharia de Dados","2023"
"jx42ccd8p1txronf9kxjx42cmjpec5mu","cargo_no_time","Arquiteto de Dados","2023"
"4zg3jea993nj0zdcyc4zg3jeth13fqa0","cargo_no_time","Engenharia de Dados","2023"
"4zg3jea993nj0zdcyc4zg3jeth13fqa0","cargo_no_time","Cientista de Dados","2023"
"i1tzylkoqrizujdi1tzr5290n17sdhsc","cargo_no_time","Engenharia de Dados","2023"
"i1tzylkoqrizujdi1tzr5290n17sdhsc","cargo_no_time","Cientista de Dados","2023"
"i1tzylkoqrizujdi1tzr5290n17sdhsc","cargo_no_time","DBA","2023"
"i1tzylkoqrizujdi1tzr5290n17sdhsc","cargo_no_time","Analista de BI","2023"
"i1tzylkoqrizujdi1tzr5290n17sdhsc","cargo_no_time","Arquiteto de Dados","2023"
"3r0xychm6gy39cumka56j8ateqz89cum","cargo_no_time","Engenharia de Dados","2023"
"3r0xychm6gy39cumka56j8ateqz89cum","cargo_no_time","Cientista de Dados","2023"
"3r0xychm6gy39cumka56j8ateqz89cum","cargo_no_time","Analista de BI","2023"
"3r0xychm6gy39cumka56j8ateqz89cum","cargo_no_time","Data Product Manager","2023"
"rm6xczm6wbjvbqvrm6xo19ondl3vkqro","cargo_no_time","Analytics Engineer","2023"
"rm6xczm6wbjvbqvrm6xo19ondl3vkqro","cargo_no_time","Engenharia de Dados","2023"
"rm6xczm6wbjvbqvrm6xo19ondl3vkqro","cargo_no_time","Analista de Dados","2023"
"rm6xczm6wbjvbqvrm6xo19ondl3vkqro","cargo_no_time","Cientista de Dados","2023"
"rm6xczm6wbjvbqvrm6xo19ondl3vkqro","cargo_no_time","DBA","2023"
"rm6xczm6wbjvbqvrm6xo19ondl3vkqro","cargo_no_time","Analista de BI","2023"
"rm6xczm6wbjvbqvrm6xo19ondl3vkqro","cargo_no_time","Arquiteto de Dados","2023"
"rm6xczm6wbjvbqvrm6xo19ondl3vkqro","cargo_no_time","Data Product Manager","2023"
"rm6xczm6wbjvbqvrm6xo19ondl3vkqro","cargo_no_time","Business Analyst","2023"
"yvfx92vezeaeq2h74xyvfxmceuoktvhq","cargo_no_time","Analytics Engineer","2023"
"yvfx92vezeaeq2h74xyvfxmceuoktvhq","cargo_no_time","Engenharia de Dados","2023"
"yvfx92vezeaeq2h74xyvfxmceuoktvhq","cargo_no_time","Analista de Dados","2023"
"yvfx92vezeaeq2h74xyvfxmceuoktvhq","cargo_no_time","Cientista de Dados","2023"
"yvfx92vezeaeq2h74xyvfxmceuoktvhq","cargo_no_time","Analista de BI","2023"
"yvfx92vezeaeq2h74xyvfxmceuoktvhq","cargo_no_time","Data Product Manager","2023"
"yvfx92vezeaeq2h74xyvfxmceuoktvhq","cargo_no_time","Business Analyst","2023"
"2ocuaehycysdjkkxk2ocuaehyk42tbcs","cargo_no_time","Analytics Engineer","2023"
"2ocuaehycysdjkkxk2ocuaehyk42tbcs","cargo_no_time","Engenharia de Dados","2023"
"2ocuaehycysdjkkxk2ocuaehyk42tbcs","cargo_no_time","Analista de Dados","2023"
"2ocuaehycysdjkkxk2ocuaehyk42tbcs","cargo_no_time","Cientista de Dados","2023"
"2ocuaehycysdjkkxk2ocuaehyk42tbcs","cargo_no_time","Analista de BI","2023"
"2ocuaehycysdjkkxk2ocuaehyk42tbcs","cargo_no_time","Data Product Manager","2023"
"2ocuaehycysdjkkxk2ocuaehyk42tbcs","cargo_no_time","Business Analyst","2023"
"jxig6sj4vectpozqykkhjxig6sj9lzym","cargo_no_time","Engenharia de Dados","2023"
"jxig6sj4vectpozqykkhjxig6sj9lzym","cargo_no_time","Cientista de Dados","2023"
"jxig6sj4vectpozqykkhjxig6sj9lzym","cargo_no_time","Analista de BI","2023"
"jxig6sj4vectpozqykkhjxig6sj9lzym","cargo_no_time","Arquiteto de Dados","2023"
"jxig6sj4vectpozqykkhjxig6sj9lzym","cargo_no_time","Business Analyst","2023"
"t6oiy76y7tazmrout6oiy1iqor3cln6p","cargo_no_time","Analista de Dados","2023"
"812b2m7j91d3n1sz3812xvvdw856dfak","cargo_no_time","Analista de Dados","2023"
"812b2m7j91d3n1sz3812xvvdw856dfak","cargo_no_time","Analista de BI","2023"
"812b2m7j91d3n1sz3812xvvdw856dfak","cargo_no_time","Business Analyst","2023"
"243s6eg63uahz7cn9872t243s61xy4h8","cargo_no_time","Engenharia de Dados","2023"
"243s6eg63uahz7cn9872t243s61xy4h8","cargo_no_time","Analista de Dados","2023"
"243s6eg63uahz7cn9872t243s61xy4h8","cargo_no_time","Cientista de Dados","2023"
"243s6eg63uahz7cn9872t243s61xy4h8","cargo_no_time","Arquiteto de Dados","2023"
"243s6eg63uahz7cn9872t243s61xy4h8","cargo_no_time","Data Product Manager","2023"
"2iegv36ifyo92rsqtz72iegvj729y53y","cargo_no_time","Engenharia de Dados","2023"
"2iegv36ifyo92rsqtz72iegvj729y53y","cargo_no_time","Analista de Dados","2023"
"2iegv36ifyo92rsqtz72iegvj729y53y","cargo_no_time","Cientista de Dados","2023"
"2iegv36ifyo92rsqtz72iegvj729y53y","cargo_no_time","DBA","2023"
"2iegv36ifyo92rsqtz72iegvj729y53y","cargo_no_time","Analista de BI","2023"
"2iegv36ifyo92rsqtz72iegvj729y53y","cargo_no_time","Business Analyst","2023"
"yo29kxd17jgvxayo29mtkei64jfyurx5","cargo_no_time","Analytics Engineer","2023"
"yo29kxd17jgvxayo29mtkei64jfyurx5","cargo_no_time","Engenharia de Dados","2023"
"yo29kxd17jgvxayo29mtkei64jfyurx5","cargo_no_time","DBA","2023"
"yo29kxd17jgvxayo29mtkei64jfyurx5","cargo_no_time","Data Product Manager","2023"
"wtizmt1a67t20sgwtiz468axyxis3do3","cargo_no_time","Analista de Dados","2023"
"wtizmt1a67t20sgwtiz468axyxis3do3","cargo_no_time","Analista de BI","2023"
"wtizmt1a67t20sgwtiz468axyxis3do3","cargo_no_time","Business Analyst","2023"
"914lbhiyeiewldgzjgvfh914lbhiyee0","cargo_no_time","Analytics Engineer","2023"
"914lbhiyeiewldgzjgvfh914lbhiyee0","cargo_no_time","Engenharia de Dados","2023"
"914lbhiyeiewldgzjgvfh914lbhiyee0","cargo_no_time","Analista de Dados","2023"
"914lbhiyeiewldgzjgvfh914lbhiyee0","cargo_no_time","Cientista de Dados","2023"
"914lbhiyeiewldgzjgvfh914lbhiyee0","cargo_no_time","Analista de BI","2023"
"914lbhiyeiewldgzjgvfh914lbhiyee0","cargo_no_time","Arquiteto de Dados","2023"
"914lbhiyeiewldgzjgvfh914lbhiyee0","cargo_no_time","Business Analyst","2023"
"6vo4s7ezsny10tmi6vo4s994v8tmvqpn","cargo_no_time","Analytics Engineer","2025"
"6vo4s7ezsny10tmi6vo4s994v8tmvqpn","cargo_no_time","Engenharia de Dados","2025"
"6vo4s7ezsny10tmi6vo4s994v8tmvqpn","cargo_no_time","Analista de Dados","2025"
"6vo4s7ezsny10tmi6vo4s994v8tmvqpn","cargo_no_time","Cientista de Dados","2025"
"6vo4s7ezsny10tmi6vo4s994v8tmvqpn","cargo_no_time","Analista de BI","2025"
"6vo4s7ezsny10tmi6vo4s994v8tmvqpn","cargo_no_time","Arquiteto de Dados","2025"
"6vo4s7ezsny10tmi6vo4s994v8tmvqpn","cargo_no_time","ML/AI Engineer","2025"
"u4v7on7b9jeunlxdynhu4v7on7bozfo1","cargo_no_time","Engenharia de Dados","2025"
"u4v7on7b9jeunlxdynhu4v7on7bozfo1","cargo_no_time","Analista de Dados","2025"
"u4v7on7b9jeunlxdynhu4v7on7bozfo1","cargo_no_time","Analista de BI","2025"
"u4v7on7b9jeunlxdynhu4v7on7bozfo1","cargo_no_time","Arquiteto de Dados","2025"
"elz2na2b28slm7605y9elz2zex6qenf7","cargo_no_time","Analytics Engineer","2025"
"elz2na2b28slm7605y9elz2zex6qenf7","cargo_no_time","Analista de Dados","2025"
"elz2na2b28slm7605y9elz2zex6qenf7","cargo_no_time","Cientista de Dados","2025"
"kayrd5278qvnjkayn2wny349s9ybsjsn","cargo_no_time","Engenharia de Dados","2025"
"kayrd5278qvnjkayn2wny349s9ybsjsn","cargo_no_time","Arquiteto de Dados","2025"
"kayrd5278qvnjkayn2wny349s9ybsjsn","cargo_no_time","Data Product Manager","2025"
"kayrd5278qvnjkayn2wny349s9ybsjsn","cargo_no_time","ML/AI Engineer","2025"
"o4k461pabkaogdnqno4k46609hqqphb1","cargo_no_time","ML/AI Engineer","2025"
"44z61ie6io69jemn1g40h44z61ordyut","cargo_no_time","Analytics Engineer","2025"
"44z61ie6io69jemn1g40h44z61ordyut","cargo_no_time","Engenharia de Dados","2025"
"44z61ie6io69jemn1g40h44z61ordyut","cargo_no_time","Analista de Dados","2025"
"44z61ie6io69jemn1g40h44z61ordyut","cargo_no_time","Cientista de Dados","2025"
"44z61ie6io69jemn1g40h44z61ordyut","cargo_no_time","Analista de BI","2025"
"44z61ie6io69jemn1g40h44z61ordyut","cargo_no_time","Arquiteto de Dados","2025"
"44z61ie6io69jemn1g40h44z61ordyut","cargo_no_time","Business Analyst","2025"
"fmd2vnys30ypo7m72dx8461kqjo9fmd2","cargo_no_time","Cientista de Dados","2025"
"fmd2vnys30ypo7m72dx8461kqjo9fmd2","cargo_no_time","Analista de BI","2025"
"6vh2wit4z8peffmc6vhlt1w6gil51e6a","cargo_no_time","Engenharia de Dados","2025"
"6vh2wit4z8peffmc6vhlt1w6gil51e6a","cargo_no_time","Analista de BI","2025"
"pkg7lt2t28m9s3pkfky380rjw6egrxw8","cargo_no_time","Engenharia de Dados","2025"
"pkg7lt2t28m9s3pkfky380rjw6egrxw8","cargo_no_time","Analista de BI","2025"
"pkg7lt2t28m9s3pkfky380rjw6egrxw8","cargo_no_time","Arquiteto de Dados","2025"
"pkg7lt2t28m9s3pkfky380rjw6egrxw8","cargo_no_time","Data Product Manager","2025"
"pkg7lt2t28m9s3pkfky380rjw6egrxw8","cargo_no_time","Business Analyst","2025"
"n881dzl4tbuvlkbsul4zn881dvzid97p","cargo_no_time","Analytics Engineer","2025"
"n881dzl4tbuvlkbsul4zn881dvzid97p","cargo_no_time","Engenharia de Dados","2025"
"n881dzl4tbuvlkbsul4zn881dvzid97p","cargo_no_time","Analista de Dados","2025"
"n881dzl4tbuvlkbsul4zn881dvzid97p","cargo_no_time","Cientista de Dados","2025"
"n881dzl4tbuvlkbsul4zn881dvzid97p","cargo_no_time","Arquiteto de Dados","2025"
"n881dzl4tbuvlkbsul4zn881dvzid97p","cargo_no_time","ML/AI Engineer","2025"
"zn60ztijemqx6jh59kzn60ztla4og1gb","cargo_no_time","Analista de Dados","2025"
"zn60ztijemqx6jh59kzn60ztla4og1gb","cargo_no_time","Analista de BI","2025"
"zn60ztijemqx6jh59kzn60ztla4og1gb","cargo_no_time","Business Analyst","2025"
"9xm96pwbhwo5u5xwufs9xm96p6fpe4ws","cargo_no_time","Analytics Engineer","2025"
"9xm96pwbhwo5u5xwufs9xm96p6fpe4ws","cargo_no_time","Engenharia de Dados","2025"
"9xm96pwbhwo5u5xwufs9xm96p6fpe4ws","cargo_no_time","Analista de Dados","2025"
"9xm96pwbhwo5u5xwufs9xm96p6fpe4ws","cargo_no_time","Cientista de Dados","2025"
"9xm96pwbhwo5u5xwufs9xm96p6fpe4ws","cargo_no_time","DBA","2025"
"9xm96pwbhwo5u5xwufs9xm96p6fpe4ws","cargo_no_time","Analista de BI","2025"
"9xm96pwbhwo5u5xwufs9xm96p6fpe4ws","cargo_no_time","Arquiteto de Dados","2025"
"9xm96pwbhwo5u5xwufs9xm96p6fpe4ws","cargo_no_time","Business Analyst","2025"
"9xm96pwbhwo5u5xwufs9xm96p6fpe4ws","cargo_no_time","ML/AI Engineer","2025"
"9k0xxum2vh8qrpruki2h9k0xxum28iqu","cargo_no_time","Engenharia de Dados","2025"
"9k0xxum2vh8qrpruki2h9k0xxum28iqu","cargo_no_time","Analista de Dados","2025"
"9k0xxum2vh8qrpruki2h9k0xxum28iqu","cargo_no_time","Cientista de Dados","2025"
"9k0xxum2vh8qrpruki2h9k0xxum28iqu","cargo_no_time","DBA","2025"
"9k0xxum2vh8qrpruki2h9k0xxum28iqu","cargo_no_time","Analista de BI","2025"
"p1giypk1g464xhxu3d0np1giypk7c6d1","cargo_no_time","Engenharia de Dados","2025"
"p1giypk1g464xhxu3d0np1giypk7c6d1","cargo_no_time","Analista de Dados","2025"
"p1giypk1g464xhxu3d0np1giypk7c6d1","cargo_no_time","Cientista de Dados","2025"
"9vcygwez8nbs9vcy102g17hobatckue9","cargo_no_time","Engenharia de Dados","2025"
"9vcygwez8nbs9vcy102g17hobatckue9","cargo_no_time","Analista de Dados","2025"
"9vcygwez8nbs9vcy102g17hobatckue9","cargo_no_time","Cientista de Dados","2025"
"9vcygwez8nbs9vcy102g17hobatckue9","cargo_no_time","Arquiteto de Dados","2025"
"yh4sty389bik5jvrtfmyh4styfvb5bw3","cargo_no_time","Analista de Dados","2025"
"yh4sty389bik5jvrtfmyh4styfvb5bw3","cargo_no_time","Cientista de Dados","2025"
"r2kd2dpgmjogzzkr2kd2utyz6lbncpsx","cargo_no_time","Engenharia de Dados","2025"
"r2kd2dpgmjogzzkr2kd2utyz6lbncpsx","cargo_no_time","Cientista de Dados","2025"
"w9q7i6vx3h0ujxvew9q7i6vi5z91fwax","cargo_no_time","Analytics Engineer","2025"
"w9q7i6vx3h0ujxvew9q7i6vi5z91fwax","cargo_no_time","Engenharia de Dados","2025"
"w9q7i6vx3h0ujxvew9q7i6vi5z91fwax","cargo_no_time","Analista de Dados","2025"
"apeczcwvds75ba5hml4apec2pb35hflw","cargo_no_time","Analytics Engineer","2025"
"apeczcwvds75ba5hml4apec2pb35hflw","cargo_no_time","Engenharia de Dados","2025"
"apeczcwvds75ba5hml4apec2pb35hflw","cargo_no_time","Arquiteto de Dados","2025"
"apeczcwvds75ba5hml4apec2pb35hflw","cargo_no_time","Business Analyst","2025"
"dkqipqi4lb66b4jm72indkqipq57rywx","cargo_no_time","Engenharia de Dados","2025"
"dkqipqi4lb66b4jm72indkqipq57rywx","cargo_no_time","Analista de Dados","2025"
"dkqipqi4lb66b4jm72indkqipq57rywx","cargo_no_time","Cientista de Dados","2025"
"dkqipqi4lb66b4jm72indkqipq57rywx","cargo_no_time","Analista de BI","2025"
"dkqipqi4lb66b4jm72indkqipq57rywx","cargo_no_time","Arquiteto de Dados","2025"
"dkqipqi4lb66b4jm72indkqipq57rywx","cargo_no_time","ML/AI Engineer","2025"
"qhpn7vbq5wtu61k5rqhpn796wqpotcaj","cargo_no_time","Engenharia de Dados","2025"
"qhpn7vbq5wtu61k5rqhpn796wqpotcaj","cargo_no_time","Analista de Dados","2025"
"qhpn7vbq5wtu61k5rqhpn796wqpotcaj","cargo_no_time","Analista de BI","2025"
"1z1akcj3u24qxia9fw1z1ch6i00pd18q","cargo_no_time","Engenharia de Dados","2025"
"1z1akcj3u24qxia9fw1z1ch6i00pd18q","cargo_no_time","Analista de Dados","2025"
"1z1akcj3u24qxia9fw1z1ch6i00pd18q","cargo_no_time","Cientista de Dados","2025"
"1z1akcj3u24qxia9fw1z1ch6i00pd18q","cargo_no_time","Data Product Manager","2025"
"aa4vc4fhqxiz0nfvbaa4vc476t0ifrx4","cargo_no_time","Engenharia de Dados","2025"
"aa4vc4fhqxiz0nfvbaa4vc476t0ifrx4","cargo_no_time","Analista de Dados","2025"
"aa4vc4fhqxiz0nfvbaa4vc476t0ifrx4","cargo_no_time","Cientista de Dados","2025"
"aa4vc4fhqxiz0nfvbaa4vc476t0ifrx4","cargo_no_time","DBA","2025"
"aa4vc4fhqxiz0nfvbaa4vc476t0ifrx4","cargo_no_time","Analista de BI","2025"
"aa4vc4fhqxiz0nfvbaa4vc476t0ifrx4","cargo_no_time","Arquiteto de Dados","2025"
"aa4vc4fhqxiz0nfvbaa4vc476t0ifrx4","cargo_no_time","ML/AI Engineer","2025"
"zfon46ovf3exi8lmzfon60vxdgkomr93","cargo_no_time","Analytics Engineer","2025"
"zfon46ovf3exi8lmzfon60vxdgkomr93","cargo_no_time","Analista de Dados","2025"
"zfon46ovf3exi8lmzfon60vxdgkomr93","cargo_no_time","Cientista de Dados","2025"
"zfon46ovf3exi8lmzfon60vxdgkomr93","cargo_no_time","ML/AI Engineer","2025"
"c1tcq9bvywo7ozvpc1tcq90k5hg5e4cs","cargo_no_time","Business Analyst","2025"
"viiurtyrqh5u7r6yvdyviiu4cdwxhbw6","cargo_no_time","Engenharia de Dados","2025"
"viiurtyrqh5u7r6yvdyviiu4cdwxhbw6","cargo_no_time","Cientista de Dados","2025"
"viiurtyrqh5u7r6yvdyviiu4cdwxhbw6","cargo_no_time","Arquiteto de Dados","2025"
"viiurtyrqh5u7r6yvdyviiu4cdwxhbw6","cargo_no_time","ML/AI Engineer","2025"
"xvn975qf6yn4fybfcsq1vkxvn975vlq3","cargo_no_time","Analytics Engineer","2025"
"xvn975qf6yn4fybfcsq1vkxvn975vlq3","cargo_no_time","Engenharia de Dados","2025"
"xvn975qf6yn4fybfcsq1vkxvn975vlq3","cargo_no_time","Analista de Dados","2025"
"xvn975qf6yn4fybfcsq1vkxvn975vlq3","cargo_no_time","Cientista de Dados","2025"
"xvn975qf6yn4fybfcsq1vkxvn975vlq3","cargo_no_time","DBA","2025"
"xvn975qf6yn4fybfcsq1vkxvn975vlq3","cargo_no_time","Analista de BI","2025"
"xvn975qf6yn4fybfcsq1vkxvn975vlq3","cargo_no_time","Arquiteto de Dados","2025"
"xvn975qf6yn4fybfcsq1vkxvn975vlq3","cargo_no_time","Data Product Manager","2025"
"xvn975qf6yn4fybfcsq1vkxvn975vlq3","cargo_no_time","Business Analyst","2025"
"xvn975qf6yn4fybfcsq1vkxvn975vlq3","cargo_no_time","ML/AI Engineer","2025"
"nlplqyk52zdtj1tgodxnlplquhucorch","cargo_no_time","Cientista de Dados","2025"
"nlplqyk52zdtj1tgodxnlplquhucorch","cargo_no_time","DBA","2025"
"nlplqyk52zdtj1tgodxnlplquhucorch","cargo_no_time","Arquiteto de Dados","2025"
"nlplqyk52zdtj1tgodxnlplquhucorch","cargo_no_time","ML/AI Engineer","2025"
"dh0de1t4a02qajdh15ilrmavrobbprek","cargo_no_time","Analytics Engineer","2025"
"dh0de1t4a02qajdh15ilrmavrobbprek","cargo_no_time","Engenharia de Dados","2025"
"dh0de1t4a02qajdh15ilrmavrobbprek","cargo_no_time","Analista de BI","2025"
"dh0de1t4a02qajdh15ilrmavrobbprek","cargo_no_time","Business Analyst","2025"
"dh0de1t4a02qajdh15ilrmavrobbprek","cargo_no_time","ML/AI Engineer","2025"
"11rkrwb0eewa311rkkhs2gly0puxzsxb","cargo_no_time","Engenharia de Dados","2025"
"pej03wamsu4dgswpej03k4p5jmdeumke","cargo_no_time","Engenharia de Dados","2025"
"pej03wamsu4dgswpej03k4p5jmdeumke","cargo_no_time","Analista de BI","2025"
"pej03wamsu4dgswpej03k4p5jmdeumke","cargo_no_time","Arquiteto de Dados","2025"
"q5ag7jps8ue4m2bw7q5ag27ppezikzjr","cargo_no_time","Engenharia de Dados","2025"
"q5ag7jps8ue4m2bw7q5ag27ppezikzjr","cargo_no_time","Analista de Dados","2025"
"q5ag7jps8ue4m2bw7q5ag27ppezikzjr","cargo_no_time","Cientista de Dados","2025"
"4rdj04qh90usi3tqt4rdj0wva6bfbmwz","cargo_no_time","Engenharia de Dados","2025"
"4rdj04qh90usi3tqt4rdj0wva6bfbmwz","cargo_no_time","Analista de Dados","2025"
"4rdj04qh90usi3tqt4rdj0wva6bfbmwz","cargo_no_time","Cientista de Dados","2025"
"4rdj04qh90usi3tqt4rdj0wva6bfbmwz","cargo_no_time","Arquiteto de Dados","2025"
"4rdj04qh90usi3tqt4rdj0wva6bfbmwz","cargo_no_time","ML/AI Engineer","2025"
"ohfe7anscim5tar3kkaohfe7azn2v33i","cargo_no_time","Analista de Dados","2025"
"ohfe7anscim5tar3kkaohfe7azn2v33i","cargo_no_time","Cientista de Dados","2025"
"ohfe7anscim5tar3kkaohfe7azn2v33i","cargo_no_time","ML/AI Engineer","2025"
"1rmlycxc3mbbp5y2x901rml5596bwb22","cargo_no_time","Analytics Engineer","2025"
"1rmlycxc3mbbp5y2x901rml5596bwb22","cargo_no_time","Analista de Dados","2025"
"1rmlycxc3mbbp5y2x901rml5596bwb22","cargo_no_time","Business Analyst","2025"
"tny9vhp9bsvmmtnh9zjzeokzutro15yh","cargo_no_time","Engenharia de Dados","2025"
"tny9vhp9bsvmmtnh9zjzeokzutro15yh","cargo_no_time","Analista de Dados","2025"
"tny9vhp9bsvmmtnh9zjzeokzutro15yh","cargo_no_time","Analista de BI","2025"
"9uvmwrlkyjda8663r9ux19uvmwrfhi4j","cargo_no_time","Analytics Engineer","2025"
"9uvmwrlkyjda8663r9ux19uvmwrfhi4j","cargo_no_time","Engenharia de Dados","2025"
"9uvmwrlkyjda8663r9ux19uvmwrfhi4j","cargo_no_time","Analista de BI","2025"
"5q6gu6fyc0hbf142zy5yi5q6guzhyq9l","cargo_no_time","Engenharia de Dados","2025"
"5q6gu6fyc0hbf142zy5yi5q6guzhyq9l","cargo_no_time","Cientista de Dados","2025"
"5q6gu6fyc0hbf142zy5yi5q6guzhyq9l","cargo_no_time","ML/AI Engineer","2025"
"8m7mmblo7wb6nsnz08o8m7mmb8n0iogf","cargo_no_time","Engenharia de Dados","2025"
"8m7mmblo7wb6nsnz08o8m7mmb8n0iogf","cargo_no_time","Analista de Dados","2025"
"8m7mmblo7wb6nsnz08o8m7mmb8n0iogf","cargo_no_time","Analista de BI","2025"
"pk7hnr3pch8s8b122pk7hnru2y29mjo2","cargo_no_time","Engenharia de Dados","2025"
"pk7hnr3pch8s8b122pk7hnru2y29mjo2","cargo_no_time","Analista de Dados","2025"
"ird0bnmzladirdsl9q2rdlsn3b439obk","cargo_no_time","Analytics Engineer","2025"
"ird0bnmzladirdsl9q2rdlsn3b439obk","cargo_no_time","Engenharia de Dados","2025"
"ird0bnmzladirdsl9q2rdlsn3b439obk","cargo_no_time","Analista de Dados","2025"
"ird0bnmzladirdsl9q2rdlsn3b439obk","cargo_no_time","Cientista de Dados","2025"
"ird0bnmzladirdsl9q2rdlsn3b439obk","cargo_no_time","DBA","2025"
"ird0bnmzladirdsl9q2rdlsn3b439obk","cargo_no_time","Analista de BI","2025"
"ird0bnmzladirdsl9q2rdlsn3b439obk","cargo_no_time","Arquiteto de Dados","2025"
"ird0bnmzladirdsl9q2rdlsn3b439obk","cargo_no_time","Data Product Manager","2025"
"ird0bnmzladirdsl9q2rdlsn3b439obk","cargo_no_time","Business Analyst","2025"
"ird0bnmzladirdsl9q2rdlsn3b439obk","cargo_no_time","ML/AI Engineer","2025"
"lzts8x0lvwcz8rh2m456lzts8xvqvmfx","cargo_no_time","Analista de Dados","2025"
"lzts8x0lvwcz8rh2m456lzts8xvqvmfx","cargo_no_time","Analista de BI","2025"
"lzts8x0lvwcz8rh2m456lzts8xvqvmfx","cargo_no_time","Business Analyst","2025"
"im0gql6klor6ft3ihiim0gqlhyryejlk","cargo_no_time","Engenharia de Dados","2025"
"im0gql6klor6ft3ihiim0gqlhyryejlk","cargo_no_time","Cientista de Dados","2025"
"im0gql6klor6ft3ihiim0gqlhyryejlk","cargo_no_time","Arquiteto de Dados","2025"
"im0gql6klor6ft3ihiim0gqlhyryejlk","cargo_no_time","ML/AI Engineer","2025"
"ydcuheuxyoe0f48apcd8ydcuhezsi09p","cargo_no_time","Engenharia de Dados","2025"
"ydcuheuxyoe0f48apcd8ydcuhezsi09p","cargo_no_time","Analista de Dados","2025"
"ydcuheuxyoe0f48apcd8ydcuhezsi09p","cargo_no_time","Cientista de Dados","2025"
"ydcuheuxyoe0f48apcd8ydcuhezsi09p","cargo_no_time","ML/AI Engineer","2025"
"e089pownt57olh3e089pbw9wy0oqmk7f","cargo_no_time","Analista de Dados","2025"
"e089pownt57olh3e089pbw9wy0oqmk7f","cargo_no_time","Business Analyst","2025"
"hozj2nwx02ji8chozj2mtei7zwqhyk0s","cargo_no_time","Engenharia de Dados","2025"
"hozj2nwx02ji8chozj2mtei7zwqhyk0s","cargo_no_time","Analista de Dados","2025"
"hozj2nwx02ji8chozj2mtei7zwqhyk0s","cargo_no_time","DBA","2025"
"hozj2nwx02ji8chozj2mtei7zwqhyk0s","cargo_no_time","Analista de BI","2025"
"hozj2nwx02ji8chozj2mtei7zwqhyk0s","cargo_no_time","Arquiteto de Dados","2025"
"hozj2nwx02ji8chozj2mtei7zwqhyk0s","cargo_no_time","Data Product Manager","2025"
"hozj2nwx02ji8chozj2mtei7zwqhyk0s","cargo_no_time","Business Analyst","2025"
"qakueymdaev0zswsqakuezfd7sfkcdqd","cargo_no_time","Analytics Engineer","2025"
"qakueymdaev0zswsqakuezfd7sfkcdqd","cargo_no_time","Engenharia de Dados","2025"
"qakueymdaev0zswsqakuezfd7sfkcdqd","cargo_no_time","Cientista de Dados","2025"
"qakueymdaev0zswsqakuezfd7sfkcdqd","cargo_no_time","Analista de BI","2025"
"qakueymdaev0zswsqakuezfd7sfkcdqd","cargo_no_time","ML/AI Engineer","2025"
"p20dwtuqoz7hl8vdp20dm92l9mqpv5vx","cargo_no_time","Business Analyst","2025"
"awu7eq5y36u74glszfewawu7e7vi5caw","cargo_no_time","Cientista de Dados","2025"
"awu7eq5y36u74glszfewawu7e7vi5caw","cargo_no_time","Analista de BI","2025"
"2fblj5z1zolyfuwxuzc72fblj5z66hap","cargo_no_time","Analytics Engineer","2025"
"2fblj5z1zolyfuwxuzc72fblj5z66hap","cargo_no_time","Engenharia de Dados","2025"
"2fblj5z1zolyfuwxuzc72fblj5z66hap","cargo_no_time","Analista de Dados","2025"
"2fblj5z1zolyfuwxuzc72fblj5z66hap","cargo_no_time","Cientista de Dados","2025"
"2fblj5z1zolyfuwxuzc72fblj5z66hap","cargo_no_time","Analista de BI","2025"
"8b22bul449xyzzjdws28b22b2ec4li4z","cargo_no_time","Analista de Dados","2025"
"tasq8vlee2fjdbritasq8vppg02g3079","cargo_no_time","Engenharia de Dados","2025"
"tasq8vlee2fjdbritasq8vppg02g3079","cargo_no_time","Analista de Dados","2025"
"tasq8vlee2fjdbritasq8vppg02g3079","cargo_no_time","Cientista de Dados","2025"
"tasq8vlee2fjdbritasq8vppg02g3079","cargo_no_time","Analista de BI","2025"
"1h4d4knfgw1il2hrxxd1h4d4kne3sfx1","cargo_no_time","Business Analyst","2025"
"ps3o7cs75cca0tbdwbops3o72ndnfj9z","cargo_no_time","ML/AI Engineer","2025"
"6gv8ud59997eo12zepv6gv8ul5iy8mkm","cargo_no_time","Engenharia de Dados","2025"
"6gv8ud59997eo12zepv6gv8ul5iy8mkm","cargo_no_time","Analista de Dados","2025"
"6gv8ud59997eo12zepv6gv8ul5iy8mkm","cargo_no_time","Cientista de Dados","2025"
"6gv8ud59997eo12zepv6gv8ul5iy8mkm","cargo_no_time","Business Analyst","2025"
"6gv8ud59997eo12zepv6gv8ul5iy8mkm","cargo_no_time","ML/AI Engineer","2025"
"yckr4cbbo6jxesx4yckr4ck97ksxf7tb","cargo_no_time","Analytics Engineer","2025"
"yckr4cbbo6jxesx4yckr4ck97ksxf7tb","cargo_no_time","Engenharia de Dados","2025"
"yckr4cbbo6jxesx4yckr4ck97ksxf7tb","cargo_no_time","Analista de Dados","2025"
"yckr4cbbo6jxesx4yckr4ck97ksxf7tb","cargo_no_time","Cientista de Dados","2025"
"tzums08d7ovbth8pitzums08srkun2rh","cargo_no_time","Analytics Engineer","2025"
"9922uft4xuj0vi5ffep9c9922uvo62b6","cargo_no_time","Engenharia de Dados","2023"
"tzums08d7ovbth8pitzums08srkun2rh","cargo_no_time","Engenharia de Dados","2025"
"tzums08d7ovbth8pitzums08srkun2rh","cargo_no_time","Analista de Dados","2025"
"9922uft4xuj0vi5ffep9c9922uvo62b6","cargo_no_time","Cientista de Dados","2023"
"ws578oylnqxtgtakl5t3ws5vkqog5gtr","cargo_no_time","Engenharia de Dados","2023"
"tzums08d7ovbth8pitzums08srkun2rh","cargo_no_time","Cientista de Dados","2025"
"tzums08d7ovbth8pitzums08srkun2rh","cargo_no_time","Arquiteto de Dados","2025"
"tzums08d7ovbth8pitzums08srkun2rh","cargo_no_time","Data Product Manager","2025"
"tzums08d7ovbth8pitzums08srkun2rh","cargo_no_time","ML/AI Engineer","2025"
"ws578oylnqxtgtakl5t3ws5vkqog5gtr","cargo_no_time","Analista de Dados","2023"
"ws578oylnqxtgtakl5t3ws5vkqog5gtr","cargo_no_time","DBA","2023"
"ws578oylnqxtgtakl5t3ws5vkqog5gtr","cargo_no_time","Analista de BI","2023"
"ws578oylnqxtgtakl5t3ws5vkqog5gtr","cargo_no_time","Business Analyst","2023"
"4e4htmujf9b9utjw4e4hthacy33svdsa","cargo_no_time","Engenharia de Dados","2025"
"4e4htmujf9b9utjw4e4hthacy33svdsa","cargo_no_time","Analista de Dados","2025"
"4e4htmujf9b9utjw4e4hthacy33svdsa","cargo_no_time","Cientista de Dados","2025"
"4e4htmujf9b9utjw4e4hthacy33svdsa","cargo_no_time","Arquiteto de Dados","2025"
"4e4htmujf9b9utjw4e4hthacy33svdsa","cargo_no_time","Business Analyst","2025"
"dr8tyt2xo92f1zz59qxyrdr8tyaeoryx","cargo_no_time","Analytics Engineer","2025"
"dr8tyt2xo92f1zz59qxyrdr8tyaeoryx","cargo_no_time","Engenharia de Dados","2025"
"dr8tyt2xo92f1zz59qxyrdr8tyaeoryx","cargo_no_time","Analista de Dados","2025"
"gavi59777z42jezo6gavi5myj0c932sd","cargo_no_time","Analytics Engineer","2023"
"gavi59777z42jezo6gavi5myj0c932sd","cargo_no_time","Analista de Dados","2023"
"gavi59777z42jezo6gavi5myj0c932sd","cargo_no_time","Cientista de Dados","2023"
"gavi59777z42jezo6gavi5myj0c932sd","cargo_no_time","Business Analyst","2023"
"g18np95xl6omu9a0tk48kg18n9yd3vd9","cargo_no_time","Analytics Engineer","2023"
"g18np95xl6omu9a0tk48kg18n9yd3vd9","cargo_no_time","Engenharia de Dados","2023"
"g18np95xl6omu9a0tk48kg18n9yd3vd9","cargo_no_time","Analista de Dados","2023"
"g18np95xl6omu9a0tk48kg18n9yd3vd9","cargo_no_time","Cientista de Dados","2023"
"dr8tyt2xo92f1zz59qxyrdr8tyaeoryx","cargo_no_time","Cientista de Dados","2025"
"dr8tyt2xo92f1zz59qxyrdr8tyaeoryx","cargo_no_time","DBA","2025"
"dr8tyt2xo92f1zz59qxyrdr8tyaeoryx","cargo_no_time","Analista de BI","2025"
"dr8tyt2xo92f1zz59qxyrdr8tyaeoryx","cargo_no_time","Arquiteto de Dados","2025"
"dr8tyt2xo92f1zz59qxyrdr8tyaeoryx","cargo_no_time","Data Product Manager","2025"
"dr8tyt2xo92f1zz59qxyrdr8tyaeoryx","cargo_no_time","Business Analyst","2025"
"dr8tyt2xo92f1zz59qxyrdr8tyaeoryx","cargo_no_time","ML/AI Engineer","2025"
"p9f0x5aqoaep9yjtc2v5ip9f0x5aenv3","cargo_no_time","Analista de Dados","2025"
"p9f0x5aqoaep9yjtc2v5ip9f0x5aenv3","cargo_no_time","Cientista de Dados","2025"
"p9f0x5aqoaep9yjtc2v5ip9f0x5aenv3","cargo_no_time","Business Analyst","2025"
"ix36vojscljjavyp07wix36vkk9cb5l9","cargo_no_time","Engenharia de Dados","2025"
"ix36vojscljjavyp07wix36vkk9cb5l9","cargo_no_time","Analista de Dados","2025"
"ix36vojscljjavyp07wix36vkk9cb5l9","cargo_no_time","Analista de BI","2025"
"ix36vojscljjavyp07wix36vkk9cb5l9","cargo_no_time","Business Analyst","2025"
"rh3kh2grbag9ns8hhtrh3kh48lvwh0js","cargo_no_time","Analista de BI","2025"
"oreo1nhypnw4ih36o3wmoreooyvw9kum","cargo_no_time","Engenharia de Dados","2025"
"oreo1nhypnw4ih36o3wmoreooyvw9kum","cargo_no_time","Analista de Dados","2025"
"oreo1nhypnw4ih36o3wmoreooyvw9kum","cargo_no_time","Analista de BI","2025"
"oreo1nhypnw4ih36o3wmoreooyvw9kum","cargo_no_time","Arquiteto de Dados","2025"
"oreo1nhypnw4ih36o3wmoreooyvw9kum","cargo_no_time","Business Analyst","2025"
"cpenb7q0rak5mumxagq6cpe2xhv7rbg7","cargo_no_time","Engenharia de Dados","2025"
"cpenb7q0rak5mumxagq6cpe2xhv7rbg7","cargo_no_time","Analista de Dados","2025"
"cpenb7q0rak5mumxagq6cpe2xhv7rbg7","cargo_no_time","Cientista de Dados","2025"
"cpenb7q0rak5mumxagq6cpe2xhv7rbg7","cargo_no_time","DBA","2025"
"cpenb7q0rak5mumxagq6cpe2xhv7rbg7","cargo_no_time","Business Analyst","2025"
"r5wn4uul6554xvuywfkd1r5wno1uw058","cargo_no_time","Engenharia de Dados","2025"
"r5wn4uul6554xvuywfkd1r5wno1uw058","cargo_no_time","Analista de Dados","2025"
"r5wn4uul6554xvuywfkd1r5wno1uw058","cargo_no_time","Cientista de Dados","2025"
"r5wn4uul6554xvuywfkd1r5wno1uw058","cargo_no_time","ML/AI Engineer","2025"
"daxby2525jtwbvjf156t2y8daxby2u4t","cargo_no_time","Analista de Dados","2025"
"daxby2525jtwbvjf156t2y8daxby2u4t","cargo_no_time","Analista de BI","2025"
"2d2a3wgqs3kou4f50nisw82d2a3wyugx","cargo_no_time","Engenharia de Dados","2025"
"2d2a3wgqs3kou4f50nisw82d2a3wyugx","cargo_no_time","Analista de Dados","2025"
"2d2a3wgqs3kou4f50nisw82d2a3wyugx","cargo_no_time","Cientista de Dados","2025"
"2d2a3wgqs3kou4f50nisw82d2a3wyugx","cargo_no_time","DBA","2025"
"2d2a3wgqs3kou4f50nisw82d2a3wyugx","cargo_no_time","Analista de BI","2025"
"2d2a3wgqs3kou4f50nisw82d2a3wyugx","cargo_no_time","Arquiteto de Dados","2025"
"2d2a3wgqs3kou4f50nisw82d2a3wyugx","cargo_no_time","Data Product Manager","2025"
"wq4txyduhyo5175wq4txtxl6mdgykp9l","cargo_no_time","Analytics Engineer","2025"
"wq4txyduhyo5175wq4txtxl6mdgykp9l","cargo_no_time","Engenharia de Dados","2025"
"wq4txyduhyo5175wq4txtxl6mdgykp9l","cargo_no_time","Analista de Dados","2025"
"wq4txyduhyo5175wq4txtxl6mdgykp9l","cargo_no_time","Cientista de Dados","2025"
"wq4txyduhyo5175wq4txtxl6mdgykp9l","cargo_no_time","Data Product Manager","2025"
"wq4txyduhyo5175wq4txtxl6mdgykp9l","cargo_no_time","ML/AI Engineer","2025"
"qxs0l602aem2tnjhrhjzqxs0l6x7pbgq","cargo_no_time","Engenharia de Dados","2025"
"qxs0l602aem2tnjhrhjzqxs0l6x7pbgq","cargo_no_time","Analista de Dados","2025"
"qxs0l602aem2tnjhrhjzqxs0l6x7pbgq","cargo_no_time","Cientista de Dados","2025"
"qxs0l602aem2tnjhrhjzqxs0l6x7pbgq","cargo_no_time","ML/AI Engineer","2025"
"g18np95xl6omu9a0tk48kg18n9yd3vd9","cargo_no_time","Analista de BI","2023"
"g18np95xl6omu9a0tk48kg18n9yd3vd9","cargo_no_time","Arquiteto de Dados","2023"
"g18np95xl6omu9a0tk48kg18n9yd3vd9","cargo_no_time","Data Product Manager","2023"
"8h03e70ybf9q0xp4188h03e2v65kjg9n","cargo_no_time","Engenharia de Dados","2023"
"8h03e70ybf9q0xp4188h03e2v65kjg9n","cargo_no_time","Analista de Dados","2023"
"8h03e70ybf9q0xp4188h03e2v65kjg9n","cargo_no_time","Cientista de Dados","2023"
"8h03e70ybf9q0xp4188h03e2v65kjg9n","cargo_no_time","DBA","2023"
"8h03e70ybf9q0xp4188h03e2v65kjg9n","cargo_no_time","Arquiteto de Dados","2023"
"sqbu98hc8wl369r30ep7usqbueh5jq34","cargo_no_time","Cientista de Dados","2023"
"sqbu98hc8wl369r30ep7usqbueh5jq34","cargo_no_time","Analista de BI","2023"
"hingn07ucwh93eet1g11kxlhingn07rb","cargo_no_time","Engenharia de Dados","2023"
"hingn07ucwh93eet1g11kxlhingn07rb","cargo_no_time","Analista de Dados","2023"
"hingn07ucwh93eet1g11kxlhingn07rb","cargo_no_time","Cientista de Dados","2023"
"hingn07ucwh93eet1g11kxlhingn07rb","cargo_no_time","Analista de BI","2023"
"hingn07ucwh93eet1g11kxlhingn07rb","cargo_no_time","Arquiteto de Dados","2023"
"hingn07ucwh93eet1g11kxlhingn07rb","cargo_no_time","Business Analyst","2023"
"ybkrvvzujr977ysybkrvh1vpwz27f07w","cargo_no_time","Analista de Dados","2025"
"ybkrvvzujr977ysybkrvh1vpwz27f07w","cargo_no_time","Analista de BI","2025"
"ybkrvvzujr977ysybkrvh1vpwz27f07w","cargo_no_time","Business Analyst","2025"
"1d85g0kcrmsdi1jlc1d85g4955o43iw7","cargo_no_time","Engenharia de Dados","2025"
"1d85g0kcrmsdi1jlc1d85g4955o43iw7","cargo_no_time","Cientista de Dados","2025"
"1d85g0kcrmsdi1jlc1d85g4955o43iw7","cargo_no_time","Arquiteto de Dados","2025"
"1d85g0kcrmsdi1jlc1d85g4955o43iw7","cargo_no_time","Data Product Manager","2025"
"1d85g0kcrmsdi1jlc1d85g4955o43iw7","cargo_no_time","Business Analyst","2025"
"1d85g0kcrmsdi1jlc1d85g4955o43iw7","cargo_no_time","ML/AI Engineer","2025"
"usr2qshcwqzkpwusrj7tpn37n5wo8fdt","cargo_no_time","Analista de Dados","2025"
"usr2qshcwqzkpwusrj7tpn37n5wo8fdt","cargo_no_time","Arquiteto de Dados","2025"
"usr2qshcwqzkpwusrj7tpn37n5wo8fdt","cargo_no_time","Business Analyst","2025"
"ol7bh9havy3p2htvhenq18ivnol7bh9e","cargo_no_time","Analytics Engineer","2025"
"ol7bh9havy3p2htvhenq18ivnol7bh9e","cargo_no_time","Engenharia de Dados","2025"
"ol7bh9havy3p2htvhenq18ivnol7bh9e","cargo_no_time","Analista de Dados","2025"
"ol7bh9havy3p2htvhenq18ivnol7bh9e","cargo_no_time","Cientista de Dados","2025"
"ol7bh9havy3p2htvhenq18ivnol7bh9e","cargo_no_time","Analista de BI","2025"
"z8mbboq7f2smnsojuz8mbboqs5m1afgn","cargo_no_time","Analytics Engineer","2025"
"z8mbboq7f2smnsojuz8mbboqs5m1afgn","cargo_no_time","Engenharia de Dados","2025"
"z8mbboq7f2smnsojuz8mbboqs5m1afgn","cargo_no_time","Analista de Dados","2025"
"z8mbboq7f2smnsojuz8mbboqs5m1afgn","cargo_no_time","Analista de BI","2025"
"cle6l9gp0fdhi0pqlblcle6l9gp49xuc","cargo_no_time","Analista de Dados","2025"
"cle6l9gp0fdhi0pqlblcle6l9gp49xuc","cargo_no_time","Cientista de Dados","2025"
"cle6l9gp0fdhi0pqlblcle6l9gp49xuc","cargo_no_time","Analista de BI","2025"
"ezlff69s56jbwwcz4xiaezlff69urwxh","cargo_no_time","Analytics Engineer","2025"
"ezlff69s56jbwwcz4xiaezlff69urwxh","cargo_no_time","Engenharia de Dados","2025"
"ezlff69s56jbwwcz4xiaezlff69urwxh","cargo_no_time","Analista de Dados","2025"
"ezlff69s56jbwwcz4xiaezlff69urwxh","cargo_no_time","DBA","2025"
"ezlff69s56jbwwcz4xiaezlff69urwxh","cargo_no_time","ML/AI Engineer","2025"
"2l3rl6fyy2yt0q82l3r3aiz6c9001h1k","cargo_no_time","Analytics Engineer","2025"
"2l3rl6fyy2yt0q82l3r3aiz6c9001h1k","cargo_no_time","Engenharia de Dados","2025"
"2l3rl6fyy2yt0q82l3r3aiz6c9001h1k","cargo_no_time","Analista de Dados","2025"
"2l3rl6fyy2yt0q82l3r3aiz6c9001h1k","cargo_no_time","Cientista de Dados","2025"
"2l3rl6fyy2yt0q82l3r3aiz6c9001h1k","cargo_no_time","DBA","2025"
"2l3rl6fyy2yt0q82l3r3aiz6c9001h1k","cargo_no_time","Analista de BI","2025"
"2l3rl6fyy2yt0q82l3r3aiz6c9001h1k","cargo_no_time","Arquiteto de Dados","2025"
"2l3rl6fyy2yt0q82l3r3aiz6c9001h1k","cargo_no_time","Data Product Manager","2025"
"2l3rl6fyy2yt0q82l3r3aiz6c9001h1k","cargo_no_time","Business Analyst","2025"
"2l3rl6fyy2yt0q82l3r3aiz6c9001h1k","cargo_no_time","ML/AI Engineer","2025"
"ghgm6gudercoxi14ghgmri2qx6tmuhvx","cargo_no_time","Analytics Engineer","2025"
"ghgm6gudercoxi14ghgmri2qx6tmuhvx","cargo_no_time","Engenharia de Dados","2025"
"ghgm6gudercoxi14ghgmri2qx6tmuhvx","cargo_no_time","Analista de Dados","2025"
"ghgm6gudercoxi14ghgmri2qx6tmuhvx","cargo_no_time","Arquiteto de Dados","2025"
"ghgm6gudercoxi14ghgmri2qx6tmuhvx","cargo_no_time","Data Product Manager","2025"
"cbv3cuqoamgugfdwegcbv3qfdeizpsg6","cargo_no_time","Engenharia de Dados","2025"
"cbv3cuqoamgugfdwegcbv3qfdeizpsg6","cargo_no_time","Cientista de Dados","2025"
"cbv3cuqoamgugfdwegcbv3qfdeizpsg6","cargo_no_time","Arquiteto de Dados","2025"
"rqnlto2sij3g62nugqi4orqnltqaqjq1","cargo_no_time","Analista de Dados","2025"
"rqnlto2sij3g62nugqi4orqnltqaqjq1","cargo_no_time","Analista de BI","2025"
"nfuvi3s093b6blx2buqvnfuvi33lc9vf","cargo_no_time","Analytics Engineer","2025"
"nfuvi3s093b6blx2buqvnfuvi33lc9vf","cargo_no_time","Engenharia de Dados","2025"
"nfuvi3s093b6blx2buqvnfuvi33lc9vf","cargo_no_time","Analista de Dados","2025"
"nfuvi3s093b6blx2buqvnfuvi33lc9vf","cargo_no_time","Analista de BI","2025"
"nfuvi3s093b6blx2buqvnfuvi33lc9vf","cargo_no_time","Business Analyst","2025"
"0pbx5f82ybs1lw0n50prf9d7jfqez424","cargo_no_time","Engenharia de Dados","2025"
"0pbx5f82ybs1lw0n50prf9d7jfqez424","cargo_no_time","Cientista de Dados","2025"
"0pbx5f82ybs1lw0n50prf9d7jfqez424","cargo_no_time","ML/AI Engineer","2025"
"ftitohelsvcrqxfftitoh9yrirh90x8w","cargo_no_time","Analytics Engineer","2025"
"ftitohelsvcrqxfftitoh9yrirh90x8w","cargo_no_time","Engenharia de Dados","2025"
"ftitohelsvcrqxfftitoh9yrirh90x8w","cargo_no_time","Analista de Dados","2025"
"ftitohelsvcrqxfftitoh9yrirh90x8w","cargo_no_time","Cientista de Dados","2025"
"ftitohelsvcrqxfftitoh9yrirh90x8w","cargo_no_time","Analista de BI","2025"
"ftitohelsvcrqxfftitoh9yrirh90x8w","cargo_no_time","Arquiteto de Dados","2025"
"ftitohelsvcrqxfftitoh9yrirh90x8w","cargo_no_time","Data Product Manager","2025"
"osr3ajy0e8j4nlh8a7osr3aj0yjqfqt3","cargo_no_time","Engenharia de Dados","2023"
"osr3ajy0e8j4nlh8a7osr3aj0yjqfqt3","cargo_no_time","Cientista de Dados","2023"
"io11ymzzxa4tqtmgwhdjiio11yaxa818","cargo_no_time","Analytics Engineer","2023"
"io11ymzzxa4tqtmgwhdjiio11yaxa818","cargo_no_time","Engenharia de Dados","2023"
"io11ymzzxa4tqtmgwhdjiio11yaxa818","cargo_no_time","Analista de Dados","2023"
"io11ymzzxa4tqtmgwhdjiio11yaxa818","cargo_no_time","Cientista de Dados","2023"
"io11ymzzxa4tqtmgwhdjiio11yaxa818","cargo_no_time","Analista de BI","2023"
"io11ymzzxa4tqtmgwhdjiio11yaxa818","cargo_no_time","Arquiteto de Dados","2023"
"io11ymzzxa4tqtmgwhdjiio11yaxa818","cargo_no_time","Data Product Manager","2023"
"v7fg0i62p5drcrv7fxl5r9gtq5e8rkc1","cargo_no_time","Engenharia de Dados","2023"
"v7fg0i62p5drcrv7fxl5r9gtq5e8rkc1","cargo_no_time","Analista de Dados","2023"
"v7fg0i62p5drcrv7fxl5r9gtq5e8rkc1","cargo_no_time","Cientista de Dados","2023"
"v7fg0i62p5drcrv7fxl5r9gtq5e8rkc1","cargo_no_time","DBA","2023"
"v7fg0i62p5drcrv7fxl5r9gtq5e8rkc1","cargo_no_time","Analista de BI","2023"
"v7fg0i62p5drcrv7fxl5r9gtq5e8rkc1","cargo_no_time","Arquiteto de Dados","2023"
"v7fg0i62p5drcrv7fxl5r9gtq5e8rkc1","cargo_no_time","Data Product Manager","2023"
"v7fg0i62p5drcrv7fxl5r9gtq5e8rkc1","cargo_no_time","Business Analyst","2023"
"ja0kt84jllpmn3sb1rmb8fja0kt84jlq","cargo_no_time","Analista de Dados","2023"
"etoutabh5rv7qaszg6hetoutwcgx58u7","cargo_no_time","Analista de Dados","2023"
"etoutabh5rv7qaszg6hetoutwcgx58u7","cargo_no_time","Business Analyst","2023"
"cnxizce4q6lw4hovh4x8bhdcnxizce94","cargo_no_time","Engenharia de Dados","2023"
"cnxizce4q6lw4hovh4x8bhdcnxizce94","cargo_no_time","Analista de Dados","2023"
"cnxizce4q6lw4hovh4x8bhdcnxizce94","cargo_no_time","Cientista de Dados","2023"
"cnxizce4q6lw4hovh4x8bhdcnxizce94","cargo_no_time","Analista de BI","2023"
"ef5qsr2e5vsojahwktief5qsrgcwt2j7","cargo_no_time","Engenharia de Dados","2023"
"ef5qsr2e5vsojahwktief5qsrgcwt2j7","cargo_no_time","Analista de Dados","2023"
"ef5qsr2e5vsojahwktief5qsrgcwt2j7","cargo_no_time","Cientista de Dados","2023"
"ef5qsr2e5vsojahwktief5qsrgcwt2j7","cargo_no_time","Analista de BI","2023"
"ef5qsr2e5vsojahwktief5qsrgcwt2j7","cargo_no_time","Arquiteto de Dados","2023"
"qen1dm6e5q5i6yb3nzc99fqen1dm6csr","cargo_no_time","Engenharia de Dados","2023"
"qen1dm6e5q5i6yb3nzc99fqen1dm6csr","cargo_no_time","Analista de Dados","2023"
"qen1dm6e5q5i6yb3nzc99fqen1dm6csr","cargo_no_time","Analista de BI","2023"
"ftitohelsvcrqxfftitoh9yrirh90x8w","cargo_no_time","Business Analyst","2025"
"ftitohelsvcrqxfftitoh9yrirh90x8w","cargo_no_time","ML/AI Engineer","2025"
"6exapdrio3uqk5vi9k6exaph5nz104o6","cargo_no_time","Analista de Dados","2025"
"6exapdrio3uqk5vi9k6exaph5nz104o6","cargo_no_time","ML/AI Engineer","2025"
"a4cgbhpv6t05199a4c9hjzq753nezcfy","cargo_no_time","Analista de Dados","2025"
"a4cgbhpv6t05199a4c9hjzq753nezcfy","cargo_no_time","Cientista de Dados","2025"
"a4cgbhpv6t05199a4c9hjzq753nezcfy","cargo_no_time","Business Analyst","2025"
"31zzu8bd2t6t31r273tc5tz1r2u3003l","cargo_no_time","Analista de Dados","2025"
"31zzu8bd2t6t31r273tc5tz1r2u3003l","cargo_no_time","DBA","2025"
"31zzu8bd2t6t31r273tc5tz1r2u3003l","cargo_no_time","Analista de BI","2025"
"8yu7kcfvzzvhrjj8yu70y2ay66dq5ucd","cargo_no_time","Analytics Engineer","2025"
"8yu7kcfvzzvhrjj8yu70y2ay66dq5ucd","cargo_no_time","Analista de Dados","2025"
"8yu7kcfvzzvhrjj8yu70y2ay66dq5ucd","cargo_no_time","Cientista de Dados","2025"
"8yu7kcfvzzvhrjj8yu70y2ay66dq5ucd","cargo_no_time","Business Analyst","2025"
"8yu7kcfvzzvhrjj8yu70y2ay66dq5ucd","cargo_no_time","ML/AI Engineer","2025"
"qen1dm6e5q5i6yb3nzc99fqen1dm6csr","cargo_no_time","Business Analyst","2023"
"35owqypoliz3e35o8q1p36pdcshoyiop","cargo_no_time","DBA","2023"
"35owqypoliz3e35o8q1p36pdcshoyiop","cargo_no_time","Analista de BI","2023"
"35owqypoliz3e35o8q1p36pdcshoyiop","cargo_no_time","Business Analyst","2023"
"r6k4daf48yjg6inoiqar6kbgf5rhc5du","cargo_no_time","Analytics Engineer","2023"
"r6k4daf48yjg6inoiqar6kbgf5rhc5du","cargo_no_time","Engenharia de Dados","2023"
"r6k4daf48yjg6inoiqar6kbgf5rhc5du","cargo_no_time","Analista de Dados","2023"
"r6k4daf48yjg6inoiqar6kbgf5rhc5du","cargo_no_time","DBA","2023"
"r6k4daf48yjg6inoiqar6kbgf5rhc5du","cargo_no_time","Analista de BI","2023"
"r6k4daf48yjg6inoiqar6kbgf5rhc5du","cargo_no_time","Arquiteto de Dados","2023"
"r6k4daf48yjg6inoiqar6kbgf5rhc5du","cargo_no_time","Business Analyst","2023"
"2brqtffrngkxoi02brqtuhusj7upkhhr","cargo_no_time","Analista de BI","2023"
"wo4dhu4ou6nettg3wo4dhum0xss0fagg","cargo_no_time","Engenharia de Dados","2023"
"wo4dhu4ou6nettg3wo4dhum0xss0fagg","cargo_no_time","Cientista de Dados","2023"
"wo4dhu4ou6nettg3wo4dhum0xss0fagg","cargo_no_time","Analista de BI","2023"
"wo4dhu4ou6nettg3wo4dhum0xss0fagg","cargo_no_time","Data Product Manager","2023"
"tsd26tb38u1274lcygtsd26to5pz6l94","cargo_no_time","Engenharia de Dados","2023"
"tsd26tb38u1274lcygtsd26to5pz6l94","cargo_no_time","Analista de Dados","2023"
"tsd26tb38u1274lcygtsd26to5pz6l94","cargo_no_time","DBA","2023"
"tsd26tb38u1274lcygtsd26to5pz6l94","cargo_no_time","Analista de BI","2023"
"tsd26tb38u1274lcygtsd26to5pz6l94","cargo_no_time","Arquiteto de Dados","2023"
"tsd26tb38u1274lcygtsd26to5pz6l94","cargo_no_time","Business Analyst","2023"
"44p5d9v206wosz44pulmsr71b4hq0gza","cargo_no_time","DBA","2023"
"ckhkodx3rgepubgu0vckhkzpbhl4wu9z","cargo_no_time","Analytics Engineer","2023"
"ckhkodx3rgepubgu0vckhkzpbhl4wu9z","cargo_no_time","Engenharia de Dados","2023"
"ckhkodx3rgepubgu0vckhkzpbhl4wu9z","cargo_no_time","Analista de Dados","2023"
"ckhkodx3rgepubgu0vckhkzpbhl4wu9z","cargo_no_time","Cientista de Dados","2023"
"ckhkodx3rgepubgu0vckhkzpbhl4wu9z","cargo_no_time","Analista de BI","2023"
"ckhkodx3rgepubgu0vckhkzpbhl4wu9z","cargo_no_time","Arquiteto de Dados","2023"
"ckhkodx3rgepubgu0vckhkzpbhl4wu9z","cargo_no_time","Data Product Manager","2023"
"ukfvtkmahj5x5flvxukftoht42s543em","cargo_no_time","Engenharia de Dados","2023"
"ukfvtkmahj5x5flvxukftoht42s543em","cargo_no_time","Analista de Dados","2023"
"ukfvtkmahj5x5flvxukftoht42s543em","cargo_no_time","Cientista de Dados","2023"
"zf0hqk1ldyqhwepvczf0hjx935lwd6cy","cargo_no_time","DBA","2023"
"01k1i8w42ljmgee01k1eay1n1283ot23","cargo_no_time","Engenharia de Dados","2023"
"mfjamwl326ya17s3gllmfja0hy2h8d3t","cargo_no_time","Engenharia de Dados","2023"
"mfjamwl326ya17s3gllmfja0hy2h8d3t","cargo_no_time","Analista de Dados","2023"
"mfjamwl326ya17s3gllmfja0hy2h8d3t","cargo_no_time","Cientista de Dados","2023"
"mfjamwl326ya17s3gllmfja0hy2h8d3t","cargo_no_time","DBA","2023"
"mfjamwl326ya17s3gllmfja0hy2h8d3t","cargo_no_time","Analista de BI","2023"
"mfjamwl326ya17s3gllmfja0hy2h8d3t","cargo_no_time","Arquiteto de Dados","2023"
"mfjamwl326ya17s3gllmfja0hy2h8d3t","cargo_no_time","Business Analyst","2023"
"ddz6cmehvraw5ig62ddz6cesokefvz2y","cargo_no_time","Engenharia de Dados","2023"
"ddz6cmehvraw5ig62ddz6cesokefvz2y","cargo_no_time","Arquiteto de Dados","2023"
"0tfplcdk2bzhdl40tfplcfu3vgiv4k4x","cargo_no_time","Analytics Engineer","2023"
"0tfplcdk2bzhdl40tfplcfu3vgiv4k4x","cargo_no_time","Cientista de Dados","2023"
"0tfplcdk2bzhdl40tfplcfu3vgiv4k4x","cargo_no_time","Analista de BI","2023"
"htd855tbjwpr5epesvzhtd855pto1qom","cargo_no_time","Engenharia de Dados","2023"
"htd855tbjwpr5epesvzhtd855pto1qom","cargo_no_time","DBA","2023"
"htd855tbjwpr5epesvzhtd855pto1qom","cargo_no_time","Data Product Manager","2023"
"zb13ooqpjvnefbstj3mlsivzb13ooa95","cargo_no_time","Business Analyst","2023"
"chd3mzq477q9au2chd4747q2xoiyyevn","cargo_no_time","Engenharia de Dados","2023"
"chd3mzq477q9au2chd4747q2xoiyyevn","cargo_no_time","Analista de Dados","2023"
"z7lb26p1z1ujao09mpvuz7lb26scsu1y","cargo_no_time","Analista de Dados","2023"
"z7lb26p1z1ujao09mpvuz7lb26scsu1y","cargo_no_time","Analista de BI","2023"
"g7p706d6k3w3dk31mceg7p70qu7zpkbn","cargo_no_time","Analytics Engineer","2023"
"g7p706d6k3w3dk31mceg7p70qu7zpkbn","cargo_no_time","Engenharia de Dados","2023"
"g7p706d6k3w3dk31mceg7p70qu7zpkbn","cargo_no_time","Analista de Dados","2023"
"g7p706d6k3w3dk31mceg7p70qu7zpkbn","cargo_no_time","Cientista de Dados","2023"
"g7p706d6k3w3dk31mceg7p70qu7zpkbn","cargo_no_time","Arquiteto de Dados","2023"
"g7p706d6k3w3dk31mceg7p70qu7zpkbn","cargo_no_time","Business Analyst","2023"
"754osrn5m2drx0duws4754osr8mqpjhg","cargo_no_time","Analytics Engineer","2023"
"754osrn5m2drx0duws4754osr8mqpjhg","cargo_no_time","Engenharia de Dados","2023"
"754osrn5m2drx0duws4754osr8mqpjhg","cargo_no_time","Arquiteto de Dados","2023"
"jo807b52cehzi4jo80oygsu29m64a6v3","cargo_no_time","Engenharia de Dados","2023"
"jo807b52cehzi4jo80oygsu29m64a6v3","cargo_no_time","Analista de BI","2023"
"c7d729izxqycvc7drutyg9e973agarut","cargo_no_time","Engenharia de Dados","2023"
"c7d729izxqycvc7drutyg9e973agarut","cargo_no_time","Cientista de Dados","2023"
"c7d729izxqycvc7drutyg9e973agarut","cargo_no_time","DBA","2023"
"c7d729izxqycvc7drutyg9e973agarut","cargo_no_time","Analista de BI","2023"
"ipxgalmdgtqcroipxgtb113ov95h2m31","cargo_no_time","Engenharia de Dados","2023"
"ipxgalmdgtqcroipxgtb113ov95h2m31","cargo_no_time","Cientista de Dados","2023"
"ipxgalmdgtqcroipxgtb113ov95h2m31","cargo_no_time","Analista de BI","2023"
"ipxgalmdgtqcroipxgtb113ov95h2m31","cargo_no_time","Business Analyst","2023"
"1ph6qcoo12lpm5d4561ph6qchb0p0z9v","cargo_no_time","Analytics Engineer","2024"
"1ph6qcoo12lpm5d4561ph6qchb0p0z9v","cargo_no_time","Engenharia de Dados","2024"
"1ph6qcoo12lpm5d4561ph6qchb0p0z9v","cargo_no_time","Analista de Dados","2024"
"1ph6qcoo12lpm5d4561ph6qchb0p0z9v","cargo_no_time","Cientista de Dados","2024"
"1ph6qcoo12lpm5d4561ph6qchb0p0z9v","cargo_no_time","Analista de BI","2024"
"1ph6qcoo12lpm5d4561ph6qchb0p0z9v","cargo_no_time","Arquiteto de Dados","2024"
"1ph6qcoo12lpm5d4561ph6qchb0p0z9v","cargo_no_time","Data Product Manager","2024"
"1ph6qcoo12lpm5d4561ph6qchb0p0z9v","cargo_no_time","ML/AI Engineer","2024"
"1o1gz2j5ot59kr26y1o1gz28opv9whnt","cargo_no_time","Engenharia de Dados","2024"
"1o1gz2j5ot59kr26y1o1gz28opv9whnt","cargo_no_time","Cientista de Dados","2024"
"1o1gz2j5ot59kr26y1o1gz28opv9whnt","cargo_no_time","Analista de BI","2024"
"1o1gz2j5ot59kr26y1o1gz28opv9whnt","cargo_no_time","Data Product Manager","2024"
"1o1gz2j5ot59kr26y1o1gz28opv9whnt","cargo_no_time","Business Analyst","2024"
"1o1gz2j5ot59kr26y1o1gz28opv9whnt","cargo_no_time","ML/AI Engineer","2024"
"1jsovv4sogcux8xzy51js5uly05gp12j","cargo_no_time","Cientista de Dados","2024"
"1jsovv4sogcux8xzy51js5uly05gp12j","cargo_no_time","Business Analyst","2024"
"1jsovv4sogcux8xzy51js5uly05gp12j","cargo_no_time","ML/AI Engineer","2024"
"tgigb8umz17aw62279tgigb8umzxs5xs","cargo_no_time","Cientista de Dados","2024"
"tgigb8umz17aw62279tgigb8umzxs5xs","cargo_no_time","DBA","2024"
"tgigb8umz17aw62279tgigb8umzxs5xs","cargo_no_time","Business Analyst","2024"
"wrhz65fyuw4js7042cdwrhz65f4x3hk6","cargo_no_time","DBA","2024"
"wrhz65fyuw4js7042cdwrhz65f4x3hk6","cargo_no_time","Business Analyst","2024"
"ps942nxx7xaqmdpowckor9p2ps942nxh","cargo_no_time","Analytics Engineer","2024"
"ps942nxx7xaqmdpowckor9p2ps942nxh","cargo_no_time","Analista de Dados","2024"
"ps942nxx7xaqmdpowckor9p2ps942nxh","cargo_no_time","Business Analyst","2024"
"vbbwhx6h7ta5votvbbwhciiun5apd6dq","cargo_no_time","Engenharia de Dados","2024"
"vbbwhx6h7ta5votvbbwhciiun5apd6dq","cargo_no_time","Analista de Dados","2024"
"vbbwhx6h7ta5votvbbwhciiun5apd6dq","cargo_no_time","Cientista de Dados","2024"
"vbbwhx6h7ta5votvbbwhciiun5apd6dq","cargo_no_time","Arquiteto de Dados","2024"
"vbbwhx6h7ta5votvbbwhciiun5apd6dq","cargo_no_time","Data Product Manager","2024"
"vbbwhx6h7ta5votvbbwhciiun5apd6dq","cargo_no_time","Business Analyst","2024"
"vbbwhx6h7ta5votvbbwhciiun5apd6dq","cargo_no_time","ML/AI Engineer","2024"
"ypyi1yqzyqbyqcx9lryp3xmhfc05olrx","cargo_no_time","Analista de Dados","2024"
"02tbwfokbdd802t2bfg6gqdw0wvtb2bf","cargo_no_time","Analytics Engineer","2024"
"02tbwfokbdd802t2bfg6gqdw0wvtb2bf","cargo_no_time","Engenharia de Dados","2024"
"02tbwfokbdd802t2bfg6gqdw0wvtb2bf","cargo_no_time","Analista de Dados","2024"
"02tbwfokbdd802t2bfg6gqdw0wvtb2bf","cargo_no_time","Cientista de Dados","2024"
"02tbwfokbdd802t2bfg6gqdw0wvtb2bf","cargo_no_time","DBA","2024"
"02tbwfokbdd802t2bfg6gqdw0wvtb2bf","cargo_no_time","Analista de BI","2024"
"02tbwfokbdd802t2bfg6gqdw0wvtb2bf","cargo_no_time","Data Product Manager","2024"
"02tbwfokbdd802t2bfg6gqdw0wvtb2bf","cargo_no_time","Business Analyst","2024"
"02tbwfokbdd802t2bfg6gqdw0wvtb2bf","cargo_no_time","ML/AI Engineer","2024"
"zgq8aukse0al4tfg0pzgq8dgkbmnsxpa","cargo_no_time","Analista de BI","2024"
"3n1ya5vuqogrsuw7pkrs3n1ya5y3iyxl","cargo_no_time","Analytics Engineer","2024"
"3n1ya5vuqogrsuw7pkrs3n1ya5y3iyxl","cargo_no_time","Business Analyst","2024"
"hb3qgiqkgrik7mdotfhb3qud1cdd3n8t","cargo_no_time","Engenharia de Dados","2024"
"hb3qgiqkgrik7mdotfhb3qud1cdd3n8t","cargo_no_time","Cientista de Dados","2024"
"hb3qgiqkgrik7mdotfhb3qud1cdd3n8t","cargo_no_time","DBA","2024"
"hb3qgiqkgrik7mdotfhb3qud1cdd3n8t","cargo_no_time","Analista de BI","2024"
"hb3qgiqkgrik7mdotfhb3qud1cdd3n8t","cargo_no_time","Data Product Manager","2024"
"hb3qgiqkgrik7mdotfhb3qud1cdd3n8t","cargo_no_time","ML/AI Engineer","2024"
"7kkdgzuemcr1bmzm297kkd8buvdedvy5","cargo_no_time","Analytics Engineer","2024"
"7kkdgzuemcr1bmzm297kkd8buvdedvy5","cargo_no_time","Analista de Dados","2024"
"7kkdgzuemcr1bmzm297kkd8buvdedvy5","cargo_no_time","Cientista de Dados","2024"
"7kkdgzuemcr1bmzm297kkd8buvdedvy5","cargo_no_time","DBA","2024"
"7kkdgzuemcr1bmzm297kkd8buvdedvy5","cargo_no_time","Analista de BI","2024"
"iykpjy37qa9xgn6zuztmmiykpdql48lu","cargo_no_time","Engenharia de Dados","2024"
"iykpjy37qa9xgn6zuztmmiykpdql48lu","cargo_no_time","Analista de Dados","2024"
"iykpjy37qa9xgn6zuztmmiykpdql48lu","cargo_no_time","Cientista de Dados","2024"
"iykpjy37qa9xgn6zuztmmiykpdql48lu","cargo_no_time","Analista de BI","2024"
"iykpjy37qa9xgn6zuztmmiykpdql48lu","cargo_no_time","Arquiteto de Dados","2024"
"iykpjy37qa9xgn6zuztmmiykpdql48lu","cargo_no_time","ML/AI Engineer","2024"
"ufcf8irvk1378t77fdufcffd0ks5i4vj","cargo_no_time","Engenharia de Dados","2024"
"ufcf8irvk1378t77fdufcffd0ks5i4vj","cargo_no_time","Analista de Dados","2024"
"ufcf8irvk1378t77fdufcffd0ks5i4vj","cargo_no_time","Cientista de Dados","2024"
"ufcf8irvk1378t77fdufcffd0ks5i4vj","cargo_no_time","Arquiteto de Dados","2024"
"ufcf8irvk1378t77fdufcffd0ks5i4vj","cargo_no_time","ML/AI Engineer","2024"
"2h07iu5nw8hafv32h0lqw8w748qpq7vf","cargo_no_time","Analytics Engineer","2024"
"2h07iu5nw8hafv32h0lqw8w748qpq7vf","cargo_no_time","Engenharia de Dados","2024"
"2h07iu5nw8hafv32h0lqw8w748qpq7vf","cargo_no_time","Analista de Dados","2024"
"2h07iu5nw8hafv32h0lqw8w748qpq7vf","cargo_no_time","Cientista de Dados","2024"
"2h07iu5nw8hafv32h0lqw8w748qpq7vf","cargo_no_time","Analista de BI","2024"
"2h07iu5nw8hafv32h0lqw8w748qpq7vf","cargo_no_time","Business Analyst","2024"
"2h07iu5nw8hafv32h0lqw8w748qpq7vf","cargo_no_time","ML/AI Engineer","2024"
"ku4698b9lyhpgz867hh5wku469qse382","cargo_no_time","Engenharia de Dados","2024"
"ku4698b9lyhpgz867hh5wku469qse382","cargo_no_time","Analista de Dados","2024"
"ku4698b9lyhpgz867hh5wku469qse382","cargo_no_time","DBA","2024"
"ku4698b9lyhpgz867hh5wku469qse382","cargo_no_time","Analista de BI","2024"
"ku4698b9lyhpgz867hh5wku469qse382","cargo_no_time","Business Analyst","2024"
"hrxkfv4ngyccphrxkf62sboij7wk4sra","cargo_no_time","Analytics Engineer","2024"
"hrxkfv4ngyccphrxkf62sboij7wk4sra","cargo_no_time","Engenharia de Dados","2024"
"hrxkfv4ngyccphrxkf62sboij7wk4sra","cargo_no_time","Analista de Dados","2024"
"hrxkfv4ngyccphrxkf62sboij7wk4sra","cargo_no_time","Cientista de Dados","2024"
"hrxkfv4ngyccphrxkf62sboij7wk4sra","cargo_no_time","Analista de BI","2024"
"hrxkfv4ngyccphrxkf62sboij7wk4sra","cargo_no_time","Arquiteto de Dados","2024"
"hrxkfv4ngyccphrxkf62sboij7wk4sra","cargo_no_time","Data Product Manager","2024"
"hrxkfv4ngyccphrxkf62sboij7wk4sra","cargo_no_time","ML/AI Engineer","2024"
"be9702zum1xiniqqqbe97023ym9safvh","cargo_no_time","Analytics Engineer","2024"
"be9702zum1xiniqqqbe97023ym9safvh","cargo_no_time","Engenharia de Dados","2024"
"be9702zum1xiniqqqbe97023ym9safvh","cargo_no_time","Analista de Dados","2024"
"be9702zum1xiniqqqbe97023ym9safvh","cargo_no_time","Cientista de Dados","2024"
"be9702zum1xiniqqqbe97023ym9safvh","cargo_no_time","DBA","2024"
"be9702zum1xiniqqqbe97023ym9safvh","cargo_no_time","Analista de BI","2024"
"be9702zum1xiniqqqbe97023ym9safvh","cargo_no_time","Data Product Manager","2024"
"be9702zum1xiniqqqbe97023ym9safvh","cargo_no_time","Business Analyst","2024"
"be9702zum1xiniqqqbe97023ym9safvh","cargo_no_time","ML/AI Engineer","2024"
"w738ggiaxby326zxga1w738gd18ipdx0","cargo_no_time","Analytics Engineer","2024"
"w738ggiaxby326zxga1w738gd18ipdx0","cargo_no_time","Engenharia de Dados","2024"
"w738ggiaxby326zxga1w738gd18ipdx0","cargo_no_time","Analista de Dados","2024"
"w738ggiaxby326zxga1w738gd18ipdx0","cargo_no_time","Cientista de Dados","2024"
"iz360r9ro9eams1pjk5iz360r9pd75oa","cargo_no_time","Engenharia de Dados","2024"
"iz360r9ro9eams1pjk5iz360r9pd75oa","cargo_no_time","Analista de Dados","2024"
"iz360r9ro9eams1pjk5iz360r9pd75oa","cargo_no_time","DBA","2024"
"nmw6ya7xq75yiim6d8uugnmw6g8zhwjf","cargo_no_time","Engenharia de Dados","2024"
"nmw6ya7xq75yiim6d8uugnmw6g8zhwjf","cargo_no_time","Analista de Dados","2024"
"nmw6ya7xq75yiim6d8uugnmw6g8zhwjf","cargo_no_time","Cientista de Dados","2024"
"nmw6ya7xq75yiim6d8uugnmw6g8zhwjf","cargo_no_time","Data Product Manager","2024"
"jaxhovcmj4vunjq1pjaxhotiohippfmf","cargo_no_time","Analytics Engineer","2024"
"jaxhovcmj4vunjq1pjaxhotiohippfmf","cargo_no_time","Engenharia de Dados","2024"
"jaxhovcmj4vunjq1pjaxhotiohippfmf","cargo_no_time","Analista de Dados","2024"
"jaxhovcmj4vunjq1pjaxhotiohippfmf","cargo_no_time","Arquiteto de Dados","2024"
"s6rzw4ajos9k0s434ps6rzwstr42xeew","cargo_no_time","Engenharia de Dados","2024"
"s6rzw4ajos9k0s434ps6rzwstr42xeew","cargo_no_time","Analista de Dados","2024"
"s6rzw4ajos9k0s434ps6rzwstr42xeew","cargo_no_time","Cientista de Dados","2024"
"s6rzw4ajos9k0s434ps6rzwstr42xeew","cargo_no_time","Data Product Manager","2024"
"s6rzw4ajos9k0s434ps6rzwstr42xeew","cargo_no_time","ML/AI Engineer","2024"
"msjcjw3agqrd5p9zlwbd6amsjcqmpqkg","cargo_no_time","Engenharia de Dados","2024"
"msjcjw3agqrd5p9zlwbd6amsjcqmpqkg","cargo_no_time","Analista de Dados","2024"
"msjcjw3agqrd5p9zlwbd6amsjcqmpqkg","cargo_no_time","Analista de BI","2024"
"msjcjw3agqrd5p9zlwbd6amsjcqmpqkg","cargo_no_time","Business Analyst","2024"
"m4mfdi8adn8t7jzadm4mfdjbmqulusd0","cargo_no_time","Analytics Engineer","2024"
"m4mfdi8adn8t7jzadm4mfdjbmqulusd0","cargo_no_time","Engenharia de Dados","2024"
"m4mfdi8adn8t7jzadm4mfdjbmqulusd0","cargo_no_time","Analista de Dados","2024"
"p0w2ldkmr6jqkmfw9adp0w2ldyigocf2","cargo_no_time","Analytics Engineer","2024"
"p0w2ldkmr6jqkmfw9adp0w2ldyigocf2","cargo_no_time","Engenharia de Dados","2024"
"p0w2ldkmr6jqkmfw9adp0w2ldyigocf2","cargo_no_time","Analista de Dados","2024"
"p0w2ldkmr6jqkmfw9adp0w2ldyigocf2","cargo_no_time","Cientista de Dados","2024"
"p0w2ldkmr6jqkmfw9adp0w2ldyigocf2","cargo_no_time","Arquiteto de Dados","2024"
"p0w2ldkmr6jqkmfw9adp0w2ldyigocf2","cargo_no_time","Data Product Manager","2024"
"p0w2ldkmr6jqkmfw9adp0w2ldyigocf2","cargo_no_time","ML/AI Engineer","2024"
"kousy9g3h85blajibg38kousykc4fk4l","cargo_no_time","Analista de Dados","2024"
"kousy9g3h85blajibg38kousykc4fk4l","cargo_no_time","Cientista de Dados","2024"
"kousy9g3h85blajibg38kousykc4fk4l","cargo_no_time","Analista de BI","2024"
"akssbto6dkgw6chl3ex6gakssbi5kbme","cargo_no_time","Cientista de Dados","2024"
"s49bfoc7znv37z0shf6ls49bfwja3cql","cargo_no_time","Analytics Engineer","2024"
"s49bfoc7znv37z0shf6ls49bfwja3cql","cargo_no_time","Engenharia de Dados","2024"
"s49bfoc7znv37z0shf6ls49bfwja3cql","cargo_no_time","Analista de Dados","2024"
"s49bfoc7znv37z0shf6ls49bfwja3cql","cargo_no_time","Cientista de Dados","2024"
"s49bfoc7znv37z0shf6ls49bfwja3cql","cargo_no_time","Analista de BI","2024"
"s49bfoc7znv37z0shf6ls49bfwja3cql","cargo_no_time","ML/AI Engineer","2024"
"o2admbw90ql4ic7do2ah0bj3yl8ap1ya","cargo_no_time","Analista de Dados","2024"
"o2admbw90ql4ic7do2ah0bj3yl8ap1ya","cargo_no_time","Cientista de Dados","2024"
"o2admbw90ql4ic7do2ah0bj3yl8ap1ya","cargo_no_time","Arquiteto de Dados","2024"
"6c089cumco8wfncwl06c089fka8263dt","cargo_no_time","Engenharia de Dados","2024"
"6c089cumco8wfncwl06c089fka8263dt","cargo_no_time","Analista de Dados","2024"
"6c089cumco8wfncwl06c089fka8263dt","cargo_no_time","Cientista de Dados","2024"
"6c089cumco8wfncwl06c089fka8263dt","cargo_no_time","Analista de BI","2024"
"6c089cumco8wfncwl06c089fka8263dt","cargo_no_time","Arquiteto de Dados","2024"
"6c089cumco8wfncwl06c089fka8263dt","cargo_no_time","Data Product Manager","2024"
"6c089cumco8wfncwl06c089fka8263dt","cargo_no_time","Business Analyst","2024"
"6c089cumco8wfncwl06c089fka8263dt","cargo_no_time","ML/AI Engineer","2024"
"1kt8akozk9kf6vwp1kt8ad3dkuuxgai5","cargo_no_time","Analytics Engineer","2024"
"1kt8akozk9kf6vwp1kt8ad3dkuuxgai5","cargo_no_time","Engenharia de Dados","2024"
"1kt8akozk9kf6vwp1kt8ad3dkuuxgai5","cargo_no_time","Analista de Dados","2024"
"1kt8akozk9kf6vwp1kt8ad3dkuuxgai5","cargo_no_time","Cientista de Dados","2024"
"1kt8akozk9kf6vwp1kt8ad3dkuuxgai5","cargo_no_time","Arquiteto de Dados","2024"
"1kt8akozk9kf6vwp1kt8ad3dkuuxgai5","cargo_no_time","ML/AI Engineer","2024"
"r80xzxrynkz1423rr8019nolgizrktj1","cargo_no_time","Engenharia de Dados","2024"
"r80xzxrynkz1423rr8019nolgizrktj1","cargo_no_time","Analista de Dados","2024"
"r80xzxrynkz1423rr8019nolgizrktj1","cargo_no_time","Cientista de Dados","2024"
"r80xzxrynkz1423rr8019nolgizrktj1","cargo_no_time","Analista de BI","2024"
"r80xzxrynkz1423rr8019nolgizrktj1","cargo_no_time","Data Product Manager","2024"
"r80xzxrynkz1423rr8019nolgizrktj1","cargo_no_time","ML/AI Engineer","2024"
"vl9t840mdxkyhp1xzvl9tlnvi5857lef","cargo_no_time","Analytics Engineer","2024"
"vl9t840mdxkyhp1xzvl9tlnvi5857lef","cargo_no_time","Engenharia de Dados","2024"
"vl9t840mdxkyhp1xzvl9tlnvi5857lef","cargo_no_time","Analista de Dados","2024"
"vl9t840mdxkyhp1xzvl9tlnvi5857lef","cargo_no_time","Cientista de Dados","2024"
"vl9t840mdxkyhp1xzvl9tlnvi5857lef","cargo_no_time","DBA","2024"
"vl9t840mdxkyhp1xzvl9tlnvi5857lef","cargo_no_time","ML/AI Engineer","2024"
"g19dh4a01y5nwiwnd3w0ysyi92g19dh4","cargo_no_time","Analytics Engineer","2024"
"g19dh4a01y5nwiwnd3w0ysyi92g19dh4","cargo_no_time","Engenharia de Dados","2024"
"g19dh4a01y5nwiwnd3w0ysyi92g19dh4","cargo_no_time","Analista de Dados","2024"
"g19dh4a01y5nwiwnd3w0ysyi92g19dh4","cargo_no_time","Cientista de Dados","2024"
"g19dh4a01y5nwiwnd3w0ysyi92g19dh4","cargo_no_time","Analista de BI","2024"
"g19dh4a01y5nwiwnd3w0ysyi92g19dh4","cargo_no_time","Arquiteto de Dados","2024"
"g19dh4a01y5nwiwnd3w0ysyi92g19dh4","cargo_no_time","Data Product Manager","2024"
"g19dh4a01y5nwiwnd3w0ysyi92g19dh4","cargo_no_time","ML/AI Engineer","2024"
"n6qmj9qo7zsd5paaotayrqn6qmjc51zd","cargo_no_time","Analista de Dados","2024"
"n6qmj9qo7zsd5paaotayrqn6qmjc51zd","cargo_no_time","Cientista de Dados","2024"
"n6qmj9qo7zsd5paaotayrqn6qmjc51zd","cargo_no_time","Analista de BI","2024"
"n6qmj9qo7zsd5paaotayrqn6qmjc51zd","cargo_no_time","Business Analyst","2024"
"q9oobqu2cei2xifv0f5tq9oobgjwtzkw","cargo_no_time","Analista de Dados","2024"
"yc0efj4w1fgqld7v1piyyc0efty4f1t7","cargo_no_time","Engenharia de Dados","2024"
"yc0efj4w1fgqld7v1piyyc0efty4f1t7","cargo_no_time","Analista de Dados","2024"
"yc0efj4w1fgqld7v1piyyc0efty4f1t7","cargo_no_time","Cientista de Dados","2024"
"yc0efj4w1fgqld7v1piyyc0efty4f1t7","cargo_no_time","Analista de BI","2024"
"rgfcc8rtjgdaeb6xrgfccca1i0fj9cub","cargo_no_time","Analytics Engineer","2024"
"rgfcc8rtjgdaeb6xrgfccca1i0fj9cub","cargo_no_time","Engenharia de Dados","2024"
"rgfcc8rtjgdaeb6xrgfccca1i0fj9cub","cargo_no_time","Analista de Dados","2024"
"rgfcc8rtjgdaeb6xrgfccca1i0fj9cub","cargo_no_time","Cientista de Dados","2024"
"rgfcc8rtjgdaeb6xrgfccca1i0fj9cub","cargo_no_time","Analista de BI","2024"
"rgfcc8rtjgdaeb6xrgfccca1i0fj9cub","cargo_no_time","Arquiteto de Dados","2024"
"rgfcc8rtjgdaeb6xrgfccca1i0fj9cub","cargo_no_time","Business Analyst","2024"
"vjtiz2oym82pkvjpug9vjtihiokc7m61","cargo_no_time","Analytics Engineer","2024"
"vjtiz2oym82pkvjpug9vjtihiokc7m61","cargo_no_time","Engenharia de Dados","2024"
"vjtiz2oym82pkvjpug9vjtihiokc7m61","cargo_no_time","Analista de Dados","2024"
"vjtiz2oym82pkvjpug9vjtihiokc7m61","cargo_no_time","Analista de BI","2024"
"vc005lpoph0lz7hcu0fvc00ggznm3tpx","cargo_no_time","Analytics Engineer","2024"
"vc005lpoph0lz7hcu0fvc00ggznm3tpx","cargo_no_time","Engenharia de Dados","2024"
"vc005lpoph0lz7hcu0fvc00ggznm3tpx","cargo_no_time","Analista de Dados","2024"
"vc005lpoph0lz7hcu0fvc00ggznm3tpx","cargo_no_time","Cientista de Dados","2024"
"vc005lpoph0lz7hcu0fvc00ggznm3tpx","cargo_no_time","Arquiteto de Dados","2024"
"vc005lpoph0lz7hcu0fvc00ggznm3tpx","cargo_no_time","Data Product Manager","2024"
"vc005lpoph0lz7hcu0fvc00ggznm3tpx","cargo_no_time","ML/AI Engineer","2024"
"ekx95f1pkcqfvd5irdc1ekx95i99dtll","cargo_no_time","Analista de Dados","2024"
"ekx95f1pkcqfvd5irdc1ekx95i99dtll","cargo_no_time","Cientista de Dados","2024"
"ekx95f1pkcqfvd5irdc1ekx95i99dtll","cargo_no_time","Analista de BI","2024"
"ekx95f1pkcqfvd5irdc1ekx95i99dtll","cargo_no_time","Arquiteto de Dados","2024"
"ekx95f1pkcqfvd5irdc1ekx95i99dtll","cargo_no_time","Business Analyst","2024"
"pg0n3xt1ekjnxk4pg0n3x0fgw46tr5ye","cargo_no_time","Analytics Engineer","2024"
"pg0n3xt1ekjnxk4pg0n3x0fgw46tr5ye","cargo_no_time","Engenharia de Dados","2024"
"pg0n3xt1ekjnxk4pg0n3x0fgw46tr5ye","cargo_no_time","Analista de Dados","2024"
"pg0n3xt1ekjnxk4pg0n3x0fgw46tr5ye","cargo_no_time","Cientista de Dados","2024"
"pg0n3xt1ekjnxk4pg0n3x0fgw46tr5ye","cargo_no_time","DBA","2024"
"pg0n3xt1ekjnxk4pg0n3x0fgw46tr5ye","cargo_no_time","Arquiteto de Dados","2024"
"pg0n3xt1ekjnxk4pg0n3x0fgw46tr5ye","cargo_no_time","Data Product Manager","2024"
"pg0n3xt1ekjnxk4pg0n3x0fgw46tr5ye","cargo_no_time","ML/AI Engineer","2024"
"njljcfvq7vtqw62njljvdc73rzfz7f5t","cargo_no_time","Analytics Engineer","2024"
"njljcfvq7vtqw62njljvdc73rzfz7f5t","cargo_no_time","Cientista de Dados","2024"
"njljcfvq7vtqw62njljvdc73rzfz7f5t","cargo_no_time","Analista de BI","2024"
"nk8xwhcbg5dheewfn17nk8xw57i6t127","cargo_no_time","Engenharia de Dados","2024"
"nk8xwhcbg5dheewfn17nk8xw57i6t127","cargo_no_time","Cientista de Dados","2024"
"nk8xwhcbg5dheewfn17nk8xw57i6t127","cargo_no_time","ML/AI Engineer","2024"
"r48ygf6dmq7igc6rz7kcr48ygf6da6pp","cargo_no_time","Analytics Engineer","2024"
"r48ygf6dmq7igc6rz7kcr48ygf6da6pp","cargo_no_time","Engenharia de Dados","2024"
"r48ygf6dmq7igc6rz7kcr48ygf6da6pp","cargo_no_time","Cientista de Dados","2024"
"r48ygf6dmq7igc6rz7kcr48ygf6da6pp","cargo_no_time","Analista de BI","2024"
"r48ygf6dmq7igc6rz7kcr48ygf6da6pp","cargo_no_time","Arquiteto de Dados","2024"
"r48ygf6dmq7igc6rz7kcr48ygf6da6pp","cargo_no_time","Data Product Manager","2024"
"r48ygf6dmq7igc6rz7kcr48ygf6da6pp","cargo_no_time","Business Analyst","2024"
"r48ygf6dmq7igc6rz7kcr48ygf6da6pp","cargo_no_time","ML/AI Engineer","2024"
"mz7hh5fm5u98xsiymz7hg3idjsx4er1x","cargo_no_time","Analytics Engineer","2024"
"mz7hh5fm5u98xsiymz7hg3idjsx4er1x","cargo_no_time","Engenharia de Dados","2024"
"mz7hh5fm5u98xsiymz7hg3idjsx4er1x","cargo_no_time","Analista de Dados","2024"
"mz7hh5fm5u98xsiymz7hg3idjsx4er1x","cargo_no_time","Analista de BI","2024"
"mz7hh5fm5u98xsiymz7hg3idjsx4er1x","cargo_no_time","Arquiteto de Dados","2024"
"mz7hh5fm5u98xsiymz7hg3idjsx4er1x","cargo_no_time","Business Analyst","2024"
"lzsfrix50dn8k9py9tnvlzsfrpvs5di2","cargo_no_time","Analytics Engineer","2024"
"lzsfrix50dn8k9py9tnvlzsfrpvs5di2","cargo_no_time","Engenharia de Dados","2024"
"lzsfrix50dn8k9py9tnvlzsfrpvs5di2","cargo_no_time","Cientista de Dados","2024"
"lzsfrix50dn8k9py9tnvlzsfrpvs5di2","cargo_no_time","DBA","2024"
"lzsfrix50dn8k9py9tnvlzsfrpvs5di2","cargo_no_time","Analista de BI","2024"
"lzsfrix50dn8k9py9tnvlzsfrpvs5di2","cargo_no_time","Arquiteto de Dados","2024"
"lzsfrix50dn8k9py9tnvlzsfrpvs5di2","cargo_no_time","Data Product Manager","2024"
"lzsfrix50dn8k9py9tnvlzsfrpvs5di2","cargo_no_time","ML/AI Engineer","2024"
"c8g1u116ipxuy2pqbnc8g1u15lwbo4x8","cargo_no_time","Analytics Engineer","2024"
"c8g1u116ipxuy2pqbnc8g1u15lwbo4x8","cargo_no_time","Engenharia de Dados","2024"
"c8g1u116ipxuy2pqbnc8g1u15lwbo4x8","cargo_no_time","Analista de Dados","2024"
"c8g1u116ipxuy2pqbnc8g1u15lwbo4x8","cargo_no_time","Cientista de Dados","2024"
"c8g1u116ipxuy2pqbnc8g1u15lwbo4x8","cargo_no_time","Analista de BI","2024"
"c8g1u116ipxuy2pqbnc8g1u15lwbo4x8","cargo_no_time","Arquiteto de Dados","2024"
"c8g1u116ipxuy2pqbnc8g1u15lwbo4x8","cargo_no_time","ML/AI Engineer","2024"
"ublc9n1yahr1uokpubfy3pxdv2dtnt3a","cargo_no_time","Analytics Engineer","2024"
"ublc9n1yahr1uokpubfy3pxdv2dtnt3a","cargo_no_time","Engenharia de Dados","2024"
"ublc9n1yahr1uokpubfy3pxdv2dtnt3a","cargo_no_time","Analista de Dados","2024"
"ublc9n1yahr1uokpubfy3pxdv2dtnt3a","cargo_no_time","Cientista de Dados","2024"
"ublc9n1yahr1uokpubfy3pxdv2dtnt3a","cargo_no_time","Analista de BI","2024"
"ublc9n1yahr1uokpubfy3pxdv2dtnt3a","cargo_no_time","Business Analyst","2024"
"wugnkwm3g9ygl0kts9zv9eqc1vwugnkw","cargo_no_time","Analista de Dados","2024"
"sl96aj4r43hlgaeeynsl96a0dvdtucby","cargo_no_time","Analista de BI","2024"
"sl96aj4r43hlgaeeynsl96a0dvdtucby","cargo_no_time","Business Analyst","2024"
"1mu40ymiu0uo8mp091mu40v3921h6jns","cargo_no_time","Engenharia de Dados","2024"
"1mu40ymiu0uo8mp091mu40v3921h6jns","cargo_no_time","Cientista de Dados","2024"
"1mu40ymiu0uo8mp091mu40v3921h6jns","cargo_no_time","Analista de BI","2024"
"1mu40ymiu0uo8mp091mu40v3921h6jns","cargo_no_time","Arquiteto de Dados","2024"
"1mu40ymiu0uo8mp091mu40v3921h6jns","cargo_no_time","ML/AI Engineer","2024"
"nop4o0o8z6kddqh285nop44t1zetuxro","cargo_no_time","Arquiteto de Dados","2024"
"4obotujo62zpi4oboo4174hx38l3vovn","cargo_no_time","Analista de Dados","2024"
"4obotujo62zpi4oboo4174hx38l3vovn","cargo_no_time","Analista de BI","2024"
"4obotujo62zpi4oboo4174hx38l3vovn","cargo_no_time","Business Analyst","2024"
"vpgeujstf5nuh0vpgekrry7lstzps9pg","cargo_no_time","Analista de Dados","2024"
"vpgeujstf5nuh0vpgekrry7lstzps9pg","cargo_no_time","Analista de BI","2024"
"k5qomdabmq310wmk5qomkk3w75l5qek9","cargo_no_time","ML/AI Engineer","2024"
"1ybyeiq2izu9v26m471ybyeiqtbvuxh2","cargo_no_time","Analytics Engineer","2024"
"1ybyeiq2izu9v26m471ybyeiqtbvuxh2","cargo_no_time","Engenharia de Dados","2024"
"1ybyeiq2izu9v26m471ybyeiqtbvuxh2","cargo_no_time","Analista de Dados","2024"
"1ybyeiq2izu9v26m471ybyeiqtbvuxh2","cargo_no_time","Cientista de Dados","2024"
"1ybyeiq2izu9v26m471ybyeiqtbvuxh2","cargo_no_time","DBA","2024"
"frkmy7s9jfrkmvsaol3ls01n67ikhouw","cargo_no_time","Engenharia de Dados","2024"
"frkmy7s9jfrkmvsaol3ls01n67ikhouw","cargo_no_time","Analista de Dados","2024"
"frkmy7s9jfrkmvsaol3ls01n67ikhouw","cargo_no_time","Cientista de Dados","2024"
"frkmy7s9jfrkmvsaol3ls01n67ikhouw","cargo_no_time","Analista de BI","2024"
"frkmy7s9jfrkmvsaol3ls01n67ikhouw","cargo_no_time","Arquiteto de Dados","2024"
"frkmy7s9jfrkmvsaol3ls01n67ikhouw","cargo_no_time","Business Analyst","2024"
"7breol8axojm10bsq1zkxv7breoua7rf","cargo_no_time","Analytics Engineer","2024"
"7breol8axojm10bsq1zkxv7breoua7rf","cargo_no_time","Engenharia de Dados","2024"
"7breol8axojm10bsq1zkxv7breoua7rf","cargo_no_time","Cientista de Dados","2024"
"7breol8axojm10bsq1zkxv7breoua7rf","cargo_no_time","DBA","2024"
"7breol8axojm10bsq1zkxv7breoua7rf","cargo_no_time","Arquiteto de Dados","2024"
"7breol8axojm10bsq1zkxv7breoua7rf","cargo_no_time","Data Product Manager","2024"
"7breol8axojm10bsq1zkxv7breoua7rf","cargo_no_time","ML/AI Engineer","2024"
"g79re6rco4f85ht0rbg79r7tvgcksxpd","cargo_no_time","Cientista de Dados","2024"
"g79re6rco4f85ht0rbg79r7tvgcksxpd","cargo_no_time","ML/AI Engineer","2024"
"7p2kfwsh8namphqf7pnn7p2kfwm512hm","cargo_no_time","Analytics Engineer","2024"
"7p2kfwsh8namphqf7pnn7p2kfwm512hm","cargo_no_time","Engenharia de Dados","2024"
"7p2kfwsh8namphqf7pnn7p2kfwm512hm","cargo_no_time","Analista de Dados","2024"
"7p2kfwsh8namphqf7pnn7p2kfwm512hm","cargo_no_time","Cientista de Dados","2024"
"7p2kfwsh8namphqf7pnn7p2kfwm512hm","cargo_no_time","Analista de BI","2024"
"7p2kfwsh8namphqf7pnn7p2kfwm512hm","cargo_no_time","Arquiteto de Dados","2024"
"7p2kfwsh8namphqf7pnn7p2kfwm512hm","cargo_no_time","Business Analyst","2024"
"4jjuzmons9lqxucupa6t4jjuznn4ai1k","cargo_no_time","Analytics Engineer","2024"
"4jjuzmons9lqxucupa6t4jjuznn4ai1k","cargo_no_time","Engenharia de Dados","2024"
"4jjuzmons9lqxucupa6t4jjuznn4ai1k","cargo_no_time","Analista de Dados","2024"
"4jjuzmons9lqxucupa6t4jjuznn4ai1k","cargo_no_time","Cientista de Dados","2024"
"4jjuzmons9lqxucupa6t4jjuznn4ai1k","cargo_no_time","Analista de BI","2024"
"ajywi7ejdivlaa7rajytfm87k40btqr7","cargo_no_time","Engenharia de Dados","2024"
"9nuir5py7uhg8p9nachh4buknmruvdac","cargo_no_time","Analytics Engineer","2024"
"9nuir5py7uhg8p9nachh4buknmruvdac","cargo_no_time","Engenharia de Dados","2024"
"9nuir5py7uhg8p9nachh4buknmruvdac","cargo_no_time","Analista de Dados","2024"
"9nuir5py7uhg8p9nachh4buknmruvdac","cargo_no_time","Cientista de Dados","2024"
"9nuir5py7uhg8p9nachh4buknmruvdac","cargo_no_time","Analista de BI","2024"
"9nuir5py7uhg8p9nachh4buknmruvdac","cargo_no_time","Business Analyst","2024"
"9nuir5py7uhg8p9nachh4buknmruvdac","cargo_no_time","ML/AI Engineer","2024"
"olgdacthtka7p1p3folgd8dikxq2r6aj","cargo_no_time","Engenharia de Dados","2024"
"olgdacthtka7p1p3folgd8dikxq2r6aj","cargo_no_time","Analista de Dados","2024"
"olgdacthtka7p1p3folgd8dikxq2r6aj","cargo_no_time","Business Analyst","2024"
"gedp59dk580gj7ckt56vgedp5tqd9pve","cargo_no_time","Analytics Engineer","2024"
"gedp59dk580gj7ckt56vgedp5tqd9pve","cargo_no_time","Engenharia de Dados","2024"
"gedp59dk580gj7ckt56vgedp5tqd9pve","cargo_no_time","Analista de Dados","2024"
"gedp59dk580gj7ckt56vgedp5tqd9pve","cargo_no_time","Cientista de Dados","2024"
"gedp59dk580gj7ckt56vgedp5tqd9pve","cargo_no_time","Arquiteto de Dados","2024"
"5ty3ybm58x7wr52e2d5ty3yhiws01kiw","cargo_no_time","Engenharia de Dados","2024"
"5ty3ybm58x7wr52e2d5ty3yhiws01kiw","cargo_no_time","Cientista de Dados","2024"
"5ty3ybm58x7wr52e2d5ty3yhiws01kiw","cargo_no_time","Arquiteto de Dados","2024"
"5ty3ybm58x7wr52e2d5ty3yhiws01kiw","cargo_no_time","Data Product Manager","2024"
"5ty3ybm58x7wr52e2d5ty3yhiws01kiw","cargo_no_time","ML/AI Engineer","2024"
"ozfhqwabbliq1xonwfeozfhqwb8t9qmd","cargo_no_time","Analytics Engineer","2024"
"ozfhqwabbliq1xonwfeozfhqwb8t9qmd","cargo_no_time","Engenharia de Dados","2024"
"ozfhqwabbliq1xonwfeozfhqwb8t9qmd","cargo_no_time","Cientista de Dados","2024"
"ozfhqwabbliq1xonwfeozfhqwb8t9qmd","cargo_no_time","Analista de BI","2024"
"ozfhqwabbliq1xonwfeozfhqwb8t9qmd","cargo_no_time","Business Analyst","2024"
"i3r7npdaosa4i3rawx4zpe43k1bbdxwg","cargo_no_time","Analytics Engineer","2024"
"i3r7npdaosa4i3rawx4zpe43k1bbdxwg","cargo_no_time","Engenharia de Dados","2024"
"i3r7npdaosa4i3rawx4zpe43k1bbdxwg","cargo_no_time","Cientista de Dados","2024"
"eoivofmv4ufr6y9yfxreoivoj1vv2c2e","cargo_no_time","Engenharia de Dados","2024"
"eoivofmv4ufr6y9yfxreoivoj1vv2c2e","cargo_no_time","Analista de Dados","2024"
"eoivofmv4ufr6y9yfxreoivoj1vv2c2e","cargo_no_time","Data Product Manager","2024"
"ppfi02ievopmvhathppfi02i87fud6i5","cargo_no_time","Engenharia de Dados","2024"
"ppfi02ievopmvhathppfi02i87fud6i5","cargo_no_time","Analista de Dados","2024"
"ppfi02ievopmvhathppfi02i87fud6i5","cargo_no_time","Cientista de Dados","2024"
"ppfi02ievopmvhathppfi02i87fud6i5","cargo_no_time","DBA","2024"
"ppfi02ievopmvhathppfi02i87fud6i5","cargo_no_time","Analista de BI","2024"
"ppfi02ievopmvhathppfi02i87fud6i5","cargo_no_time","Arquiteto de Dados","2024"
"ppfi02ievopmvhathppfi02i87fud6i5","cargo_no_time","ML/AI Engineer","2024"
"czzb5djr7c5a096czzbl6xnas3m8ahhn","cargo_no_time","Engenharia de Dados","2024"
"czzb5djr7c5a096czzbl6xnas3m8ahhn","cargo_no_time","Analista de Dados","2024"
"czzb5djr7c5a096czzbl6xnas3m8ahhn","cargo_no_time","Cientista de Dados","2024"
"czzb5djr7c5a096czzbl6xnas3m8ahhn","cargo_no_time","Analista de BI","2024"
"czzb5djr7c5a096czzbl6xnas3m8ahhn","cargo_no_time","Arquiteto de Dados","2024"
"czzb5djr7c5a096czzbl6xnas3m8ahhn","cargo_no_time","Data Product Manager","2024"
"czzb5djr7c5a096czzbl6xnas3m8ahhn","cargo_no_time","ML/AI Engineer","2024"
"7c4vz14cjitywt77c4vzi2eio1ns8op3","cargo_no_time","Analytics Engineer","2024"
"7c4vz14cjitywt77c4vzi2eio1ns8op3","cargo_no_time","Engenharia de Dados","2024"
"7c4vz14cjitywt77c4vzi2eio1ns8op3","cargo_no_time","Arquiteto de Dados","2024"
"49r07w54om804u749rlf5lkvy57o48po","cargo_no_time","Cientista de Dados","2024"
"49r07w54om804u749rlf5lkvy57o48po","cargo_no_time","Data Product Manager","2024"
"49r07w54om804u749rlf5lkvy57o48po","cargo_no_time","Business Analyst","2024"
"49r07w54om804u749rlf5lkvy57o48po","cargo_no_time","ML/AI Engineer","2024"
"wq8d0b0s2uhmma9gsn0b89m845twq8d0","cargo_no_time","Analytics Engineer","2024"
"wq8d0b0s2uhmma9gsn0b89m845twq8d0","cargo_no_time","Engenharia de Dados","2024"
"wq8d0b0s2uhmma9gsn0b89m845twq8d0","cargo_no_time","Analista de Dados","2024"
"wq8d0b0s2uhmma9gsn0b89m845twq8d0","cargo_no_time","Cientista de Dados","2024"
"wq8d0b0s2uhmma9gsn0b89m845twq8d0","cargo_no_time","DBA","2024"
"wq8d0b0s2uhmma9gsn0b89m845twq8d0","cargo_no_time","Data Product Manager","2024"
"wq8d0b0s2uhmma9gsn0b89m845twq8d0","cargo_no_time","Business Analyst","2024"
"wq8d0b0s2uhmma9gsn0b89m845twq8d0","cargo_no_time","ML/AI Engineer","2024"
"d4t2cogt3eexpmrl99d4tgc6xfgsyoby","cargo_no_time","Analytics Engineer","2024"
"d4t2cogt3eexpmrl99d4tgc6xfgsyoby","cargo_no_time","Engenharia de Dados","2024"
"d4t2cogt3eexpmrl99d4tgc6xfgsyoby","cargo_no_time","Cientista de Dados","2024"
"d4t2cogt3eexpmrl99d4tgc6xfgsyoby","cargo_no_time","Data Product Manager","2024"
"d4t2cogt3eexpmrl99d4tgc6xfgsyoby","cargo_no_time","ML/AI Engineer","2024"
"71yj82jd9r0ms371yj8ipfnhyltvb138","cargo_no_time","Analytics Engineer","2024"
"71yj82jd9r0ms371yj8ipfnhyltvb138","cargo_no_time","Cientista de Dados","2024"
"71yj82jd9r0ms371yj8ipfnhyltvb138","cargo_no_time","Business Analyst","2024"
"mjlvqzo0rj73h5sg7kmcmjlvqzpcorku","cargo_no_time","Analytics Engineer","2024"
"mjlvqzo0rj73h5sg7kmcmjlvqzpcorku","cargo_no_time","Engenharia de Dados","2024"
"mjlvqzo0rj73h5sg7kmcmjlvqzpcorku","cargo_no_time","Analista de Dados","2024"
"mjlvqzo0rj73h5sg7kmcmjlvqzpcorku","cargo_no_time","Cientista de Dados","2024"
"mjlvqzo0rj73h5sg7kmcmjlvqzpcorku","cargo_no_time","Analista de BI","2024"
"mjlvqzo0rj73h5sg7kmcmjlvqzpcorku","cargo_no_time","Arquiteto de Dados","2024"
"mjlvqzo0rj73h5sg7kmcmjlvqzpcorku","cargo_no_time","Data Product Manager","2024"
"mjlvqzo0rj73h5sg7kmcmjlvqzpcorku","cargo_no_time","Business Analyst","2024"
"mjlvqzo0rj73h5sg7kmcmjlvqzpcorku","cargo_no_time","ML/AI Engineer","2024"
"ochlp7moja2dy140hokp4f5ochlp7mop","cargo_no_time","Analytics Engineer","2024"
"ochlp7moja2dy140hokp4f5ochlp7mop","cargo_no_time","Engenharia de Dados","2024"
"ochlp7moja2dy140hokp4f5ochlp7mop","cargo_no_time","Analista de Dados","2024"
"ochlp7moja2dy140hokp4f5ochlp7mop","cargo_no_time","Cientista de Dados","2024"
"ochlp7moja2dy140hokp4f5ochlp7mop","cargo_no_time","Data Product Manager","2024"
"ochlp7moja2dy140hokp4f5ochlp7mop","cargo_no_time","ML/AI Engineer","2024"
"pty8ygflbqmwnlydpty8ykukoxyvtf9p","cargo_no_time","Engenharia de Dados","2024"
"pty8ygflbqmwnlydpty8ykukoxyvtf9p","cargo_no_time","Cientista de Dados","2024"
"pty8ygflbqmwnlydpty8ykukoxyvtf9p","cargo_no_time","Analista de BI","2024"
"pty8ygflbqmwnlydpty8ykukoxyvtf9p","cargo_no_time","Arquiteto de Dados","2024"
"pty8ygflbqmwnlydpty8ykukoxyvtf9p","cargo_no_time","Data Product Manager","2024"
"pty8ygflbqmwnlydpty8ykukoxyvtf9p","cargo_no_time","ML/AI Engineer","2024"
"150ulzw0f887lfxhfiy7x150ulzhc58i","cargo_no_time","Engenharia de Dados","2024"
"150ulzw0f887lfxhfiy7x150ulzhc58i","cargo_no_time","Analista de Dados","2024"
"150ulzw0f887lfxhfiy7x150ulzhc58i","cargo_no_time","Cientista de Dados","2024"
"150ulzw0f887lfxhfiy7x150ulzhc58i","cargo_no_time","DBA","2024"
"150ulzw0f887lfxhfiy7x150ulzhc58i","cargo_no_time","Analista de BI","2024"
"150ulzw0f887lfxhfiy7x150ulzhc58i","cargo_no_time","Arquiteto de Dados","2024"
"1pm7yj8u7tbycbl0z6l1pm7ymuf9xx4u","cargo_no_time","Engenharia de Dados","2024"
"1pm7yj8u7tbycbl0z6l1pm7ymuf9xx4u","cargo_no_time","Cientista de Dados","2024"
"1pm7yj8u7tbycbl0z6l1pm7ymuf9xx4u","cargo_no_time","DBA","2024"
"1pm7yj8u7tbycbl0z6l1pm7ymuf9xx4u","cargo_no_time","Analista de BI","2024"
"1pm7yj8u7tbycbl0z6l1pm7ymuf9xx4u","cargo_no_time","Arquiteto de Dados","2024"
"x27uafk28abt5plcx27uaorvxbyxwzpv","cargo_no_time","Analytics Engineer","2024"
"x27uafk28abt5plcx27uaorvxbyxwzpv","cargo_no_time","Engenharia de Dados","2024"
"x27uafk28abt5plcx27uaorvxbyxwzpv","cargo_no_time","Analista de Dados","2024"
"x27uafk28abt5plcx27uaorvxbyxwzpv","cargo_no_time","Cientista de Dados","2024"
"x27uafk28abt5plcx27uaorvxbyxwzpv","cargo_no_time","DBA","2024"
"x27uafk28abt5plcx27uaorvxbyxwzpv","cargo_no_time","Analista de BI","2024"
"x27uafk28abt5plcx27uaorvxbyxwzpv","cargo_no_time","Arquiteto de Dados","2024"
"x27uafk28abt5plcx27uaorvxbyxwzpv","cargo_no_time","Data Product Manager","2024"
"x27uafk28abt5plcx27uaorvxbyxwzpv","cargo_no_time","Business Analyst","2024"
"x27uafk28abt5plcx27uaorvxbyxwzpv","cargo_no_time","ML/AI Engineer","2024"
"2omjn1uf3tzwtb96oul92omjn1yyhlb5","cargo_no_time","Engenharia de Dados","2024"
"2omjn1uf3tzwtb96oul92omjn1yyhlb5","cargo_no_time","Analista de Dados","2024"
"2omjn1uf3tzwtb96oul92omjn1yyhlb5","cargo_no_time","Analista de BI","2024"
"b11rukr4ru85qwsb11rpj4io0fxizdq3","cargo_no_time","Analytics Engineer","2024"
"b11rukr4ru85qwsb11rpj4io0fxizdq3","cargo_no_time","Engenharia de Dados","2024"
"b11rukr4ru85qwsb11rpj4io0fxizdq3","cargo_no_time","Analista de Dados","2024"
"b11rukr4ru85qwsb11rpj4io0fxizdq3","cargo_no_time","Cientista de Dados","2024"
"b11rukr4ru85qwsb11rpj4io0fxizdq3","cargo_no_time","DBA","2024"
"b11rukr4ru85qwsb11rpj4io0fxizdq3","cargo_no_time","Analista de BI","2024"
"b11rukr4ru85qwsb11rpj4io0fxizdq3","cargo_no_time","Arquiteto de Dados","2024"
"b11rukr4ru85qwsb11rpj4io0fxizdq3","cargo_no_time","Data Product Manager","2024"
"b11rukr4ru85qwsb11rpj4io0fxizdq3","cargo_no_time","Business Analyst","2024"
"b11rukr4ru85qwsb11rpj4io0fxizdq3","cargo_no_time","ML/AI Engineer","2024"
"disnoeyj63tt6ck3gndisnoeyhp4orwe","cargo_no_time","Engenharia de Dados","2024"
"disnoeyj63tt6ck3gndisnoeyhp4orwe","cargo_no_time","Cientista de Dados","2024"
"akgppm2jeppakgppfwxs9yzoaulpjntm","cargo_no_time","Cientista de Dados","2024"
"akgppm2jeppakgppfwxs9yzoaulpjntm","cargo_no_time","Analista de BI","2024"
"akgppm2jeppakgppfwxs9yzoaulpjntm","cargo_no_time","Business Analyst","2024"
"pnx29yrmsjbxm8am7pnx290vkix5psxz","cargo_no_time","Engenharia de Dados","2024"
"pnx29yrmsjbxm8am7pnx290vkix5psxz","cargo_no_time","Analista de Dados","2024"
"pnx29yrmsjbxm8am7pnx290vkix5psxz","cargo_no_time","Cientista de Dados","2024"
"pnx29yrmsjbxm8am7pnx290vkix5psxz","cargo_no_time","Analista de BI","2024"
"pnx29yrmsjbxm8am7pnx290vkix5psxz","cargo_no_time","Arquiteto de Dados","2024"
"pnx29yrmsjbxm8am7pnx290vkix5psxz","cargo_no_time","ML/AI Engineer","2024"
"qwqzsqf0g8zxctenzbh0qwqzsqjee12k","cargo_no_time","Analytics Engineer","2024"
"qwqzsqf0g8zxctenzbh0qwqzsqjee12k","cargo_no_time","Engenharia de Dados","2024"
"qwqzsqf0g8zxctenzbh0qwqzsqjee12k","cargo_no_time","Analista de Dados","2024"
"qwqzsqf0g8zxctenzbh0qwqzsqjee12k","cargo_no_time","Cientista de Dados","2024"
"qwqzsqf0g8zxctenzbh0qwqzsqjee12k","cargo_no_time","Business Analyst","2024"
"7wd3w5ac3hwu47ixzca7wd3wd8jdm8bo","cargo_no_time","Analytics Engineer","2024"
"7wd3w5ac3hwu47ixzca7wd3wd8jdm8bo","cargo_no_time","Engenharia de Dados","2024"
"7wd3w5ac3hwu47ixzca7wd3wd8jdm8bo","cargo_no_time","Analista de Dados","2024"
"7wd3w5ac3hwu47ixzca7wd3wd8jdm8bo","cargo_no_time","Cientista de Dados","2024"
"7wd3w5ac3hwu47ixzca7wd3wd8jdm8bo","cargo_no_time","DBA","2024"
"7wd3w5ac3hwu47ixzca7wd3wd8jdm8bo","cargo_no_time","Analista de BI","2024"
"7wd3w5ac3hwu47ixzca7wd3wd8jdm8bo","cargo_no_time","Arquiteto de Dados","2024"
"7wd3w5ac3hwu47ixzca7wd3wd8jdm8bo","cargo_no_time","Business Analyst","2024"
"7wd3w5ac3hwu47ixzca7wd3wd8jdm8bo","cargo_no_time","ML/AI Engineer","2024"
"lefyiiuclhwurmo6h41lefyii7ih9ypv","cargo_no_time","Analytics Engineer","2024"
"lefyiiuclhwurmo6h41lefyii7ih9ypv","cargo_no_time","Engenharia de Dados","2024"
"lefyiiuclhwurmo6h41lefyii7ih9ypv","cargo_no_time","Analista de Dados","2024"
"lefyiiuclhwurmo6h41lefyii7ih9ypv","cargo_no_time","Cientista de Dados","2024"
"lefyiiuclhwurmo6h41lefyii7ih9ypv","cargo_no_time","DBA","2024"
"lefyiiuclhwurmo6h41lefyii7ih9ypv","cargo_no_time","Analista de BI","2024"
"lefyiiuclhwurmo6h41lefyii7ih9ypv","cargo_no_time","Arquiteto de Dados","2024"
"lefyiiuclhwurmo6h41lefyii7ih9ypv","cargo_no_time","Data Product Manager","2024"
"lefyiiuclhwurmo6h41lefyii7ih9ypv","cargo_no_time","Business Analyst","2024"
"lefyiiuclhwurmo6h41lefyii7ih9ypv","cargo_no_time","ML/AI Engineer","2024"
"tlp2a7yt9c3jnq1slagnp0btlp2a7ydt","cargo_no_time","Analytics Engineer","2024"
"tlp2a7yt9c3jnq1slagnp0btlp2a7ydt","cargo_no_time","Engenharia de Dados","2024"
"tlp2a7yt9c3jnq1slagnp0btlp2a7ydt","cargo_no_time","Analista de Dados","2024"
"tlp2a7yt9c3jnq1slagnp0btlp2a7ydt","cargo_no_time","Cientista de Dados","2024"
"tlp2a7yt9c3jnq1slagnp0btlp2a7ydt","cargo_no_time","DBA","2024"
"tlp2a7yt9c3jnq1slagnp0btlp2a7ydt","cargo_no_time","Analista de BI","2024"
"tlp2a7yt9c3jnq1slagnp0btlp2a7ydt","cargo_no_time","Arquiteto de Dados","2024"
"tlp2a7yt9c3jnq1slagnp0btlp2a7ydt","cargo_no_time","Data Product Manager","2024"
"tlp2a7yt9c3jnq1slagnp0btlp2a7ydt","cargo_no_time","Business Analyst","2024"
"tlp2a7yt9c3jnq1slagnp0btlp2a7ydt","cargo_no_time","ML/AI Engineer","2024"
"ywzv87muyb5ozbvwwywzv87mumv3666k","cargo_no_time","Engenharia de Dados","2024"
"ywzv87muyb5ozbvwwywzv87mumv3666k","cargo_no_time","Analista de Dados","2024"
"ywzv87muyb5ozbvwwywzv87mumv3666k","cargo_no_time","DBA","2024"
"ywzv87muyb5ozbvwwywzv87mumv3666k","cargo_no_time","Analista de BI","2024"
"ywzv87muyb5ozbvwwywzv87mumv3666k","cargo_no_time","Arquiteto de Dados","2024"
"ywzv87muyb5ozbvwwywzv87mumv3666k","cargo_no_time","Data Product Manager","2024"
"8s9uzhowtcldulwkg8s9urilb1goi72j","cargo_no_time","Engenharia de Dados","2024"
"8s9uzhowtcldulwkg8s9urilb1goi72j","cargo_no_time","Analista de Dados","2024"
"8s9uzhowtcldulwkg8s9urilb1goi72j","cargo_no_time","Cientista de Dados","2024"
"8s9uzhowtcldulwkg8s9urilb1goi72j","cargo_no_time","DBA","2024"
"8s9uzhowtcldulwkg8s9urilb1goi72j","cargo_no_time","Analista de BI","2024"
"8s9uzhowtcldulwkg8s9urilb1goi72j","cargo_no_time","Arquiteto de Dados","2024"
"8s9uzhowtcldulwkg8s9urilb1goi72j","cargo_no_time","Business Analyst","2024"
"3aje6jjv0m0fe11amfpd3ajek63ab14u","cargo_no_time","Analista de Dados","2024"
"i3o43eofrzsqqznkmei3o43ibt421lrf","cargo_no_time","Cientista de Dados","2024"
"i3o43eofrzsqqznkmei3o43ibt421lrf","cargo_no_time","Data Product Manager","2024"
"i3o43eofrzsqqznkmei3o43ibt421lrf","cargo_no_time","ML/AI Engineer","2024"
"hzzhlmfb2oohtcivqzhzzhlmric6buc6","cargo_no_time","Engenharia de Dados","2024"
"hzzhlmfb2oohtcivqzhzzhlmric6buc6","cargo_no_time","Analista de Dados","2024"
"hzzhlmfb2oohtcivqzhzzhlmric6buc6","cargo_no_time","Cientista de Dados","2024"
"hzzhlmfb2oohtcivqzhzzhlmric6buc6","cargo_no_time","Analista de BI","2024"
"az8h92l2hm1aufkmzaz8h921u0d5rdx4","cargo_no_time","Analytics Engineer","2024"
"az8h92l2hm1aufkmzaz8h921u0d5rdx4","cargo_no_time","Cientista de Dados","2024"
"dlt6efuew78du7byryuyd3dlt6efustq","cargo_no_time","Engenharia de Dados","2024"
"dlt6efuew78du7byryuyd3dlt6efustq","cargo_no_time","Analista de Dados","2024"
"dlt6efuew78du7byryuyd3dlt6efustq","cargo_no_time","Cientista de Dados","2024"
"dlt6efuew78du7byryuyd3dlt6efustq","cargo_no_time","DBA","2024"
"dlt6efuew78du7byryuyd3dlt6efustq","cargo_no_time","Analista de BI","2024"
"dlt6efuew78du7byryuyd3dlt6efustq","cargo_no_time","Business Analyst","2024"
"ah84k8sam097x4dizmah84k6rbi40eh5","cargo_no_time","Engenharia de Dados","2024"
"gdk2ly2ne3q5s3e5im5bikgdk2ly225c","cargo_no_time","Analista de Dados","2025"
"ah84k8sam097x4dizmah84k6rbi40eh5","cargo_no_time","Analista de Dados","2024"
"ah84k8sam097x4dizmah84k6rbi40eh5","cargo_no_time","Cientista de Dados","2024"
"ah84k8sam097x4dizmah84k6rbi40eh5","cargo_no_time","Arquiteto de Dados","2024"
"ah84k8sam097x4dizmah84k6rbi40eh5","cargo_no_time","ML/AI Engineer","2024"
"lxj9d9g0uses08y70lxj9diqw7cau5pi","cargo_no_time","Engenharia de Dados","2024"
"lxj9d9g0uses08y70lxj9diqw7cau5pi","cargo_no_time","Analista de Dados","2024"
"lxj9d9g0uses08y70lxj9diqw7cau5pi","cargo_no_time","Cientista de Dados","2024"
"lxj9d9g0uses08y70lxj9diqw7cau5pi","cargo_no_time","Analista de BI","2024"
"cekqwtrvdgeysbocekqwllw1zblif1wt","cargo_no_time","Analytics Engineer","2024"
"cekqwtrvdgeysbocekqwllw1zblif1wt","cargo_no_time","Engenharia de Dados","2024"
"cekqwtrvdgeysbocekqwllw1zblif1wt","cargo_no_time","Analista de Dados","2024"
"cekqwtrvdgeysbocekqwllw1zblif1wt","cargo_no_time","Cientista de Dados","2024"
"cekqwtrvdgeysbocekqwllw1zblif1wt","cargo_no_time","Analista de BI","2024"
"cekqwtrvdgeysbocekqwllw1zblif1wt","cargo_no_time","Arquiteto de Dados","2024"
"cekqwtrvdgeysbocekqwllw1zblif1wt","cargo_no_time","Data Product Manager","2024"
"cekqwtrvdgeysbocekqwllw1zblif1wt","cargo_no_time","ML/AI Engineer","2024"
"v3sstmjrmxpy2hhr26p1bu08av3sstml","cargo_no_time","Analista de BI","2024"
"8z1oivybz42l158z1r5t3hh48se8wr5t","cargo_no_time","Analista de Dados","2024"
"8z1oivybz42l158z1r5t3hh48se8wr5t","cargo_no_time","Cientista de Dados","2024"
"8z1oivybz42l158z1r5t3hh48se8wr5t","cargo_no_time","ML/AI Engineer","2024"
"fx283ucxga0ryb3fx282gvy26wl23fwz","cargo_no_time","Analista de Dados","2024"
"fx283ucxga0ryb3fx282gvy26wl23fwz","cargo_no_time","Cientista de Dados","2024"
"fx283ucxga0ryb3fx282gvy26wl23fwz","cargo_no_time","Business Analyst","2024"
"fx283ucxga0ryb3fx282gvy26wl23fwz","cargo_no_time","ML/AI Engineer","2024"
"x2rtfrtxt93e2z3hd2tx2rtn6ue952vk","cargo_no_time","Analytics Engineer","2024"
"x2rtfrtxt93e2z3hd2tx2rtn6ue952vk","cargo_no_time","Engenharia de Dados","2024"
"x2rtfrtxt93e2z3hd2tx2rtn6ue952vk","cargo_no_time","Analista de Dados","2024"
"x2rtfrtxt93e2z3hd2tx2rtn6ue952vk","cargo_no_time","Cientista de Dados","2024"
"x2rtfrtxt93e2z3hd2tx2rtn6ue952vk","cargo_no_time","DBA","2024"
"x2rtfrtxt93e2z3hd2tx2rtn6ue952vk","cargo_no_time","Arquiteto de Dados","2024"
"x2rtfrtxt93e2z3hd2tx2rtn6ue952vk","cargo_no_time","Business Analyst","2024"
"x2rtfrtxt93e2z3hd2tx2rtn6ue952vk","cargo_no_time","ML/AI Engineer","2024"
"mnl7o4uyono7ap2wmnl7o4bgvf7z3qhn","cargo_no_time","Engenharia de Dados","2024"
"mnl7o4uyono7ap2wmnl7o4bgvf7z3qhn","cargo_no_time","Analista de Dados","2024"
"mnl7o4uyono7ap2wmnl7o4bgvf7z3qhn","cargo_no_time","DBA","2024"
"mnl7o4uyono7ap2wmnl7o4bgvf7z3qhn","cargo_no_time","Analista de BI","2024"
"mnl7o4uyono7ap2wmnl7o4bgvf7z3qhn","cargo_no_time","Business Analyst","2024"
"essrwx8y04jl9m6fwuqessh2z4b8b8dh","cargo_no_time","Analytics Engineer","2024"
"essrwx8y04jl9m6fwuqessh2z4b8b8dh","cargo_no_time","Engenharia de Dados","2024"
"essrwx8y04jl9m6fwuqessh2z4b8b8dh","cargo_no_time","Analista de Dados","2024"
"essrwx8y04jl9m6fwuqessh2z4b8b8dh","cargo_no_time","Analista de BI","2024"
"mo3orbhmhpwzb4jq2mo3or0nlloyb2zc","cargo_no_time","Analytics Engineer","2024"
"mo3orbhmhpwzb4jq2mo3or0nlloyb2zc","cargo_no_time","Engenharia de Dados","2024"
"mo3orbhmhpwzb4jq2mo3or0nlloyb2zc","cargo_no_time","Analista de Dados","2024"
"mo3orbhmhpwzb4jq2mo3or0nlloyb2zc","cargo_no_time","Cientista de Dados","2024"
"mo3orbhmhpwzb4jq2mo3or0nlloyb2zc","cargo_no_time","DBA","2024"
"mo3orbhmhpwzb4jq2mo3or0nlloyb2zc","cargo_no_time","Business Analyst","2024"
"mo3orbhmhpwzb4jq2mo3or0nlloyb2zc","cargo_no_time","ML/AI Engineer","2024"
"1qr6rg8cnxl4bc841bo1qr6rnfmtm6pt","cargo_no_time","Engenharia de Dados","2024"
"1qr6rg8cnxl4bc841bo1qr6rnfmtm6pt","cargo_no_time","Analista de BI","2024"
"1qr6rg8cnxl4bc841bo1qr6rnfmtm6pt","cargo_no_time","Data Product Manager","2024"
"syyi6iik9bi2nnrh6ltsyyi6ksev7ilp","cargo_no_time","Engenharia de Dados","2024"
"syyi6iik9bi2nnrh6ltsyyi6ksev7ilp","cargo_no_time","Analista de Dados","2024"
"syyi6iik9bi2nnrh6ltsyyi6ksev7ilp","cargo_no_time","Cientista de Dados","2024"
"syyi6iik9bi2nnrh6ltsyyi6ksev7ilp","cargo_no_time","DBA","2024"
"syyi6iik9bi2nnrh6ltsyyi6ksev7ilp","cargo_no_time","Analista de BI","2024"
"gdk2ly2ne3q5s3e5im5bikgdk2ly225c","cargo_no_time","DBA","2025"
"gdk2ly2ne3q5s3e5im5bikgdk2ly225c","cargo_no_time","Analista de BI","2025"
"syyi6iik9bi2nnrh6ltsyyi6ksev7ilp","cargo_no_time","Arquiteto de Dados","2024"
"syyi6iik9bi2nnrh6ltsyyi6ksev7ilp","cargo_no_time","ML/AI Engineer","2024"
"4773c7xfi3kgszbah9x4773c7x0t01hr","cargo_no_time","Analista de BI","2024"
"5mikl8jfrfscz2v6i25miu4evibam5uf","cargo_no_time","Engenharia de Dados","2024"
"5mikl8jfrfscz2v6i25miu4evibam5uf","cargo_no_time","Analista de Dados","2024"
"5mikl8jfrfscz2v6i25miu4evibam5uf","cargo_no_time","Cientista de Dados","2024"
"5mikl8jfrfscz2v6i25miu4evibam5uf","cargo_no_time","Analista de BI","2024"
"5mikl8jfrfscz2v6i25miu4evibam5uf","cargo_no_time","ML/AI Engineer","2024"
"eeqsaduxljyy26222urnireeqsa8p6so","cargo_no_time","Engenharia de Dados","2024"
"eeqsaduxljyy26222urnireeqsa8p6so","cargo_no_time","Analista de Dados","2024"
"eeqsaduxljyy26222urnireeqsa8p6so","cargo_no_time","DBA","2024"
"eeqsaduxljyy26222urnireeqsa8p6so","cargo_no_time","Analista de BI","2024"
"eeqsaduxljyy26222urnireeqsa8p6so","cargo_no_time","Business Analyst","2024"
"rui2gr9lxp2pztyrzjrui23n8ijuajdj","cargo_no_time","Analytics Engineer","2024"
"rui2gr9lxp2pztyrzjrui23n8ijuajdj","cargo_no_time","Engenharia de Dados","2024"
"rui2gr9lxp2pztyrzjrui23n8ijuajdj","cargo_no_time","Analista de Dados","2024"
"rui2gr9lxp2pztyrzjrui23n8ijuajdj","cargo_no_time","Cientista de Dados","2024"
"rui2gr9lxp2pztyrzjrui23n8ijuajdj","cargo_no_time","Arquiteto de Dados","2024"
"rui2gr9lxp2pztyrzjrui23n8ijuajdj","cargo_no_time","ML/AI Engineer","2024"
"27211w5ht6yqgc2721eesxtysqr2u0mq","cargo_no_time","Analytics Engineer","2024"
"27211w5ht6yqgc2721eesxtysqr2u0mq","cargo_no_time","Engenharia de Dados","2024"
"27211w5ht6yqgc2721eesxtysqr2u0mq","cargo_no_time","Analista de Dados","2024"
"27211w5ht6yqgc2721eesxtysqr2u0mq","cargo_no_time","Cientista de Dados","2024"
"27211w5ht6yqgc2721eesxtysqr2u0mq","cargo_no_time","Analista de BI","2024"
"27211w5ht6yqgc2721eesxtysqr2u0mq","cargo_no_time","Arquiteto de Dados","2024"
"27211w5ht6yqgc2721eesxtysqr2u0mq","cargo_no_time","Data Product Manager","2024"
"27211w5ht6yqgc2721eesxtysqr2u0mq","cargo_no_time","Business Analyst","2024"
"1qkenbn70htmh6921qkrby5omhgoived","cargo_no_time","Analytics Engineer","2024"
"1qkenbn70htmh6921qkrby5omhgoived","cargo_no_time","Cientista de Dados","2024"
"1qkenbn70htmh6921qkrby5omhgoived","cargo_no_time","Business Analyst","2024"
"1qkenbn70htmh6921qkrby5omhgoived","cargo_no_time","ML/AI Engineer","2024"
"y4q1vqso057nua2dy4q1vqs9zldjzns0","cargo_no_time","Analista de Dados","2024"
"y4q1vqso057nua2dy4q1vqs9zldjzns0","cargo_no_time","Cientista de Dados","2024"
"y4q1vqso057nua2dy4q1vqs9zldjzns0","cargo_no_time","Analista de BI","2024"
"y4q1vqso057nua2dy4q1vqs9zldjzns0","cargo_no_time","Data Product Manager","2024"
"3dvcsyawrt49kxtdcq7yko3dvcsyep34","cargo_no_time","Analytics Engineer","2024"
"3dvcsyawrt49kxtdcq7yko3dvcsyep34","cargo_no_time","Engenharia de Dados","2024"
"3dvcsyawrt49kxtdcq7yko3dvcsyep34","cargo_no_time","Analista de Dados","2024"
"3dvcsyawrt49kxtdcq7yko3dvcsyep34","cargo_no_time","Cientista de Dados","2024"
"3dvcsyawrt49kxtdcq7yko3dvcsyep34","cargo_no_time","DBA","2024"
"3dvcsyawrt49kxtdcq7yko3dvcsyep34","cargo_no_time","Analista de BI","2024"
"3dvcsyawrt49kxtdcq7yko3dvcsyep34","cargo_no_time","Arquiteto de Dados","2024"
"3dvcsyawrt49kxtdcq7yko3dvcsyep34","cargo_no_time","Data Product Manager","2024"
"3dvcsyawrt49kxtdcq7yko3dvcsyep34","cargo_no_time","Business Analyst","2024"
"3dvcsyawrt49kxtdcq7yko3dvcsyep34","cargo_no_time","ML/AI Engineer","2024"
"svis1cqnve6zdvmqf7svisbvusfcq9o3","cargo_no_time","Analista de Dados","2024"
"svis1cqnve6zdvmqf7svisbvusfcq9o3","cargo_no_time","Cientista de Dados","2024"
"svis1cqnve6zdvmqf7svisbvusfcq9o3","cargo_no_time","Analista de BI","2024"
"svis1cqnve6zdvmqf7svisbvusfcq9o3","cargo_no_time","Business Analyst","2024"
"lhxxdb5qrv1wlhxxizou2lzuchgd6riz","cargo_no_time","Analytics Engineer","2024"
"lhxxdb5qrv1wlhxxizou2lzuchgd6riz","cargo_no_time","Engenharia de Dados","2024"
"lhxxdb5qrv1wlhxxizou2lzuchgd6riz","cargo_no_time","Analista de Dados","2024"
"lhxxdb5qrv1wlhxxizou2lzuchgd6riz","cargo_no_time","Cientista de Dados","2024"
"lhxxdb5qrv1wlhxxizou2lzuchgd6riz","cargo_no_time","Analista de BI","2024"
"lhxxdb5qrv1wlhxxizou2lzuchgd6riz","cargo_no_time","Arquiteto de Dados","2024"
"lhxxdb5qrv1wlhxxizou2lzuchgd6riz","cargo_no_time","Data Product Manager","2024"
"lhxxdb5qrv1wlhxxizou2lzuchgd6riz","cargo_no_time","ML/AI Engineer","2024"
"9z0lu1sezab8lqtzf9z0lu1lv8598azb","cargo_no_time","Analytics Engineer","2024"
"9z0lu1sezab8lqtzf9z0lu1lv8598azb","cargo_no_time","Engenharia de Dados","2024"
"9z0lu1sezab8lqtzf9z0lu1lv8598azb","cargo_no_time","Analista de Dados","2024"
"9z0lu1sezab8lqtzf9z0lu1lv8598azb","cargo_no_time","Cientista de Dados","2024"
"9z0lu1sezab8lqtzf9z0lu1lv8598azb","cargo_no_time","Arquiteto de Dados","2024"
"9z0lu1sezab8lqtzf9z0lu1lv8598azb","cargo_no_time","Data Product Manager","2024"
"9z0lu1sezab8lqtzf9z0lu1lv8598azb","cargo_no_time","ML/AI Engineer","2024"
"237gp0p7ovzc8tlp237gpnot5cx2r5yu","cargo_no_time","Analista de BI","2024"
"8ek1v3m1izjqiissbq8ek1val34e9o4f","cargo_no_time","Engenharia de Dados","2024"
"8ek1v3m1izjqiissbq8ek1val34e9o4f","cargo_no_time","Analista de Dados","2024"
"8ek1v3m1izjqiissbq8ek1val34e9o4f","cargo_no_time","Cientista de Dados","2024"
"8ek1v3m1izjqiissbq8ek1val34e9o4f","cargo_no_time","Analista de BI","2024"
"8ek1v3m1izjqiissbq8ek1val34e9o4f","cargo_no_time","Data Product Manager","2024"
"ujnnrc05k6w8vmwujnnr7bzmoox49g5y","cargo_no_time","Engenharia de Dados","2024"
"ujnnrc05k6w8vmwujnnr7bzmoox49g5y","cargo_no_time","Analista de Dados","2024"
"ujnnrc05k6w8vmwujnnr7bzmoox49g5y","cargo_no_time","Cientista de Dados","2024"
"ujnnrc05k6w8vmwujnnr7bzmoox49g5y","cargo_no_time","Analista de BI","2024"
"jufi1zc71qi3rjkhsfjufi1hm36n7ac3","cargo_no_time","Analytics Engineer","2024"
"jufi1zc71qi3rjkhsfjufi1hm36n7ac3","cargo_no_time","Engenharia de Dados","2024"
"jufi1zc71qi3rjkhsfjufi1hm36n7ac3","cargo_no_time","Analista de Dados","2024"
"jufi1zc71qi3rjkhsfjufi1hm36n7ac3","cargo_no_time","Cientista de Dados","2024"
"jufi1zc71qi3rjkhsfjufi1hm36n7ac3","cargo_no_time","DBA","2024"
"jufi1zc71qi3rjkhsfjufi1hm36n7ac3","cargo_no_time","Analista de BI","2024"
"jufi1zc71qi3rjkhsfjufi1hm36n7ac3","cargo_no_time","Arquiteto de Dados","2024"
"jufi1zc71qi3rjkhsfjufi1hm36n7ac3","cargo_no_time","Business Analyst","2024"
"sa8k8kl5oiqkbxo6bqjbsa8k8kwy2o3w","cargo_no_time","DBA","2024"
"sa8k8kl5oiqkbxo6bqjbsa8k8kwy2o3w","cargo_no_time","Analista de BI","2024"
"mg9gz6kbsal53qsyxmg9gz6kg7mds9br","cargo_no_time","Analista de Dados","2024"
"mg9gz6kbsal53qsyxmg9gz6kg7mds9br","cargo_no_time","Analista de BI","2024"
"5zvy5tmbupr41pkc6qnea5zvy5tmjr12","cargo_no_time","Analytics Engineer","2024"
"f89t4ldmxiwwqj1f89lt3uj0ep03fhzy","cargo_no_time","Analista de Dados","2024"
"f89t4ldmxiwwqj1f89lt3uj0ep03fhzy","cargo_no_time","DBA","2024"
"szfelx8270gld72skszfq31irp9ojsy9","cargo_no_time","Arquiteto de Dados","2024"
"fw9wra9xgkjta50fm4ixmjfw9wraes3a","cargo_no_time","Analytics Engineer","2024"
"fw9wra9xgkjta50fm4ixmjfw9wraes3a","cargo_no_time","Engenharia de Dados","2024"
"fw9wra9xgkjta50fm4ixmjfw9wraes3a","cargo_no_time","Analista de Dados","2024"
"fw9wra9xgkjta50fm4ixmjfw9wraes3a","cargo_no_time","Cientista de Dados","2024"
"fw9wra9xgkjta50fm4ixmjfw9wraes3a","cargo_no_time","Analista de BI","2024"
"fw9wra9xgkjta50fm4ixmjfw9wraes3a","cargo_no_time","Arquiteto de Dados","2024"
"fw9wra9xgkjta50fm4ixmjfw9wraes3a","cargo_no_time","ML/AI Engineer","2024"
"yq2e9ha2ng8p36nrshfsyq2e12dw6y0u","cargo_no_time","Engenharia de Dados","2024"
"yq2e9ha2ng8p36nrshfsyq2e12dw6y0u","cargo_no_time","Analista de Dados","2024"
"3cqd9cxrbavqwayoa59xr03cqd9cxn1u","cargo_no_time","Analytics Engineer","2024"
"3cqd9cxrbavqwayoa59xr03cqd9cxn1u","cargo_no_time","Engenharia de Dados","2024"
"3cqd9cxrbavqwayoa59xr03cqd9cxn1u","cargo_no_time","Analista de Dados","2024"
"3cqd9cxrbavqwayoa59xr03cqd9cxn1u","cargo_no_time","Cientista de Dados","2024"
"scp2zlzdq9vns3qbm96pscp21g7wb0zz","cargo_no_time","DBA","2024"
"scp2zlzdq9vns3qbm96pscp21g7wb0zz","cargo_no_time","Analista de BI","2024"
"scp2zlzdq9vns3qbm96pscp21g7wb0zz","cargo_no_time","Business Analyst","2024"
"74vxb8e79bkmflolmmh74vxboqgrmxz7","cargo_no_time","Engenharia de Dados","2024"
"74vxb8e79bkmflolmmh74vxboqgrmxz7","cargo_no_time","Analista de Dados","2024"
"74vxb8e79bkmflolmmh74vxboqgrmxz7","cargo_no_time","Cientista de Dados","2024"
"74vxb8e79bkmflolmmh74vxboqgrmxz7","cargo_no_time","Analista de BI","2024"
"mg4cj9ces6k6nygmg4kippe16xduq5wz","cargo_no_time","Engenharia de Dados","2024"
"mg4cj9ces6k6nygmg4kippe16xduq5wz","cargo_no_time","Analista de Dados","2024"
"mg4cj9ces6k6nygmg4kippe16xduq5wz","cargo_no_time","Cientista de Dados","2024"
"mg4cj9ces6k6nygmg4kippe16xduq5wz","cargo_no_time","DBA","2024"
"mg4cj9ces6k6nygmg4kippe16xduq5wz","cargo_no_time","Analista de BI","2024"
"mg4cj9ces6k6nygmg4kippe16xduq5wz","cargo_no_time","Business Analyst","2024"
"mg4cj9ces6k6nygmg4kippe16xduq5wz","cargo_no_time","ML/AI Engineer","2024"
"vs6my49szd881rn4vs6mlhfl15qzkj6p","cargo_no_time","Data Product Manager","2024"
"v6aicrrhw49hd6wr71g46v6aicrr45gp","cargo_no_time","Analytics Engineer","2024"
"v6aicrrhw49hd6wr71g46v6aicrr45gp","cargo_no_time","Engenharia de Dados","2024"
"v6aicrrhw49hd6wr71g46v6aicrr45gp","cargo_no_time","Analista de Dados","2024"
"v6aicrrhw49hd6wr71g46v6aicrr45gp","cargo_no_time","Cientista de Dados","2024"
"v6aicrrhw49hd6wr71g46v6aicrr45gp","cargo_no_time","DBA","2024"
"v6aicrrhw49hd6wr71g46v6aicrr45gp","cargo_no_time","Analista de BI","2024"
"v6aicrrhw49hd6wr71g46v6aicrr45gp","cargo_no_time","Arquiteto de Dados","2024"
"v6aicrrhw49hd6wr71g46v6aicrr45gp","cargo_no_time","Business Analyst","2024"
"v6aicrrhw49hd6wr71g46v6aicrr45gp","cargo_no_time","ML/AI Engineer","2024"
"q0tybfk2n7aeq7jvbfq0tybfkxfi3n0j","cargo_no_time","Analytics Engineer","2024"
"q0tybfk2n7aeq7jvbfq0tybfkxfi3n0j","cargo_no_time","Engenharia de Dados","2024"
"q0tybfk2n7aeq7jvbfq0tybfkxfi3n0j","cargo_no_time","Analista de Dados","2024"
"q0tybfk2n7aeq7jvbfq0tybfkxfi3n0j","cargo_no_time","Cientista de Dados","2024"
"q0tybfk2n7aeq7jvbfq0tybfkxfi3n0j","cargo_no_time","DBA","2024"
"q0tybfk2n7aeq7jvbfq0tybfkxfi3n0j","cargo_no_time","Analista de BI","2024"
"q0tybfk2n7aeq7jvbfq0tybfkxfi3n0j","cargo_no_time","Arquiteto de Dados","2024"
"q0tybfk2n7aeq7jvbfq0tybfkxfi3n0j","cargo_no_time","Data Product Manager","2024"
"q0tybfk2n7aeq7jvbfq0tybfkxfi3n0j","cargo_no_time","Business Analyst","2024"
"q0tybfk2n7aeq7jvbfq0tybfkxfi3n0j","cargo_no_time","ML/AI Engineer","2024"
"mb6sozek3byrnwb2zhn9mb6sozmrdz6o","cargo_no_time","Analytics Engineer","2024"
"mb6sozek3byrnwb2zhn9mb6sozmrdz6o","cargo_no_time","Engenharia de Dados","2024"
"mb6sozek3byrnwb2zhn9mb6sozmrdz6o","cargo_no_time","Analista de Dados","2024"
"mb6sozek3byrnwb2zhn9mb6sozmrdz6o","cargo_no_time","Cientista de Dados","2024"
"mb6sozek3byrnwb2zhn9mb6sozmrdz6o","cargo_no_time","DBA","2024"
"mb6sozek3byrnwb2zhn9mb6sozmrdz6o","cargo_no_time","Analista de BI","2024"
"mb6sozek3byrnwb2zhn9mb6sozmrdz6o","cargo_no_time","Arquiteto de Dados","2024"
"mb6sozek3byrnwb2zhn9mb6sozmrdz6o","cargo_no_time","Data Product Manager","2024"
"mb6sozek3byrnwb2zhn9mb6sozmrdz6o","cargo_no_time","Business Analyst","2024"
"mb6sozek3byrnwb2zhn9mb6sozmrdz6o","cargo_no_time","ML/AI Engineer","2024"
"nlexd43dmw6imj1kyb4h4cfinlexd43d","cargo_no_time","Analytics Engineer","2024"
"nlexd43dmw6imj1kyb4h4cfinlexd43d","cargo_no_time","Engenharia de Dados","2024"
"nlexd43dmw6imj1kyb4h4cfinlexd43d","cargo_no_time","Analista de Dados","2024"
"nlexd43dmw6imj1kyb4h4cfinlexd43d","cargo_no_time","Cientista de Dados","2024"
"nlexd43dmw6imj1kyb4h4cfinlexd43d","cargo_no_time","Data Product Manager","2024"
"nlexd43dmw6imj1kyb4h4cfinlexd43d","cargo_no_time","Business Analyst","2024"
"nlexd43dmw6imj1kyb4h4cfinlexd43d","cargo_no_time","ML/AI Engineer","2024"
"k0uxrii5oiz9eahj8h6uk0uxvx8qht8s","cargo_no_time","Analytics Engineer","2024"
"k0uxrii5oiz9eahj8h6uk0uxvx8qht8s","cargo_no_time","Engenharia de Dados","2024"
"k0uxrii5oiz9eahj8h6uk0uxvx8qht8s","cargo_no_time","Analista de Dados","2024"
"k0uxrii5oiz9eahj8h6uk0uxvx8qht8s","cargo_no_time","Analista de BI","2024"
"k0uxrii5oiz9eahj8h6uk0uxvx8qht8s","cargo_no_time","Business Analyst","2024"
"zzpjwk9rkavdtmpuzzpjwf61pz7f0ade","cargo_no_time","Engenharia de Dados","2024"
"zzpjwk9rkavdtmpuzzpjwf61pz7f0ade","cargo_no_time","Analista de Dados","2024"
"zzpjwk9rkavdtmpuzzpjwf61pz7f0ade","cargo_no_time","Cientista de Dados","2024"
"zzpjwk9rkavdtmpuzzpjwf61pz7f0ade","cargo_no_time","DBA","2024"
"zzpjwk9rkavdtmpuzzpjwf61pz7f0ade","cargo_no_time","Analista de BI","2024"
"aqcxa03mrsnwl2nrch5mnaqcxa0j2yw1","cargo_no_time","Engenharia de Dados","2024"
"aqcxa03mrsnwl2nrch5mnaqcxa0j2yw1","cargo_no_time","Analista de Dados","2024"
"aqcxa03mrsnwl2nrch5mnaqcxa0j2yw1","cargo_no_time","Cientista de Dados","2024"
"aqcxa03mrsnwl2nrch5mnaqcxa0j2yw1","cargo_no_time","Analista de BI","2024"
"3l6sdd4clqpeazd03l6sfb6rl83616bo","cargo_no_time","Analytics Engineer","2024"
"3l6sdd4clqpeazd03l6sfb6rl83616bo","cargo_no_time","Engenharia de Dados","2024"
"3l6sdd4clqpeazd03l6sfb6rl83616bo","cargo_no_time","Analista de Dados","2024"
"3l6sdd4clqpeazd03l6sfb6rl83616bo","cargo_no_time","Cientista de Dados","2024"
"3l6sdd4clqpeazd03l6sfb6rl83616bo","cargo_no_time","Analista de BI","2024"
"3l6sdd4clqpeazd03l6sfb6rl83616bo","cargo_no_time","Arquiteto de Dados","2024"
"3l6sdd4clqpeazd03l6sfb6rl83616bo","cargo_no_time","Data Product Manager","2024"
"3l6sdd4clqpeazd03l6sfb6rl83616bo","cargo_no_time","Business Analyst","2024"
"3l6sdd4clqpeazd03l6sfb6rl83616bo","cargo_no_time","ML/AI Engineer","2024"
"nb6kxpjp4s42inj9qtnr5bnb6kxpqfi8","cargo_no_time","Engenharia de Dados","2024"
"nb6kxpjp4s42inj9qtnr5bnb6kxpqfi8","cargo_no_time","Analista de Dados","2024"
"nb6kxpjp4s42inj9qtnr5bnb6kxpqfi8","cargo_no_time","Cientista de Dados","2024"
"nb6kxpjp4s42inj9qtnr5bnb6kxpqfi8","cargo_no_time","DBA","2024"
"nb6kxpjp4s42inj9qtnr5bnb6kxpqfi8","cargo_no_time","Analista de BI","2024"
"nb6kxpjp4s42inj9qtnr5bnb6kxpqfi8","cargo_no_time","Arquiteto de Dados","2024"
"nb6kxpjp4s42inj9qtnr5bnb6kxpqfi8","cargo_no_time","Data Product Manager","2024"
"nb6kxpjp4s42inj9qtnr5bnb6kxpqfi8","cargo_no_time","Business Analyst","2024"
"6notjww2h8drtb8i6lluh6notjwdeani","cargo_no_time","Analytics Engineer","2024"
"6notjww2h8drtb8i6lluh6notjwdeani","cargo_no_time","Engenharia de Dados","2024"
"6notjww2h8drtb8i6lluh6notjwdeani","cargo_no_time","Analista de Dados","2024"
"6notjww2h8drtb8i6lluh6notjwdeani","cargo_no_time","Cientista de Dados","2024"
"6notjww2h8drtb8i6lluh6notjwdeani","cargo_no_time","DBA","2024"
"6notjww2h8drtb8i6lluh6notjwdeani","cargo_no_time","Analista de BI","2024"
"6notjww2h8drtb8i6lluh6notjwdeani","cargo_no_time","Arquiteto de Dados","2024"
"luqjyh420fi8jet8pdluqe39rnv322pm","cargo_no_time","Analytics Engineer","2025"
"luqjyh420fi8jet8pdluqe39rnv322pm","cargo_no_time","Engenharia de Dados","2025"
"luqjyh420fi8jet8pdluqe39rnv322pm","cargo_no_time","Analista de Dados","2025"
"luqjyh420fi8jet8pdluqe39rnv322pm","cargo_no_time","Cientista de Dados","2025"
"6notjww2h8drtb8i6lluh6notjwdeani","cargo_no_time","Business Analyst","2024"
"6notjww2h8drtb8i6lluh6notjwdeani","cargo_no_time","ML/AI Engineer","2024"
"sxohokd72qfj02y9n3j0hesxohom2o6c","cargo_no_time","Analytics Engineer","2024"
"sxohokd72qfj02y9n3j0hesxohom2o6c","cargo_no_time","Engenharia de Dados","2024"
"sxohokd72qfj02y9n3j0hesxohom2o6c","cargo_no_time","Analista de Dados","2024"
"sxohokd72qfj02y9n3j0hesxohom2o6c","cargo_no_time","Cientista de Dados","2024"
"sxohokd72qfj02y9n3j0hesxohom2o6c","cargo_no_time","DBA","2024"
"sxohokd72qfj02y9n3j0hesxohom2o6c","cargo_no_time","Analista de BI","2024"
"sxohokd72qfj02y9n3j0hesxohom2o6c","cargo_no_time","Arquiteto de Dados","2024"
"sxohokd72qfj02y9n3j0hesxohom2o6c","cargo_no_time","Data Product Manager","2024"
"sxohokd72qfj02y9n3j0hesxohom2o6c","cargo_no_time","Business Analyst","2024"
"sxohokd72qfj02y9n3j0hesxohom2o6c","cargo_no_time","ML/AI Engineer","2024"
"epxz4nw2s5w7gepxz4r0ce8bup4v0nf0","cargo_no_time","Analytics Engineer","2024"
"epxz4nw2s5w7gepxz4r0ce8bup4v0nf0","cargo_no_time","Engenharia de Dados","2024"
"epxz4nw2s5w7gepxz4r0ce8bup4v0nf0","cargo_no_time","Analista de Dados","2024"
"epxz4nw2s5w7gepxz4r0ce8bup4v0nf0","cargo_no_time","Cientista de Dados","2024"
"epxz4nw2s5w7gepxz4r0ce8bup4v0nf0","cargo_no_time","Analista de BI","2024"
"epxz4nw2s5w7gepxz4r0ce8bup4v0nf0","cargo_no_time","Business Analyst","2024"
"epxz4nw2s5w7gepxz4r0ce8bup4v0nf0","cargo_no_time","ML/AI Engineer","2024"
"cvmzindhb0mi9wzwycvmzinjewae2f5q","cargo_no_time","Analytics Engineer","2024"
"cvmzindhb0mi9wzwycvmzinjewae2f5q","cargo_no_time","Engenharia de Dados","2024"
"cvmzindhb0mi9wzwycvmzinjewae2f5q","cargo_no_time","Analista de Dados","2024"
"cvmzindhb0mi9wzwycvmzinjewae2f5q","cargo_no_time","Cientista de Dados","2024"
"cvmzindhb0mi9wzwycvmzinjewae2f5q","cargo_no_time","Analista de BI","2024"
"cvmzindhb0mi9wzwycvmzinjewae2f5q","cargo_no_time","Arquiteto de Dados","2024"
"cvmzindhb0mi9wzwycvmzinjewae2f5q","cargo_no_time","Data Product Manager","2024"
"cvmzindhb0mi9wzwycvmzinjewae2f5q","cargo_no_time","Business Analyst","2024"
"cvmzindhb0mi9wzwycvmzinjewae2f5q","cargo_no_time","ML/AI Engineer","2024"
"uybigxgq1fssp1c0khummuybi85jtbu8","cargo_no_time","Analista de Dados","2024"
"uybigxgq1fssp1c0khummuybi85jtbu8","cargo_no_time","Analista de BI","2024"
"uybigxgq1fssp1c0khummuybi85jtbu8","cargo_no_time","Business Analyst","2024"
"uclkdj0fl1bcpl6z1uclkdjq1lh8lcsa","cargo_no_time","Analista de Dados","2024"
"uclkdj0fl1bcpl6z1uclkdjq1lh8lcsa","cargo_no_time","Business Analyst","2024"
"msxk8ng803bhvmgiwmsxk8nhaqjugtt3","cargo_no_time","Analytics Engineer","2024"
"msxk8ng803bhvmgiwmsxk8nhaqjugtt3","cargo_no_time","Engenharia de Dados","2024"
"msxk8ng803bhvmgiwmsxk8nhaqjugtt3","cargo_no_time","Analista de Dados","2024"
"msxk8ng803bhvmgiwmsxk8nhaqjugtt3","cargo_no_time","Cientista de Dados","2024"
"msxk8ng803bhvmgiwmsxk8nhaqjugtt3","cargo_no_time","DBA","2024"
"msxk8ng803bhvmgiwmsxk8nhaqjugtt3","cargo_no_time","Analista de BI","2024"
"msxk8ng803bhvmgiwmsxk8nhaqjugtt3","cargo_no_time","Arquiteto de Dados","2024"
"msxk8ng803bhvmgiwmsxk8nhaqjugtt3","cargo_no_time","Data Product Manager","2024"
"msxk8ng803bhvmgiwmsxk8nhaqjugtt3","cargo_no_time","Business Analyst","2024"
"msxk8ng803bhvmgiwmsxk8nhaqjugtt3","cargo_no_time","ML/AI Engineer","2024"
"luqjyh420fi8jet8pdluqe39rnv322pm","cargo_no_time","Analista de BI","2025"
"nmbw6g7ibh4p393ijzagisnmbw6g7ibf","cargo_no_time","Business Analyst","2025"
"a3qixvafp9mn7pmvpou4a3qixuxk9x8h","cargo_no_time","Cientista de Dados","2025"
"fjxlosg4b2vrjruio3fjxdrudl5y7e4y","cargo_no_time","Analytics Engineer","2025"
"fjxlosg4b2vrjruio3fjxdrudl5y7e4y","cargo_no_time","Engenharia de Dados","2025"
"fjxlosg4b2vrjruio3fjxdrudl5y7e4y","cargo_no_time","Analista de Dados","2025"
"fjxlosg4b2vrjruio3fjxdrudl5y7e4y","cargo_no_time","Cientista de Dados","2025"
"fjxlosg4b2vrjruio3fjxdrudl5y7e4y","cargo_no_time","DBA","2025"
"fjxlosg4b2vrjruio3fjxdrudl5y7e4y","cargo_no_time","Arquiteto de Dados","2025"
"fjxlosg4b2vrjruio3fjxdrudl5y7e4y","cargo_no_time","Business Analyst","2025"
"fjxlosg4b2vrjruio3fjxdrudl5y7e4y","cargo_no_time","ML/AI Engineer","2025"
"ncuj9wy18yiwoanmp9ncuj9wq949w1f6","cargo_no_time","Analytics Engineer","2025"
"ncuj9wy18yiwoanmp9ncuj9wq949w1f6","cargo_no_time","Engenharia de Dados","2025"
"ncuj9wy18yiwoanmp9ncuj9wq949w1f6","cargo_no_time","Analista de Dados","2025"
"ncuj9wy18yiwoanmp9ncuj9wq949w1f6","cargo_no_time","Cientista de Dados","2025"
"ncuj9wy18yiwoanmp9ncuj9wq949w1f6","cargo_no_time","Arquiteto de Dados","2025"
"28ya3j2o6w01myg028ya3mkfz6ndq54l","cargo_no_time","DBA","2025"
"28ya3j2o6w01myg028ya3mkfz6ndq54l","cargo_no_time","Arquiteto de Dados","2025"
"7dvckh9f5ditmz84zpw17dvckhvjb4qo","cargo_no_time","Engenharia de Dados","2025"
"7dvckh9f5ditmz84zpw17dvckhvjb4qo","cargo_no_time","Analista de Dados","2025"
"7dvckh9f5ditmz84zpw17dvckhvjb4qo","cargo_no_time","Cientista de Dados","2025"
"7dvckh9f5ditmz84zpw17dvckhvjb4qo","cargo_no_time","Analista de BI","2025"
"7dvckh9f5ditmz84zpw17dvckhvjb4qo","cargo_no_time","Arquiteto de Dados","2025"
"7dvckh9f5ditmz84zpw17dvckhvjb4qo","cargo_no_time","Data Product Manager","2025"
"7dvckh9f5ditmz84zpw17dvckhvjb4qo","cargo_no_time","Business Analyst","2025"
"7dvckh9f5ditmz84zpw17dvckhvjb4qo","cargo_no_time","ML/AI Engineer","2025"
"tf57mdr2wdpmjkvntf57tr1ecqmnpan1","cargo_no_time","Engenharia de Dados","2025"
"tf57mdr2wdpmjkvntf57tr1ecqmnpan1","cargo_no_time","Analista de Dados","2025"
"tf57mdr2wdpmjkvntf57tr1ecqmnpan1","cargo_no_time","DBA","2025"
"tf57mdr2wdpmjkvntf57tr1ecqmnpan1","cargo_no_time","ML/AI Engineer","2025"
"j94id4fcuscd5l7283rvj94id4fcm2ax","cargo_no_time","Engenharia de Dados","2025"
"j94id4fcuscd5l7283rvj94id4fcm2ax","cargo_no_time","Analista de Dados","2025"
"j94id4fcuscd5l7283rvj94id4fcm2ax","cargo_no_time","Cientista de Dados","2025"
"j94id4fcuscd5l7283rvj94id4fcm2ax","cargo_no_time","DBA","2025"
"j94id4fcuscd5l7283rvj94id4fcm2ax","cargo_no_time","Analista de BI","2025"
"j94id4fcuscd5l7283rvj94id4fcm2ax","cargo_no_time","Data Product Manager","2025"
"j94id4fcuscd5l7283rvj94id4fcm2ax","cargo_no_time","Business Analyst","2025"
"ddsk534tznrru2bkksmpddsk531ukx5t","cargo_no_time","Analytics Engineer","2025"
"ddsk534tznrru2bkksmpddsk531ukx5t","cargo_no_time","Engenharia de Dados","2025"
"ddsk534tznrru2bkksmpddsk531ukx5t","cargo_no_time","Analista de Dados","2025"
"ddsk534tznrru2bkksmpddsk531ukx5t","cargo_no_time","Cientista de Dados","2025"
"ddsk534tznrru2bkksmpddsk531ukx5t","cargo_no_time","Analista de BI","2025"
"ddsk534tznrru2bkksmpddsk531ukx5t","cargo_no_time","Arquiteto de Dados","2025"
"ddsk534tznrru2bkksmpddsk531ukx5t","cargo_no_time","ML/AI Engineer","2025"
"8wkfoj46uopx1ru6b8wkfoj4fj83pfef","cargo_no_time","Business Analyst","2025"
"o29c3gyuuu5equ52lo29c3g8fo0j87b2","cargo_no_time","Analytics Engineer","2025"
"o29c3gyuuu5equ52lo29c3g8fo0j87b2","cargo_no_time","Engenharia de Dados","2025"
"o29c3gyuuu5equ52lo29c3g8fo0j87b2","cargo_no_time","Analista de Dados","2025"
"o29c3gyuuu5equ52lo29c3g8fo0j87b2","cargo_no_time","Cientista de Dados","2025"
"o29c3gyuuu5equ52lo29c3g8fo0j87b2","cargo_no_time","Data Product Manager","2025"
"o29c3gyuuu5equ52lo29c3g8fo0j87b2","cargo_no_time","ML/AI Engineer","2025"
"a1pr67gnlqzq4ahd208efsr3a1pr67gn","cargo_no_time","Analytics Engineer","2025"
"9p0txbrzvbfynlpnhi5er9p0txbrytow","cargo_no_time","Engenharia de Dados","2025"
"9p0txbrzvbfynlpnhi5er9p0txbrytow","cargo_no_time","Analista de Dados","2025"
"9p0txbrzvbfynlpnhi5er9p0txbrytow","cargo_no_time","Cientista de Dados","2025"
"9p0txbrzvbfynlpnhi5er9p0txbrytow","cargo_no_time","Analista de BI","2025"
"9p0txbrzvbfynlpnhi5er9p0txbrytow","cargo_no_time","Arquiteto de Dados","2025"
"9p0txbrzvbfynlpnhi5er9p0txbrytow","cargo_no_time","Business Analyst","2025"
"9p0txbrzvbfynlpnhi5er9p0txbrytow","cargo_no_time","ML/AI Engineer","2025"
"54ln2hix945f0959k1254lng0ttd65n2","cargo_no_time","Engenharia de Dados","2025"
"54ln2hix945f0959k1254lng0ttd65n2","cargo_no_time","Analista de Dados","2025"
"54ln2hix945f0959k1254lng0ttd65n2","cargo_no_time","Analista de BI","2025"
"xtg5kycsg4lsrgac4cilixtg5kycsivb","cargo_no_time","Engenharia de Dados","2025"
"xtg5kycsg4lsrgac4cilixtg5kycsivb","cargo_no_time","Cientista de Dados","2025"
"791xkzkrjc4olpls791xkzh2k5y3gu3u","cargo_no_time","Analista de Dados","2025"
"791xkzkrjc4olpls791xkzh2k5y3gu3u","cargo_no_time","Analista de BI","2025"
"791xkzkrjc4olpls791xkzh2k5y3gu3u","cargo_no_time","Business Analyst","2025"
"yfbf8dpqif60sb97cebkfyfbfixrxehm","cargo_no_time","Engenharia de Dados","2025"
"yfbf8dpqif60sb97cebkfyfbfixrxehm","cargo_no_time","Analista de Dados","2025"
"yfbf8dpqif60sb97cebkfyfbfixrxehm","cargo_no_time","Cientista de Dados","2025"
"yfbf8dpqif60sb97cebkfyfbfixrxehm","cargo_no_time","Arquiteto de Dados","2025"
"yfbf8dpqif60sb97cebkfyfbfixrxehm","cargo_no_time","Data Product Manager","2025"
"yfbf8dpqif60sb97cebkfyfbfixrxehm","cargo_no_time","ML/AI Engineer","2025"
"j69xh2ithyfn0k265j69xhajgypi2ers","cargo_no_time","Analytics Engineer","2025"
"j69xh2ithyfn0k265j69xhajgypi2ers","cargo_no_time","Engenharia de Dados","2025"
"j69xh2ithyfn0k265j69xhajgypi2ers","cargo_no_time","Analista de Dados","2025"
"j69xh2ithyfn0k265j69xhajgypi2ers","cargo_no_time","Cientista de Dados","2025"
"j69xh2ithyfn0k265j69xhajgypi2ers","cargo_no_time","DBA","2025"
"j69xh2ithyfn0k265j69xhajgypi2ers","cargo_no_time","Analista de BI","2025"
"j69xh2ithyfn0k265j69xhajgypi2ers","cargo_no_time","Arquiteto de Dados","2025"
"j69xh2ithyfn0k265j69xhajgypi2ers","cargo_no_time","Data Product Manager","2025"
"j69xh2ithyfn0k265j69xhajgypi2ers","cargo_no_time","Business Analyst","2025"
"j69xh2ithyfn0k265j69xhajgypi2ers","cargo_no_time","ML/AI Engineer","2025"
"07rmwsxqthsxjgtm2brrk07rmwsxq0bk","cargo_no_time","Analytics Engineer","2025"
"07rmwsxqthsxjgtm2brrk07rmwsxq0bk","cargo_no_time","Engenharia de Dados","2025"
"07rmwsxqthsxjgtm2brrk07rmwsxq0bk","cargo_no_time","Cientista de Dados","2025"
"07rmwsxqthsxjgtm2brrk07rmwsxq0bk","cargo_no_time","Arquiteto de Dados","2025"
"07rmwsxqthsxjgtm2brrk07rmwsxq0bk","cargo_no_time","Business Analyst","2025"
"07rmwsxqthsxjgtm2brrk07rmwsxq0bk","cargo_no_time","ML/AI Engineer","2025"
"j3ip1vtqztkoc5uj3iphavu6nafah5fj","cargo_no_time","Engenharia de Dados","2025"
"j3ip1vtqztkoc5uj3iphavu6nafah5fj","cargo_no_time","Cientista de Dados","2025"
"j3ip1vtqztkoc5uj3iphavu6nafah5fj","cargo_no_time","ML/AI Engineer","2025"
"9wsw8gf9ntw60o9wsw8puavnh1tkghy6","cargo_no_time","Analista de Dados","2025"
"9wsw8gf9ntw60o9wsw8puavnh1tkghy6","cargo_no_time","Analista de BI","2025"
"9wsw8gf9ntw60o9wsw8puavnh1tkghy6","cargo_no_time","Arquiteto de Dados","2025"
"hubiyiuaawjtmqhubiyxkgjzxmmt7bon","cargo_no_time","Engenharia de Dados","2025"
"hubiyiuaawjtmqhubiyxkgjzxmmt7bon","cargo_no_time","Analista de Dados","2025"
"hubiyiuaawjtmqhubiyxkgjzxmmt7bon","cargo_no_time","Business Analyst","2025"
"zcwljzwx0phvj19lbizcwk8e3mscllcq","cargo_no_time","Engenharia de Dados","2025"
"zcwljzwx0phvj19lbizcwk8e3mscllcq","cargo_no_time","Analista de Dados","2025"
"zcwljzwx0phvj19lbizcwk8e3mscllcq","cargo_no_time","Cientista de Dados","2025"
"zcwljzwx0phvj19lbizcwk8e3mscllcq","cargo_no_time","Analista de BI","2025"
"zcwljzwx0phvj19lbizcwk8e3mscllcq","cargo_no_time","Arquiteto de Dados","2025"
"zcwljzwx0phvj19lbizcwk8e3mscllcq","cargo_no_time","Data Product Manager","2025"
"zcwljzwx0phvj19lbizcwk8e3mscllcq","cargo_no_time","Business Analyst","2025"
"zcwljzwx0phvj19lbizcwk8e3mscllcq","cargo_no_time","ML/AI Engineer","2025"
"ekqgvmvmlllzvnm87tjekqgvbhmcxv3p","cargo_no_time","Analytics Engineer","2025"
"ekqgvmvmlllzvnm87tjekqgvbhmcxv3p","cargo_no_time","Analista de Dados","2025"
"ekqgvmvmlllzvnm87tjekqgvbhmcxv3p","cargo_no_time","Analista de BI","2025"
"ekqgvmvmlllzvnm87tjekqgvbhmcxv3p","cargo_no_time","Business Analyst","2025"
"2dfup8n3kv11bjir6snc9hg2dfup8ny4","cargo_no_time","Engenharia de Dados","2025"
"2dfup8n3kv11bjir6snc9hg2dfup8ny4","cargo_no_time","Analista de Dados","2025"
"2dfup8n3kv11bjir6snc9hg2dfup8ny4","cargo_no_time","Cientista de Dados","2025"
"2dfup8n3kv11bjir6snc9hg2dfup8ny4","cargo_no_time","DBA","2025"
"2dfup8n3kv11bjir6snc9hg2dfup8ny4","cargo_no_time","Analista de BI","2025"
"2dfup8n3kv11bjir6snc9hg2dfup8ny4","cargo_no_time","Arquiteto de Dados","2025"
"7uw89o36veqe2fth0yw7uw89o06ifsbk","cargo_no_time","Engenharia de Dados","2025"
"7uw89o36veqe2fth0yw7uw89o06ifsbk","cargo_no_time","Analista de Dados","2025"
"7uw89o36veqe2fth0yw7uw89o06ifsbk","cargo_no_time","Cientista de Dados","2025"
"7uw89o36veqe2fth0yw7uw89o06ifsbk","cargo_no_time","DBA","2025"
"7uw89o36veqe2fth0yw7uw89o06ifsbk","cargo_no_time","Analista de BI","2025"
"7uw89o36veqe2fth0yw7uw89o06ifsbk","cargo_no_time","Arquiteto de Dados","2025"
"7uw89o36veqe2fth0yw7uw89o06ifsbk","cargo_no_time","Business Analyst","2025"
"7uw89o36veqe2fth0yw7uw89o06ifsbk","cargo_no_time","ML/AI Engineer","2025"
"pym3lec20ul5i1sehpym3l1aauxqdt18","cargo_no_time","Engenharia de Dados","2025"
"pym3lec20ul5i1sehpym3l1aauxqdt18","cargo_no_time","Analista de Dados","2025"
"pym3lec20ul5i1sehpym3l1aauxqdt18","cargo_no_time","Analista de BI","2025"
"pym3lec20ul5i1sehpym3l1aauxqdt18","cargo_no_time","Data Product Manager","2025"
"pym3lec20ul5i1sehpym3l1aauxqdt18","cargo_no_time","Business Analyst","2025"
"xb8l2j9qqynujfcycxbidxnasycrv359","cargo_no_time","Analista de BI","2025"
"xb8l2j9qqynujfcycxbidxnasycrv359","cargo_no_time","ML/AI Engineer","2025"
"vpwht8e8exwwggnwhvvpwhh2q8nxajs0","cargo_no_time","Analista de Dados","2025"
"kmvdyvw44zq766oj6pkmvdmbdx6gmzvi","cargo_no_time","Engenharia de Dados","2025"
"kmvdyvw44zq766oj6pkmvdmbdx6gmzvi","cargo_no_time","Analista de Dados","2025"
"kmvdyvw44zq766oj6pkmvdmbdx6gmzvi","cargo_no_time","Data Product Manager","2025"
"kmvdyvw44zq766oj6pkmvdmbdx6gmzvi","cargo_no_time","Business Analyst","2025"
"qtoz756m8mv8jmb7ss4n7hiyqtoz756h","cargo_no_time","Analista de Dados","2025"
"qtoz756m8mv8jmb7ss4n7hiyqtoz756h","cargo_no_time","DBA","2025"
"qtoz756m8mv8jmb7ss4n7hiyqtoz756h","cargo_no_time","Analista de BI","2025"
"sy34dh831muq2fotusy34fdzko5dyy1b","cargo_no_time","Business Analyst","2025"
"lki5civo75zblcclk4qf6mj78aihiny4","cargo_no_time","Analytics Engineer","2025"
"lki5civo75zblcclk4qf6mj78aihiny4","cargo_no_time","Engenharia de Dados","2025"
"lki5civo75zblcclk4qf6mj78aihiny4","cargo_no_time","Analista de Dados","2025"
"lki5civo75zblcclk4qf6mj78aihiny4","cargo_no_time","Cientista de Dados","2025"
"lki5civo75zblcclk4qf6mj78aihiny4","cargo_no_time","Business Analyst","2025"
"lki5civo75zblcclk4qf6mj78aihiny4","cargo_no_time","ML/AI Engineer","2025"
"dh2nhrllbhenudh2ndxdi5jrzzekhra1","cargo_no_time","Engenharia de Dados","2025"
"dh2nhrllbhenudh2ndxdi5jrzzekhra1","cargo_no_time","Analista de Dados","2025"
"dh2nhrllbhenudh2ndxdi5jrzzekhra1","cargo_no_time","Cientista de Dados","2025"
"dh2nhrllbhenudh2ndxdi5jrzzekhra1","cargo_no_time","Analista de BI","2025"
"8z01b9u6bjp7y4xssk0utjh8z01b9uoe","cargo_no_time","Analytics Engineer","2025"
"8z01b9u6bjp7y4xssk0utjh8z01b9uoe","cargo_no_time","Engenharia de Dados","2025"
"8z01b9u6bjp7y4xssk0utjh8z01b9uoe","cargo_no_time","Analista de Dados","2025"
"8z01b9u6bjp7y4xssk0utjh8z01b9uoe","cargo_no_time","Analista de BI","2025"
"8z01b9u6bjp7y4xssk0utjh8z01b9uoe","cargo_no_time","Arquiteto de Dados","2025"
"8z01b9u6bjp7y4xssk0utjh8z01b9uoe","cargo_no_time","Business Analyst","2025"
"lm84oqs52gpl6x6olm84p6o0q4nw57n7","cargo_no_time","Analista de Dados","2025"
"lm84oqs52gpl6x6olm84p6o0q4nw57n7","cargo_no_time","Cientista de Dados","2025"
"lm84oqs52gpl6x6olm84p6o0q4nw57n7","cargo_no_time","DBA","2025"
"lm84oqs52gpl6x6olm84p6o0q4nw57n7","cargo_no_time","Analista de BI","2025"
"lm84oqs52gpl6x6olm84p6o0q4nw57n7","cargo_no_time","Arquiteto de Dados","2025"
"wzn2dh8hrt7honcpwzn2dh0a8ncyx5tq","cargo_no_time","Analista de BI","2025"
"575zz1fsyp1g3a9a25575zz1svtwonn4","cargo_no_time","Engenharia de Dados","2025"
"575zz1fsyp1g3a9a25575zz1svtwonn4","cargo_no_time","Analista de Dados","2025"
"575zz1fsyp1g3a9a25575zz1svtwonn4","cargo_no_time","Cientista de Dados","2025"
"575zz1fsyp1g3a9a25575zz1svtwonn4","cargo_no_time","Analista de BI","2025"
"1fmmh5206nr2u41fmmh215g9h48mmthj","cargo_no_time","Analytics Engineer","2025"
"1fmmh5206nr2u41fmmh215g9h48mmthj","cargo_no_time","Engenharia de Dados","2025"
"1fmmh5206nr2u41fmmh215g9h48mmthj","cargo_no_time","Analista de Dados","2025"
"1fmmh5206nr2u41fmmh215g9h48mmthj","cargo_no_time","Cientista de Dados","2025"
"1fmmh5206nr2u41fmmh215g9h48mmthj","cargo_no_time","Arquiteto de Dados","2025"
"1fmmh5206nr2u41fmmh215g9h48mmthj","cargo_no_time","Data Product Manager","2025"
"1fmmh5206nr2u41fmmh215g9h48mmthj","cargo_no_time","ML/AI Engineer","2025"
"hcy3zn1s61zpsib3otd83ehcy3zn188h","cargo_no_time","Analista de Dados","2025"
"hcy3zn1s61zpsib3otd83ehcy3zn188h","cargo_no_time","DBA","2025"
"hcy3zn1s61zpsib3otd83ehcy3zn188h","cargo_no_time","Arquiteto de Dados","2025"
"i5vr2urswp1pxlzk23zi5vr2u93drc7q","cargo_no_time","Analytics Engineer","2025"
"i5vr2urswp1pxlzk23zi5vr2u93drc7q","cargo_no_time","Engenharia de Dados","2025"
"i5vr2urswp1pxlzk23zi5vr2u93drc7q","cargo_no_time","Analista de Dados","2025"
"i5vr2urswp1pxlzk23zi5vr2u93drc7q","cargo_no_time","ML/AI Engineer","2025"
"yb57j7ty9ey7xn1h72syb57je3oj5h0i","cargo_no_time","Engenharia de Dados","2025"
"yb57j7ty9ey7xn1h72syb57je3oj5h0i","cargo_no_time","Analista de Dados","2025"
"yb57j7ty9ey7xn1h72syb57je3oj5h0i","cargo_no_time","Cientista de Dados","2025"
"yb57j7ty9ey7xn1h72syb57je3oj5h0i","cargo_no_time","Analista de BI","2025"
"yb57j7ty9ey7xn1h72syb57je3oj5h0i","cargo_no_time","Arquiteto de Dados","2025"
"yb57j7ty9ey7xn1h72syb57je3oj5h0i","cargo_no_time","Data Product Manager","2025"
"u2lv1wowvsf2xm6wrn41u2lv1wo0afv0","cargo_no_time","Engenharia de Dados","2025"
"u2lv1wowvsf2xm6wrn41u2lv1wo0afv0","cargo_no_time","Analista de BI","2025"
"x35n2du3k9atiea2ozyptx35n2d588w3","cargo_no_time","Engenharia de Dados","2025"
"x35n2du3k9atiea2ozyptx35n2d588w3","cargo_no_time","Analista de Dados","2025"
"x35n2du3k9atiea2ozyptx35n2d588w3","cargo_no_time","Analista de BI","2025"
"xsieg6rqprjexzymly29xsiel9l37dul","cargo_no_time","Analista de BI","2025"
"lzdi6a7aeznczk7pbalzdi69e4irqu3d","cargo_no_time","Analista de BI","2025"
"1o5zt5w10ev1e58t1o5zt570lp2emzwg","cargo_no_time","Cientista de Dados","2025"
"1o5zt5w10ev1e58t1o5zt570lp2emzwg","cargo_no_time","Data Product Manager","2025"
"pfvb1oisumolhzdv3rtpfvb1j0ry1s6b","cargo_no_time","Engenharia de Dados","2025"
"pfvb1oisumolhzdv3rtpfvb1j0ry1s6b","cargo_no_time","Analista de Dados","2025"
"pfvb1oisumolhzdv3rtpfvb1j0ry1s6b","cargo_no_time","Cientista de Dados","2025"
"pfvb1oisumolhzdv3rtpfvb1j0ry1s6b","cargo_no_time","Analista de BI","2025"
"pfvb1oisumolhzdv3rtpfvb1j0ry1s6b","cargo_no_time","Arquiteto de Dados","2025"
"gtb4aucwqq1cqfwgtb4axclgqqfvfx5r","cargo_no_time","Analytics Engineer","2025"
"gtb4aucwqq1cqfwgtb4axclgqqfvfx5r","cargo_no_time","Cientista de Dados","2025"
"gtb4aucwqq1cqfwgtb4axclgqqfvfx5r","cargo_no_time","Business Analyst","2025"
"gtb4aucwqq1cqfwgtb4axclgqqfvfx5r","cargo_no_time","ML/AI Engineer","2025"
"2f3ah6bouoa8ozloz2f3avv67tt0qpqp","cargo_no_time","Engenharia de Dados","2025"
"2f3ah6bouoa8ozloz2f3avv67tt0qpqp","cargo_no_time","ML/AI Engineer","2025"
"5i997wezf25n8cl378zrl5i997w0n8ej","cargo_no_time","Analista de BI","2025"
"p08ldcqxz8h9m6cdup08lyp0zg5zy9mj","cargo_no_time","Analista de Dados","2025"
"p08ldcqxz8h9m6cdup08lyp0zg5zy9mj","cargo_no_time","Analista de BI","2025"
"p08ldcqxz8h9m6cdup08lyp0zg5zy9mj","cargo_no_time","Business Analyst","2025"
"brzupkjylwjn5x68fp96brzuemsf1un7","cargo_no_time","Engenharia de Dados","2025"
"brzupkjylwjn5x68fp96brzuemsf1un7","cargo_no_time","Analista de BI","2025"
"brzupkjylwjn5x68fp96brzuemsf1un7","cargo_no_time","Arquiteto de Dados","2025"
"brzupkjylwjn5x68fp96brzuemsf1un7","cargo_no_time","Data Product Manager","2025"
"wqt0ylm7pt3wg5jrqrwqt0yu6hh7yux5","cargo_no_time","Engenharia de Dados","2025"
"wqt0ylm7pt3wg5jrqrwqt0yu6hh7yux5","cargo_no_time","Analista de BI","2025"
"wqt0ylm7pt3wg5jrqrwqt0yu6hh7yux5","cargo_no_time","Business Analyst","2025"
"7aubvxxsdvjpim7alfn599rs0ftxdapf","cargo_no_time","Business Analyst","2024"
"cchmlubx09fwiinn74dcch3d5l4bn0wv","cargo_no_time","Analytics Engineer","2024"
"cchmlubx09fwiinn74dcch3d5l4bn0wv","cargo_no_time","Engenharia de Dados","2024"
"cchmlubx09fwiinn74dcch3d5l4bn0wv","cargo_no_time","Analista de Dados","2024"
"cchmlubx09fwiinn74dcch3d5l4bn0wv","cargo_no_time","Cientista de Dados","2024"
"cchmlubx09fwiinn74dcch3d5l4bn0wv","cargo_no_time","ML/AI Engineer","2024"
"elw0m6cwljqug3poa6relw0gvjdd8rpp","cargo_no_time","Engenharia de Dados","2024"
"elw0m6cwljqug3poa6relw0gvjdd8rpp","cargo_no_time","Analista de Dados","2024"
"elw0m6cwljqug3poa6relw0gvjdd8rpp","cargo_no_time","Cientista de Dados","2024"
"elw0m6cwljqug3poa6relw0gvjdd8rpp","cargo_no_time","Analista de BI","2024"
"elw0m6cwljqug3poa6relw0gvjdd8rpp","cargo_no_time","Data Product Manager","2024"
"zvwj0ekg59ei9mmdfzvwj0eb1ixu2rit","cargo_no_time","Analista de Dados","2024"
"zvwj0ekg59ei9mmdfzvwj0eb1ixu2rit","cargo_no_time","Analista de BI","2024"
"zvwj0ekg59ei9mmdfzvwj0eb1ixu2rit","cargo_no_time","Business Analyst","2024"
"c71m4k13er4bc71m0h299pasch868zf4","cargo_no_time","Analytics Engineer","2024"
"c71m4k13er4bc71m0h299pasch868zf4","cargo_no_time","Engenharia de Dados","2024"
"c71m4k13er4bc71m0h299pasch868zf4","cargo_no_time","Analista de Dados","2024"
"c71m4k13er4bc71m0h299pasch868zf4","cargo_no_time","Cientista de Dados","2024"
"c71m4k13er4bc71m0h299pasch868zf4","cargo_no_time","Arquiteto de Dados","2024"
"c71m4k13er4bc71m0h299pasch868zf4","cargo_no_time","Data Product Manager","2024"
"c71m4k13er4bc71m0h299pasch868zf4","cargo_no_time","ML/AI Engineer","2024"
"l6v1g7u71ilzoerl6vsh0uw3yiq1xqsb","cargo_no_time","Engenharia de Dados","2024"
"l6v1g7u71ilzoerl6vsh0uw3yiq1xqsb","cargo_no_time","Analista de Dados","2024"
"l6v1g7u71ilzoerl6vsh0uw3yiq1xqsb","cargo_no_time","Cientista de Dados","2024"
"l6v1g7u71ilzoerl6vsh0uw3yiq1xqsb","cargo_no_time","Analista de BI","2024"
"l6v1g7u71ilzoerl6vsh0uw3yiq1xqsb","cargo_no_time","ML/AI Engineer","2024"
"98qdsmavgpbu0i9dv19598qdsij6rc7g","cargo_no_time","Analytics Engineer","2024"
"98qdsmavgpbu0i9dv19598qdsij6rc7g","cargo_no_time","Analista de Dados","2024"
"98qdsmavgpbu0i9dv19598qdsij6rc7g","cargo_no_time","Cientista de Dados","2024"
"98qdsmavgpbu0i9dv19598qdsij6rc7g","cargo_no_time","Analista de BI","2024"
"98qdsmavgpbu0i9dv19598qdsij6rc7g","cargo_no_time","Business Analyst","2024"
"jjj1s69v2kllzmcgrrhjhjjjo2g9dw7f","cargo_no_time","Analytics Engineer","2024"
"jjj1s69v2kllzmcgrrhjhjjjo2g9dw7f","cargo_no_time","Engenharia de Dados","2024"
"jjj1s69v2kllzmcgrrhjhjjjo2g9dw7f","cargo_no_time","Analista de Dados","2024"
"jjj1s69v2kllzmcgrrhjhjjjo2g9dw7f","cargo_no_time","Cientista de Dados","2024"
"jjj1s69v2kllzmcgrrhjhjjjo2g9dw7f","cargo_no_time","Analista de BI","2024"
"jjj1s69v2kllzmcgrrhjhjjjo2g9dw7f","cargo_no_time","Arquiteto de Dados","2024"
"jjj1s69v2kllzmcgrrhjhjjjo2g9dw7f","cargo_no_time","Business Analyst","2024"
"jjj1s69v2kllzmcgrrhjhjjjo2g9dw7f","cargo_no_time","ML/AI Engineer","2024"
"elpjcuye8qbs8emelpjc0jqm0hrfv74i","cargo_no_time","Engenharia de Dados","2024"
"elpjcuye8qbs8emelpjc0jqm0hrfv74i","cargo_no_time","Analista de Dados","2024"
"rr38hyyqh6cfghhbrr38hyygjsdmznp4","cargo_no_time","Engenharia de Dados","2024"
"rr38hyyqh6cfghhbrr38hyygjsdmznp4","cargo_no_time","Analista de Dados","2024"
"rr38hyyqh6cfghhbrr38hyygjsdmznp4","cargo_no_time","Cientista de Dados","2024"
"rr38hyyqh6cfghhbrr38hyygjsdmznp4","cargo_no_time","Data Product Manager","2024"
"rr38hyyqh6cfghhbrr38hyygjsdmznp4","cargo_no_time","ML/AI Engineer","2024"
"1lui1kp4kv1i1luojsxuboh1t8fzasbk","cargo_no_time","Analytics Engineer","2024"
"1lui1kp4kv1i1luojsxuboh1t8fzasbk","cargo_no_time","Engenharia de Dados","2024"
"1lui1kp4kv1i1luojsxuboh1t8fzasbk","cargo_no_time","Analista de Dados","2024"
"1lui1kp4kv1i1luojsxuboh1t8fzasbk","cargo_no_time","Cientista de Dados","2024"
"1lui1kp4kv1i1luojsxuboh1t8fzasbk","cargo_no_time","Arquiteto de Dados","2024"
"1lui1kp4kv1i1luojsxuboh1t8fzasbk","cargo_no_time","Data Product Manager","2024"
"my9of6wxo3nomhwmgmnh8qmy9of6wdmg","cargo_no_time","Engenharia de Dados","2024"
"my9of6wxo3nomhwmgmnh8qmy9of6wdmg","cargo_no_time","Cientista de Dados","2024"
"my9of6wxo3nomhwmgmnh8qmy9of6wdmg","cargo_no_time","Analista de BI","2024"
"snzbq6r22cu0k3kicqjxsnzbqssjgcde","cargo_no_time","Analytics Engineer","2024"
"snzbq6r22cu0k3kicqjxsnzbqssjgcde","cargo_no_time","Engenharia de Dados","2024"
"snzbq6r22cu0k3kicqjxsnzbqssjgcde","cargo_no_time","Analista de Dados","2024"
"snzbq6r22cu0k3kicqjxsnzbqssjgcde","cargo_no_time","Cientista de Dados","2024"
"snzbq6r22cu0k3kicqjxsnzbqssjgcde","cargo_no_time","Arquiteto de Dados","2024"
"snzbq6r22cu0k3kicqjxsnzbqssjgcde","cargo_no_time","Data Product Manager","2024"
"snzbq6r22cu0k3kicqjxsnzbqssjgcde","cargo_no_time","ML/AI Engineer","2024"
"1hox09s1zt6i9t44u61hox0gj5chetuu","cargo_no_time","Analista de Dados","2024"
"1hox09s1zt6i9t44u61hox0gj5chetuu","cargo_no_time","Cientista de Dados","2024"
"pv8e560kt22bs8pv8e5frzwn6bkccgv7","cargo_no_time","Engenharia de Dados","2024"
"pv8e560kt22bs8pv8e5frzwn6bkccgv7","cargo_no_time","Analista de Dados","2024"
"pv8e560kt22bs8pv8e5frzwn6bkccgv7","cargo_no_time","Cientista de Dados","2024"
"pv8e560kt22bs8pv8e5frzwn6bkccgv7","cargo_no_time","Analista de BI","2024"
"pv8e560kt22bs8pv8e5frzwn6bkccgv7","cargo_no_time","ML/AI Engineer","2024"
"5rhi1hsfdthl40apib55rhi1hjpiib0j","cargo_no_time","Engenharia de Dados","2024"
"5rhi1hsfdthl40apib55rhi1hjpiib0j","cargo_no_time","Analista de BI","2024"
"8tbyssh4ubsgx94cn1d8tbys9brs9jdt","cargo_no_time","DBA","2024"
"8tbyssh4ubsgx94cn1d8tbys9brs9jdt","cargo_no_time","Analista de BI","2024"
"h5pexno9biy43mkmh5pexzr01ojy72zk","cargo_no_time","Analytics Engineer","2024"
"h5pexno9biy43mkmh5pexzr01ojy72zk","cargo_no_time","Engenharia de Dados","2024"
"h5pexno9biy43mkmh5pexzr01ojy72zk","cargo_no_time","Cientista de Dados","2024"
"h5pexno9biy43mkmh5pexzr01ojy72zk","cargo_no_time","Analista de BI","2024"
"h5pexno9biy43mkmh5pexzr01ojy72zk","cargo_no_time","Data Product Manager","2024"
"h5pexno9biy43mkmh5pexzr01ojy72zk","cargo_no_time","ML/AI Engineer","2024"
"fcxjbcqdi40zo24r55k70pbfcxjbc7p4","cargo_no_time","Analista de Dados","2024"
"zzq9iwhznr0aq3fvwmzzq9iu5bou25l9","cargo_no_time","Analytics Engineer","2024"
"zzq9iwhznr0aq3fvwmzzq9iu5bou25l9","cargo_no_time","Engenharia de Dados","2024"
"zzq9iwhznr0aq3fvwmzzq9iu5bou25l9","cargo_no_time","Analista de Dados","2024"
"zzq9iwhznr0aq3fvwmzzq9iu5bou25l9","cargo_no_time","Cientista de Dados","2024"
"qwxigg2dil3zbpqwxigpvckeybnxv5ka","cargo_no_time","Engenharia de Dados","2024"
"qwxigg2dil3zbpqwxigpvckeybnxv5ka","cargo_no_time","Analista de Dados","2024"
"qwxigg2dil3zbpqwxigpvckeybnxv5ka","cargo_no_time","Cientista de Dados","2024"
"qwxigg2dil3zbpqwxigpvckeybnxv5ka","cargo_no_time","DBA","2024"
"qwxigg2dil3zbpqwxigpvckeybnxv5ka","cargo_no_time","Analista de BI","2024"
"qwxigg2dil3zbpqwxigpvckeybnxv5ka","cargo_no_time","ML/AI Engineer","2024"
"ztton6sqjc9n4kgeuvbfzztton6sqrh0","cargo_no_time","Analista de Dados","2024"
"ztton6sqjc9n4kgeuvbfzztton6sqrh0","cargo_no_time","Cientista de Dados","2024"
"0o7pwogdnr66l0o7pwepsqjdbxv4c2hv","cargo_no_time","Analista de Dados","2024"
"57r5hug6qht2s0vxgjd57r5h9irn8hyb","cargo_no_time","Analytics Engineer","2024"
"57r5hug6qht2s0vxgjd57r5h9irn8hyb","cargo_no_time","Engenharia de Dados","2024"
"57r5hug6qht2s0vxgjd57r5h9irn8hyb","cargo_no_time","Analista de Dados","2024"
"57r5hug6qht2s0vxgjd57r5h9irn8hyb","cargo_no_time","Cientista de Dados","2024"
"pguoamasjui2avhfejmpgu9i7albmcif","cargo_no_time","Analytics Engineer","2024"
"pguoamasjui2avhfejmpgu9i7albmcif","cargo_no_time","Engenharia de Dados","2024"
"pguoamasjui2avhfejmpgu9i7albmcif","cargo_no_time","Analista de Dados","2024"
"pguoamasjui2avhfejmpgu9i7albmcif","cargo_no_time","Cientista de Dados","2024"
"pguoamasjui2avhfejmpgu9i7albmcif","cargo_no_time","Arquiteto de Dados","2024"
"pguoamasjui2avhfejmpgu9i7albmcif","cargo_no_time","Data Product Manager","2024"
"82x6vhlmgy3j8s82x6s9ahdv1amcqx42","cargo_no_time","Engenharia de Dados","2024"
"82x6vhlmgy3j8s82x6s9ahdv1amcqx42","cargo_no_time","Analista de Dados","2024"
"82x6vhlmgy3j8s82x6s9ahdv1amcqx42","cargo_no_time","Analista de BI","2024"
"82x6vhlmgy3j8s82x6s9ahdv1amcqx42","cargo_no_time","Data Product Manager","2024"
"h9gtoondaz069ez725th9gtoond1bwsf","cargo_no_time","Analista de Dados","2024"
"h9gtoondaz069ez725th9gtoond1bwsf","cargo_no_time","Cientista de Dados","2024"
"h9gtoondaz069ez725th9gtoond1bwsf","cargo_no_time","Analista de BI","2024"
"h9gtoondaz069ez725th9gtoond1bwsf","cargo_no_time","Business Analyst","2024"
"oo2x4t0pg9fd1q5vipztoo2hdg0vjznf","cargo_no_time","Analytics Engineer","2024"
"oo2x4t0pg9fd1q5vipztoo2hdg0vjznf","cargo_no_time","Analista de Dados","2024"
"oo2x4t0pg9fd1q5vipztoo2hdg0vjznf","cargo_no_time","Cientista de Dados","2024"
"oo2x4t0pg9fd1q5vipztoo2hdg0vjznf","cargo_no_time","Analista de BI","2024"
"oo2x4t0pg9fd1q5vipztoo2hdg0vjznf","cargo_no_time","ML/AI Engineer","2024"
"lu11rtzcq2xppwh939lu11rrs1l0kwwh","cargo_no_time","Engenharia de Dados","2024"
"lu11rtzcq2xppwh939lu11rrs1l0kwwh","cargo_no_time","Analista de Dados","2024"
"lu11rtzcq2xppwh939lu11rrs1l0kwwh","cargo_no_time","Cientista de Dados","2024"
"lu11rtzcq2xppwh939lu11rrs1l0kwwh","cargo_no_time","DBA","2024"
"lu11rtzcq2xppwh939lu11rrs1l0kwwh","cargo_no_time","Analista de BI","2024"
"lu11rtzcq2xppwh939lu11rrs1l0kwwh","cargo_no_time","Data Product Manager","2024"
"lu11rtzcq2xppwh939lu11rrs1l0kwwh","cargo_no_time","Business Analyst","2024"
"lu11rtzcq2xppwh939lu11rrs1l0kwwh","cargo_no_time","ML/AI Engineer","2024"
"uixca5u112l6tktpipoc2jjcduixca58","cargo_no_time","Analytics Engineer","2024"
"uixca5u112l6tktpipoc2jjcduixca58","cargo_no_time","Engenharia de Dados","2024"
"uixca5u112l6tktpipoc2jjcduixca58","cargo_no_time","Analista de Dados","2024"
"uixca5u112l6tktpipoc2jjcduixca58","cargo_no_time","Cientista de Dados","2024"
"uixca5u112l6tktpipoc2jjcduixca58","cargo_no_time","Analista de BI","2024"
"uixca5u112l6tktpipoc2jjcduixca58","cargo_no_time","Arquiteto de Dados","2024"
"uixca5u112l6tktpipoc2jjcduixca58","cargo_no_time","Data Product Manager","2024"
"uixca5u112l6tktpipoc2jjcduixca58","cargo_no_time","Business Analyst","2024"
"uixca5u112l6tktpipoc2jjcduixca58","cargo_no_time","ML/AI Engineer","2024"
"a1dzwnf5cfmh96le3ca1dzwr205ufdwv","cargo_no_time","Analytics Engineer","2024"
"a1dzwnf5cfmh96le3ca1dzwr205ufdwv","cargo_no_time","Engenharia de Dados","2024"
"a1dzwnf5cfmh96le3ca1dzwr205ufdwv","cargo_no_time","Cientista de Dados","2024"
"a1dzwnf5cfmh96le3ca1dzwr205ufdwv","cargo_no_time","Arquiteto de Dados","2024"
"a1dzwnf5cfmh96le3ca1dzwr205ufdwv","cargo_no_time","Data Product Manager","2024"
"a1dzwnf5cfmh96le3ca1dzwr205ufdwv","cargo_no_time","ML/AI Engineer","2024"
"b2eolly7dghjvf79xb2eoll3ybvur2o0","cargo_no_time","Engenharia de Dados","2024"
"b2eolly7dghjvf79xb2eoll3ybvur2o0","cargo_no_time","Cientista de Dados","2024"
"b2eolly7dghjvf79xb2eoll3ybvur2o0","cargo_no_time","ML/AI Engineer","2024"
"ts1xzu6rirv98joiuts13hk1jnnri4oa","cargo_no_time","Analytics Engineer","2024"
"ts1xzu6rirv98joiuts13hk1jnnri4oa","cargo_no_time","Analista de BI","2024"
"ts1xzu6rirv98joiuts13hk1jnnri4oa","cargo_no_time","Business Analyst","2024"
"a0e3qee08uyb8xtka0e3qt7jykulzjxq","cargo_no_time","Engenharia de Dados","2024"
"a0e3qee08uyb8xtka0e3qt7jykulzjxq","cargo_no_time","Cientista de Dados","2024"
"a0e3qee08uyb8xtka0e3qt7jykulzjxq","cargo_no_time","Analista de BI","2024"
"a0e3qee08uyb8xtka0e3qt7jykulzjxq","cargo_no_time","Business Analyst","2024"
"h6r9h6mhelq80dkfx7h6r9hapibteoxy","cargo_no_time","Analista de Dados","2024"
"h6r9h6mhelq80dkfx7h6r9hapibteoxy","cargo_no_time","Cientista de Dados","2024"
"h6r9h6mhelq80dkfx7h6r9hapibteoxy","cargo_no_time","Analista de BI","2024"
"h6r9h6mhelq80dkfx7h6r9hapibteoxy","cargo_no_time","Business Analyst","2024"
"x51285sejfn8wn6ug25ihx512glg8x1n","cargo_no_time","Engenharia de Dados","2024"
"x51285sejfn8wn6ug25ihx512glg8x1n","cargo_no_time","Cientista de Dados","2024"
"x51285sejfn8wn6ug25ihx512glg8x1n","cargo_no_time","Analista de BI","2024"
"x51285sejfn8wn6ug25ihx512glg8x1n","cargo_no_time","Data Product Manager","2024"
"x51285sejfn8wn6ug25ihx512glg8x1n","cargo_no_time","ML/AI Engineer","2024"
"scl4x0lgw600yolfjjscl4x0tatfzl2o","cargo_no_time","Analytics Engineer","2024"
"scl4x0lgw600yolfjjscl4x0tatfzl2o","cargo_no_time","Analista de Dados","2024"
"scl4x0lgw600yolfjjscl4x0tatfzl2o","cargo_no_time","Cientista de Dados","2024"
"6ui8p6p5sbwm6636cckhp76ui8p6pbj0","cargo_no_time","Analytics Engineer","2024"
"6ui8p6p5sbwm6636cckhp76ui8p6pbj0","cargo_no_time","Engenharia de Dados","2024"
"6ui8p6p5sbwm6636cckhp76ui8p6pbj0","cargo_no_time","Analista de Dados","2024"
"6ui8p6p5sbwm6636cckhp76ui8p6pbj0","cargo_no_time","Cientista de Dados","2024"
"6ui8p6p5sbwm6636cckhp76ui8p6pbj0","cargo_no_time","DBA","2024"
"6ui8p6p5sbwm6636cckhp76ui8p6pbj0","cargo_no_time","Analista de BI","2024"
"6ui8p6p5sbwm6636cckhp76ui8p6pbj0","cargo_no_time","Arquiteto de Dados","2024"
"6ui8p6p5sbwm6636cckhp76ui8p6pbj0","cargo_no_time","Business Analyst","2024"
"6ui8p6p5sbwm6636cckhp76ui8p6pbj0","cargo_no_time","ML/AI Engineer","2024"
"t0vyv7bx9vo4mlw7t0vyvym9ifmn8r7y","cargo_no_time","Analista de BI","2024"
"76a8pj7sdzgvkr1rc35wu76a8p5m00ey","cargo_no_time","Analytics Engineer","2024"
"76a8pj7sdzgvkr1rc35wu76a8p5m00ey","cargo_no_time","Engenharia de Dados","2024"
"76a8pj7sdzgvkr1rc35wu76a8p5m00ey","cargo_no_time","Analista de Dados","2024"
"76a8pj7sdzgvkr1rc35wu76a8p5m00ey","cargo_no_time","Cientista de Dados","2024"
"76a8pj7sdzgvkr1rc35wu76a8p5m00ey","cargo_no_time","DBA","2024"
"76a8pj7sdzgvkr1rc35wu76a8p5m00ey","cargo_no_time","Analista de BI","2024"
"76a8pj7sdzgvkr1rc35wu76a8p5m00ey","cargo_no_time","Arquiteto de Dados","2024"
"76a8pj7sdzgvkr1rc35wu76a8p5m00ey","cargo_no_time","Data Product Manager","2024"
"76a8pj7sdzgvkr1rc35wu76a8p5m00ey","cargo_no_time","Business Analyst","2024"
"2yovtimxjwysyef7wc1f42yovt7lwcnq","cargo_no_time","Analista de BI","2024"
"2yovtimxjwysyef7wc1f42yovt7lwcnq","cargo_no_time","Data Product Manager","2024"
"2yovtimxjwysyef7wc1f42yovt7lwcnq","cargo_no_time","Business Analyst","2024"
"c2y8zjvmx5npabjj8iioc2y8zjvmdbm7","cargo_no_time","Analytics Engineer","2024"
"c2y8zjvmx5npabjj8iioc2y8zjvmdbm7","cargo_no_time","Engenharia de Dados","2024"
"c2y8zjvmx5npabjj8iioc2y8zjvmdbm7","cargo_no_time","Analista de Dados","2024"
"c2y8zjvmx5npabjj8iioc2y8zjvmdbm7","cargo_no_time","Cientista de Dados","2024"
"c2y8zjvmx5npabjj8iioc2y8zjvmdbm7","cargo_no_time","Analista de BI","2024"
"c2y8zjvmx5npabjj8iioc2y8zjvmdbm7","cargo_no_time","Arquiteto de Dados","2024"
"c2y8zjvmx5npabjj8iioc2y8zjvmdbm7","cargo_no_time","Data Product Manager","2024"
"c2y8zjvmx5npabjj8iioc2y8zjvmdbm7","cargo_no_time","ML/AI Engineer","2024"
"r19jv217sm0d57a7idmvt7r8r19jv21f","cargo_no_time","Analytics Engineer","2024"
"r19jv217sm0d57a7idmvt7r8r19jv21f","cargo_no_time","Engenharia de Dados","2024"
"r19jv217sm0d57a7idmvt7r8r19jv21f","cargo_no_time","Analista de Dados","2024"
"r19jv217sm0d57a7idmvt7r8r19jv21f","cargo_no_time","Cientista de Dados","2024"
"r19jv217sm0d57a7idmvt7r8r19jv21f","cargo_no_time","Analista de BI","2024"
"r19jv217sm0d57a7idmvt7r8r19jv21f","cargo_no_time","Arquiteto de Dados","2024"
"r19jv217sm0d57a7idmvt7r8r19jv21f","cargo_no_time","Data Product Manager","2024"
"r19jv217sm0d57a7idmvt7r8r19jv21f","cargo_no_time","ML/AI Engineer","2024"
"yjgwa5f2lp2a4xppnyjgwa5fbccwqxue","cargo_no_time","Engenharia de Dados","2024"
"yjgwa5f2lp2a4xppnyjgwa5fbccwqxue","cargo_no_time","Analista de Dados","2024"
"yjgwa5f2lp2a4xppnyjgwa5fbccwqxue","cargo_no_time","Cientista de Dados","2024"
"yjgwa5f2lp2a4xppnyjgwa5fbccwqxue","cargo_no_time","Arquiteto de Dados","2024"
"yjgwa5f2lp2a4xppnyjgwa5fbccwqxue","cargo_no_time","ML/AI Engineer","2024"
"2gdkwa6mr7sz8xfe02gdkwasak3x0tkx","cargo_no_time","Engenharia de Dados","2024"
"2gdkwa6mr7sz8xfe02gdkwasak3x0tkx","cargo_no_time","Cientista de Dados","2024"
"2gdkwa6mr7sz8xfe02gdkwasak3x0tkx","cargo_no_time","Arquiteto de Dados","2024"
"2gdkwa6mr7sz8xfe02gdkwasak3x0tkx","cargo_no_time","Data Product Manager","2024"
"2gdkwa6mr7sz8xfe02gdkwasak3x0tkx","cargo_no_time","ML/AI Engineer","2024"
"db6e3sw3g065m4qkdb6e3sqcifx325nm","cargo_no_time","Analytics Engineer","2024"
"db6e3sw3g065m4qkdb6e3sqcifx325nm","cargo_no_time","Engenharia de Dados","2024"
"db6e3sw3g065m4qkdb6e3sqcifx325nm","cargo_no_time","Analista de Dados","2024"
"db6e3sw3g065m4qkdb6e3sqcifx325nm","cargo_no_time","Cientista de Dados","2024"
"db6e3sw3g065m4qkdb6e3sqcifx325nm","cargo_no_time","Analista de BI","2024"
"db6e3sw3g065m4qkdb6e3sqcifx325nm","cargo_no_time","Arquiteto de Dados","2024"
"db6e3sw3g065m4qkdb6e3sqcifx325nm","cargo_no_time","Data Product Manager","2024"
"db6e3sw3g065m4qkdb6e3sqcifx325nm","cargo_no_time","Business Analyst","2024"
"db6e3sw3g065m4qkdb6e3sqcifx325nm","cargo_no_time","ML/AI Engineer","2024"
"pokvpzcqur64d96vpokvpzi3mi7y3btc","cargo_no_time","Analytics Engineer","2024"
"pokvpzcqur64d96vpokvpzi3mi7y3btc","cargo_no_time","Engenharia de Dados","2024"
"pokvpzcqur64d96vpokvpzi3mi7y3btc","cargo_no_time","Analista de Dados","2024"
"pokvpzcqur64d96vpokvpzi3mi7y3btc","cargo_no_time","Data Product Manager","2024"
"pokvpzcqur64d96vpokvpzi3mi7y3btc","cargo_no_time","Business Analyst","2024"
"hbzx73ee3sfeqlte2hbz0umghkhqjtkr","cargo_no_time","Engenharia de Dados","2024"
"hbzx73ee3sfeqlte2hbz0umghkhqjtkr","cargo_no_time","Cientista de Dados","2024"
"hbzx73ee3sfeqlte2hbz0umghkhqjtkr","cargo_no_time","Arquiteto de Dados","2024"
"yswa2ld4jqlrjxl075zyswa2l4q794v9","cargo_no_time","Engenharia de Dados","2024"
"yswa2ld4jqlrjxl075zyswa2l4q794v9","cargo_no_time","Analista de Dados","2024"
"yswa2ld4jqlrjxl075zyswa2l4q794v9","cargo_no_time","Cientista de Dados","2024"
"yswa2ld4jqlrjxl075zyswa2l4q794v9","cargo_no_time","Data Product Manager","2024"
"yswa2ld4jqlrjxl075zyswa2l4q794v9","cargo_no_time","ML/AI Engineer","2024"
"gfkt564uua6eu9m22bugfkt0ziwhmy8f","cargo_no_time","Engenharia de Dados","2024"
"gfkt564uua6eu9m22bugfkt0ziwhmy8f","cargo_no_time","Cientista de Dados","2024"
"gfkt564uua6eu9m22bugfkt0ziwhmy8f","cargo_no_time","Arquiteto de Dados","2024"
"gfkt564uua6eu9m22bugfkt0ziwhmy8f","cargo_no_time","Data Product Manager","2024"
"gfkt564uua6eu9m22bugfkt0ziwhmy8f","cargo_no_time","ML/AI Engineer","2024"
"r0lbo4911l1buwdrwzg285g73omhkibl","cargo_no_time","Analista de Dados","2024"
"r0lbo4911l1buwdrwzg285g73omhkibl","cargo_no_time","Business Analyst","2024"
"nqfmaiw3pfvm92erih3lvsgnqfmaibte","cargo_no_time","Analytics Engineer","2024"
"nqfmaiw3pfvm92erih3lvsgnqfmaibte","cargo_no_time","Engenharia de Dados","2024"
"nqfmaiw3pfvm92erih3lvsgnqfmaibte","cargo_no_time","Analista de Dados","2024"
"nqfmaiw3pfvm92erih3lvsgnqfmaibte","cargo_no_time","Cientista de Dados","2024"
"nqfmaiw3pfvm92erih3lvsgnqfmaibte","cargo_no_time","Analista de BI","2024"
"nqfmaiw3pfvm92erih3lvsgnqfmaibte","cargo_no_time","Arquiteto de Dados","2024"
"nqfmaiw3pfvm92erih3lvsgnqfmaibte","cargo_no_time","Business Analyst","2024"
"nqfmaiw3pfvm92erih3lvsgnqfmaibte","cargo_no_time","ML/AI Engineer","2024"
"bqomvhb9079oibtn6phbqomv77pug1x0","cargo_no_time","DBA","2024"
"bqomvhb9079oibtn6phbqomv77pug1x0","cargo_no_time","Analista de BI","2024"
"bqomvhb9079oibtn6phbqomv77pug1x0","cargo_no_time","ML/AI Engineer","2024"
"86u4pd73zkfdn86niz86u4wy0y5pbw5w","cargo_no_time","Analista de Dados","2024"
"86u4pd73zkfdn86niz86u4wy0y5pbw5w","cargo_no_time","Analista de BI","2024"
"86u4pd73zkfdn86niz86u4wy0y5pbw5w","cargo_no_time","Business Analyst","2024"
"im4wc66vvhfjlbpiteebim4wcavnw630","cargo_no_time","Engenharia de Dados","2024"
"im4wc66vvhfjlbpiteebim4wcavnw630","cargo_no_time","Analista de Dados","2024"
"im4wc66vvhfjlbpiteebim4wcavnw630","cargo_no_time","Cientista de Dados","2024"
"i1cvbpdl7ijei5l5i1cvsr6ryj5l91sv","cargo_no_time","Analytics Engineer","2024"
"i1cvbpdl7ijei5l5i1cvsr6ryj5l91sv","cargo_no_time","Engenharia de Dados","2024"
"i1cvbpdl7ijei5l5i1cvsr6ryj5l91sv","cargo_no_time","Analista de Dados","2024"
"i1cvbpdl7ijei5l5i1cvsr6ryj5l91sv","cargo_no_time","Cientista de Dados","2024"
"i1cvbpdl7ijei5l5i1cvsr6ryj5l91sv","cargo_no_time","Analista de BI","2024"
"i1cvbpdl7ijei5l5i1cvsr6ryj5l91sv","cargo_no_time","Arquiteto de Dados","2024"
"i1cvbpdl7ijei5l5i1cvsr6ryj5l91sv","cargo_no_time","Business Analyst","2024"
"i1cvbpdl7ijei5l5i1cvsr6ryj5l91sv","cargo_no_time","ML/AI Engineer","2024"
"70dlgayxo1vcvyau2men70dlgbteb5ps","cargo_no_time","Engenharia de Dados","2024"
"70dlgayxo1vcvyau2men70dlgbteb5ps","cargo_no_time","Analista de Dados","2024"
"70dlgayxo1vcvyau2men70dlgbteb5ps","cargo_no_time","Arquiteto de Dados","2024"
"70dlgayxo1vcvyau2men70dlgbteb5ps","cargo_no_time","Data Product Manager","2024"
"g621h3gukwkp5jpz3uuvhqog621h3tux","cargo_no_time","Cientista de Dados","2024"
"4u1y4b9ezwf76044u1y4bhqtasitpjf6","cargo_no_time","Analytics Engineer","2024"
"4u1y4b9ezwf76044u1y4bhqtasitpjf6","cargo_no_time","Engenharia de Dados","2024"
"4u1y4b9ezwf76044u1y4bhqtasitpjf6","cargo_no_time","Analista de Dados","2024"
"4u1y4b9ezwf76044u1y4bhqtasitpjf6","cargo_no_time","Cientista de Dados","2024"
"4u1y4b9ezwf76044u1y4bhqtasitpjf6","cargo_no_time","Analista de BI","2024"
"4u1y4b9ezwf76044u1y4bhqtasitpjf6","cargo_no_time","Arquiteto de Dados","2024"
"4u1y4b9ezwf76044u1y4bhqtasitpjf6","cargo_no_time","ML/AI Engineer","2024"
"kzwp9u0xa518v3unkzwp9u1klkewr23d","cargo_no_time","Analista de Dados","2024"
"kzwp9u0xa518v3unkzwp9u1klkewr23d","cargo_no_time","Analista de BI","2024"
"kzwp9u0xa518v3unkzwp9u1klkewr23d","cargo_no_time","Business Analyst","2024"
"oefsdenqvdczdzbaog3zloefsdeh2irv","cargo_no_time","Analytics Engineer","2024"
"oefsdenqvdczdzbaog3zloefsdeh2irv","cargo_no_time","Analista de Dados","2024"
"oefsdenqvdczdzbaog3zloefsdeh2irv","cargo_no_time","Business Analyst","2024"
"32096riqa5hwk9vkh8c32096rf3ze9mu","cargo_no_time","Engenharia de Dados","2024"
"32096riqa5hwk9vkh8c32096rf3ze9mu","cargo_no_time","Cientista de Dados","2024"
"sm54s9pzfpob739g5p6ocdsm54s7m1cb","cargo_no_time","Analytics Engineer","2024"
"sm54s9pzfpob739g5p6ocdsm54s7m1cb","cargo_no_time","Engenharia de Dados","2024"
"sm54s9pzfpob739g5p6ocdsm54s7m1cb","cargo_no_time","Analista de Dados","2024"
"sm54s9pzfpob739g5p6ocdsm54s7m1cb","cargo_no_time","Cientista de Dados","2024"
"sm54s9pzfpob739g5p6ocdsm54s7m1cb","cargo_no_time","Analista de BI","2024"
"sm54s9pzfpob739g5p6ocdsm54s7m1cb","cargo_no_time","Business Analyst","2024"
"gx4h3c9yecmths9cj2s2gx4h35y2ngyt","cargo_no_time","Analytics Engineer","2024"
"gx4h3c9yecmths9cj2s2gx4h35y2ngyt","cargo_no_time","Engenharia de Dados","2024"
"gx4h3c9yecmths9cj2s2gx4h35y2ngyt","cargo_no_time","Analista de Dados","2024"
"gx4h3c9yecmths9cj2s2gx4h35y2ngyt","cargo_no_time","Cientista de Dados","2024"
"gx4h3c9yecmths9cj2s2gx4h35y2ngyt","cargo_no_time","DBA","2024"
"gx4h3c9yecmths9cj2s2gx4h35y2ngyt","cargo_no_time","Analista de BI","2024"
"gx4h3c9yecmths9cj2s2gx4h35y2ngyt","cargo_no_time","Business Analyst","2024"
"ghjogv7wcsosym2gs1wighjog31a0ndz","cargo_no_time","Analytics Engineer","2024"
"ghjogv7wcsosym2gs1wighjog31a0ndz","cargo_no_time","Engenharia de Dados","2024"
"ghjogv7wcsosym2gs1wighjog31a0ndz","cargo_no_time","Data Product Manager","2024"
"mg8qg60sc5hjaswy9dqcmg8qme37188q","cargo_no_time","Engenharia de Dados","2024"
"mg8qg60sc5hjaswy9dqcmg8qme37188q","cargo_no_time","Analista de Dados","2024"
"mg8qg60sc5hjaswy9dqcmg8qme37188q","cargo_no_time","Cientista de Dados","2024"
"mg8qg60sc5hjaswy9dqcmg8qme37188q","cargo_no_time","Data Product Manager","2024"
"bt1110e1wbzzj47bt111r0oa5acqxu67","cargo_no_time","Engenharia de Dados","2024"
"bt1110e1wbzzj47bt111r0oa5acqxu67","cargo_no_time","Analista de Dados","2024"
"bt1110e1wbzzj47bt111r0oa5acqxu67","cargo_no_time","Cientista de Dados","2024"
"bt1110e1wbzzj47bt111r0oa5acqxu67","cargo_no_time","DBA","2024"
"bt1110e1wbzzj47bt111r0oa5acqxu67","cargo_no_time","Analista de BI","2024"
"bt1110e1wbzzj47bt111r0oa5acqxu67","cargo_no_time","Arquiteto de Dados","2024"
"ejv4mgrt7pi1e7ejv4mmhl3gd726nmyz","cargo_no_time","Engenharia de Dados","2024"
"ejv4mgrt7pi1e7ejv4mmhl3gd726nmyz","cargo_no_time","Analista de Dados","2024"
"ejv4mgrt7pi1e7ejv4mmhl3gd726nmyz","cargo_no_time","DBA","2024"
"ejv4mgrt7pi1e7ejv4mmhl3gd726nmyz","cargo_no_time","Analista de BI","2024"
"ejv4mgrt7pi1e7ejv4mmhl3gd726nmyz","cargo_no_time","Data Product Manager","2024"
"ps7gdah5hpm2xghboosvps7gd0euono9","cargo_no_time","Engenharia de Dados","2024"
"ps7gdah5hpm2xghboosvps7gd0euono9","cargo_no_time","Arquiteto de Dados","2024"
"ps7gdah5hpm2xghboosvps7gd0euono9","cargo_no_time","Business Analyst","2024"
"ps7gdah5hpm2xghboosvps7gd0euono9","cargo_no_time","ML/AI Engineer","2024"
"8tuivcjjwoli34d8t407450wya2sgj2m","cargo_no_time","Engenharia de Dados","2024"
"8tuivcjjwoli34d8t407450wya2sgj2m","cargo_no_time","Analista de Dados","2024"
"8tuivcjjwoli34d8t407450wya2sgj2m","cargo_no_time","Cientista de Dados","2024"
"8tuivcjjwoli34d8t407450wya2sgj2m","cargo_no_time","Analista de BI","2024"
"8tuivcjjwoli34d8t407450wya2sgj2m","cargo_no_time","Arquiteto de Dados","2024"
"8tuivcjjwoli34d8t407450wya2sgj2m","cargo_no_time","Data Product Manager","2024"
"8tuivcjjwoli34d8t407450wya2sgj2m","cargo_no_time","Business Analyst","2024"
"8tuivcjjwoli34d8t407450wya2sgj2m","cargo_no_time","ML/AI Engineer","2024"
"t16m0op18bnsw7fk3mzo1t16m0op1e16","cargo_no_time","Engenharia de Dados","2024"
"t16m0op18bnsw7fk3mzo1t16m0op1e16","cargo_no_time","Analista de Dados","2024"
"t16m0op18bnsw7fk3mzo1t16m0op1e16","cargo_no_time","Cientista de Dados","2024"
"qv76rup6gh0pji22voqv76rupoeukixt","cargo_no_time","Analytics Engineer","2024"
"qv76rup6gh0pji22voqv76rupoeukixt","cargo_no_time","Engenharia de Dados","2024"
"qv76rup6gh0pji22voqv76rupoeukixt","cargo_no_time","Analista de Dados","2024"
"qv76rup6gh0pji22voqv76rupoeukixt","cargo_no_time","Cientista de Dados","2024"
"qv76rup6gh0pji22voqv76rupoeukixt","cargo_no_time","DBA","2024"
"qv76rup6gh0pji22voqv76rupoeukixt","cargo_no_time","Analista de BI","2024"
"qv76rup6gh0pji22voqv76rupoeukixt","cargo_no_time","Arquiteto de Dados","2024"
"qv76rup6gh0pji22voqv76rupoeukixt","cargo_no_time","Data Product Manager","2024"
"qv76rup6gh0pji22voqv76rupoeukixt","cargo_no_time","Business Analyst","2024"
"qv76rup6gh0pji22voqv76rupoeukixt","cargo_no_time","ML/AI Engineer","2024"
"422k5od5z5vh4p7gsicchll422k5odaf","cargo_no_time","Engenharia de Dados","2024"
"422k5od5z5vh4p7gsicchll422k5odaf","cargo_no_time","Analista de Dados","2024"
"422k5od5z5vh4p7gsicchll422k5odaf","cargo_no_time","Cientista de Dados","2024"
"422k5od5z5vh4p7gsicchll422k5odaf","cargo_no_time","Analista de BI","2024"
"422k5od5z5vh4p7gsicchll422k5odaf","cargo_no_time","Business Analyst","2024"
"oz9o21e9696e8c7oz9o27whpw44r02ol","cargo_no_time","Engenharia de Dados","2024"
"oz9o21e9696e8c7oz9o27whpw44r02ol","cargo_no_time","Analista de Dados","2024"
"oz9o21e9696e8c7oz9o27whpw44r02ol","cargo_no_time","Cientista de Dados","2024"
"oz9o21e9696e8c7oz9o27whpw44r02ol","cargo_no_time","Data Product Manager","2024"
"6swf6zmdnu19q16srb6o09j4gkuwjkgu","cargo_no_time","Engenharia de Dados","2024"
"6swf6zmdnu19q16srb6o09j4gkuwjkgu","cargo_no_time","Cientista de Dados","2024"
"6swf6zmdnu19q16srb6o09j4gkuwjkgu","cargo_no_time","ML/AI Engineer","2024"
"bwthc9nkqi3rgtb1wbwthc9h6khqsbl6","cargo_no_time","Analytics Engineer","2024"
"bwthc9nkqi3rgtb1wbwthc9h6khqsbl6","cargo_no_time","Analista de Dados","2024"
"97weeqtl8jefpwrtwz97weeqt9l6hoq9","cargo_no_time","Engenharia de Dados","2024"
"97weeqtl8jefpwrtwz97weeqt9l6hoq9","cargo_no_time","Analista de Dados","2024"
"97weeqtl8jefpwrtwz97weeqt9l6hoq9","cargo_no_time","Cientista de Dados","2024"
"97weeqtl8jefpwrtwz97weeqt9l6hoq9","cargo_no_time","Analista de BI","2024"
"97weeqtl8jefpwrtwz97weeqt9l6hoq9","cargo_no_time","Arquiteto de Dados","2024"
"97weeqtl8jefpwrtwz97weeqt9l6hoq9","cargo_no_time","Data Product Manager","2024"
"97weeqtl8jefpwrtwz97weeqt9l6hoq9","cargo_no_time","ML/AI Engineer","2024"
"ybgun9i68xk2114vmybgun37av2iwk6m","cargo_no_time","Engenharia de Dados","2024"
"ybgun9i68xk2114vmybgun37av2iwk6m","cargo_no_time","Analista de Dados","2024"
"ybgun9i68xk2114vmybgun37av2iwk6m","cargo_no_time","Arquiteto de Dados","2024"
"ybgun9i68xk2114vmybgun37av2iwk6m","cargo_no_time","Data Product Manager","2024"
"mbc0lhid0cf53ieigjrmbc0lhy32ejno","cargo_no_time","Analytics Engineer","2024"
"mbc0lhid0cf53ieigjrmbc0lhy32ejno","cargo_no_time","Engenharia de Dados","2024"
"mbc0lhid0cf53ieigjrmbc0lhy32ejno","cargo_no_time","Analista de Dados","2024"
"mbc0lhid0cf53ieigjrmbc0lhy32ejno","cargo_no_time","Cientista de Dados","2024"
"mbc0lhid0cf53ieigjrmbc0lhy32ejno","cargo_no_time","Analista de BI","2024"
"mbc0lhid0cf53ieigjrmbc0lhy32ejno","cargo_no_time","Business Analyst","2024"
"khb74hsglyizqygzikhb74hrb34q8x9v","cargo_no_time","Analytics Engineer","2024"
"khb74hsglyizqygzikhb74hrb34q8x9v","cargo_no_time","Engenharia de Dados","2024"
"khb74hsglyizqygzikhb74hrb34q8x9v","cargo_no_time","Analista de Dados","2024"
"bykh7olel1nila9x725bykh7qxxt0u9d","cargo_no_time","Engenharia de Dados","2024"
"bykh7olel1nila9x725bykh7qxxt0u9d","cargo_no_time","Analista de Dados","2024"
"bykh7olel1nila9x725bykh7qxxt0u9d","cargo_no_time","Analista de BI","2024"
"cj83zm3qawzjfndcj8ib1feh3977v601","cargo_no_time","Engenharia de Dados","2024"
"cj83zm3qawzjfndcj8ib1feh3977v601","cargo_no_time","Analista de BI","2024"
"2750xu2puxb0d42750x2y84b3vkksi7f","cargo_no_time","Analytics Engineer","2024"
"2750xu2puxb0d42750x2y84b3vkksi7f","cargo_no_time","Engenharia de Dados","2024"
"2750xu2puxb0d42750x2y84b3vkksi7f","cargo_no_time","Analista de Dados","2024"
"2750xu2puxb0d42750x2y84b3vkksi7f","cargo_no_time","Cientista de Dados","2024"
"2750xu2puxb0d42750x2y84b3vkksi7f","cargo_no_time","Analista de BI","2024"
"2750xu2puxb0d42750x2y84b3vkksi7f","cargo_no_time","Arquiteto de Dados","2024"
"2750xu2puxb0d42750x2y84b3vkksi7f","cargo_no_time","ML/AI Engineer","2024"
"epsl35dgt38tvqcj0gepsl3xyhx20gd1","cargo_no_time","Analytics Engineer","2024"
"epsl35dgt38tvqcj0gepsl3xyhx20gd1","cargo_no_time","Engenharia de Dados","2024"
"epsl35dgt38tvqcj0gepsl3xyhx20gd1","cargo_no_time","Analista de Dados","2024"
"epsl35dgt38tvqcj0gepsl3xyhx20gd1","cargo_no_time","Cientista de Dados","2024"
"epsl35dgt38tvqcj0gepsl3xyhx20gd1","cargo_no_time","DBA","2024"
"epsl35dgt38tvqcj0gepsl3xyhx20gd1","cargo_no_time","ML/AI Engineer","2024"
"rucel7t8efpq57lta23qgrucel72f0og","cargo_no_time","Analista de Dados","2024"
"rucel7t8efpq57lta23qgrucel72f0og","cargo_no_time","Analista de BI","2024"
"ns5igny31fnj6j76ns5ignbp8ng2bsio","cargo_no_time","Engenharia de Dados","2024"
"ns5igny31fnj6j76ns5ignbp8ng2bsio","cargo_no_time","Analista de Dados","2024"
"ns5igny31fnj6j76ns5ignbp8ng2bsio","cargo_no_time","Cientista de Dados","2024"
"ns5igny31fnj6j76ns5ignbp8ng2bsio","cargo_no_time","Analista de BI","2024"
"ns5igny31fnj6j76ns5ignbp8ng2bsio","cargo_no_time","Arquiteto de Dados","2024"
"ns5igny31fnj6j76ns5ignbp8ng2bsio","cargo_no_time","Business Analyst","2024"
"ns5igny31fnj6j76ns5ignbp8ng2bsio","cargo_no_time","ML/AI Engineer","2024"
"x4qah8ux7qf6cw19ctxx4qah8wb4wexy","cargo_no_time","Analista de Dados","2024"
"x4qah8ux7qf6cw19ctxx4qah8wb4wexy","cargo_no_time","DBA","2024"
"x4qah8ux7qf6cw19ctxx4qah8wb4wexy","cargo_no_time","Analista de BI","2024"
"c3ew7wbr2yo154yi8vc3ew7re6n124j3","cargo_no_time","Analytics Engineer","2024"
"c3ew7wbr2yo154yi8vc3ew7re6n124j3","cargo_no_time","Engenharia de Dados","2024"
"c3ew7wbr2yo154yi8vc3ew7re6n124j3","cargo_no_time","Analista de Dados","2024"
"c3ew7wbr2yo154yi8vc3ew7re6n124j3","cargo_no_time","Cientista de Dados","2024"
"c3ew7wbr2yo154yi8vc3ew7re6n124j3","cargo_no_time","Data Product Manager","2024"
"c3ew7wbr2yo154yi8vc3ew7re6n124j3","cargo_no_time","ML/AI Engineer","2024"
"dhmvi6iv6qndz6ihaj0pdhmv0jgh33sj","cargo_no_time","Analytics Engineer","2024"
"dhmvi6iv6qndz6ihaj0pdhmv0jgh33sj","cargo_no_time","Engenharia de Dados","2024"
"dhmvi6iv6qndz6ihaj0pdhmv0jgh33sj","cargo_no_time","Analista de Dados","2024"
"dhmvi6iv6qndz6ihaj0pdhmv0jgh33sj","cargo_no_time","Cientista de Dados","2024"
"dhmvi6iv6qndz6ihaj0pdhmv0jgh33sj","cargo_no_time","Arquiteto de Dados","2024"
"dhmvi6iv6qndz6ihaj0pdhmv0jgh33sj","cargo_no_time","ML/AI Engineer","2024"
"t6gtfgld08y7b1ht6gt8u6z6mgtvy65x","cargo_no_time","Engenharia de Dados","2024"
"t6gtfgld08y7b1ht6gt8u6z6mgtvy65x","cargo_no_time","Cientista de Dados","2024"
"t6gtfgld08y7b1ht6gt8u6z6mgtvy65x","cargo_no_time","Arquiteto de Dados","2024"
"t6gtfgld08y7b1ht6gt8u6z6mgtvy65x","cargo_no_time","ML/AI Engineer","2024"
"mntvefirk4q8xivjg1mntvefsxgxekll","cargo_no_time","Analytics Engineer","2024"
"mntvefirk4q8xivjg1mntvefsxgxekll","cargo_no_time","Engenharia de Dados","2024"
"mntvefirk4q8xivjg1mntvefsxgxekll","cargo_no_time","Analista de Dados","2024"
"mntvefirk4q8xivjg1mntvefsxgxekll","cargo_no_time","Cientista de Dados","2024"
"mntvefirk4q8xivjg1mntvefsxgxekll","cargo_no_time","Analista de BI","2024"
"mntvefirk4q8xivjg1mntvefsxgxekll","cargo_no_time","Arquiteto de Dados","2024"
"mntvefirk4q8xivjg1mntvefsxgxekll","cargo_no_time","Business Analyst","2024"
"mntvefirk4q8xivjg1mntvefsxgxekll","cargo_no_time","ML/AI Engineer","2024"
"pw19elamkhi7warzpw19elf2yxcyxaia","cargo_no_time","Analista de Dados","2024"
"pw19elamkhi7warzpw19elf2yxcyxaia","cargo_no_time","Business Analyst","2024"
"otc2g2m9mi21zk80lo13otc2g2ko98g1","cargo_no_time","Engenharia de Dados","2024"
"otc2g2m9mi21zk80lo13otc2g2ko98g1","cargo_no_time","Analista de Dados","2024"
"otc2g2m9mi21zk80lo13otc2g2ko98g1","cargo_no_time","Analista de BI","2024"
"otc2g2m9mi21zk80lo13otc2g2ko98g1","cargo_no_time","Business Analyst","2024"
"69gcsh63he6ym67wa5j69gcshs3zf3my","cargo_no_time","Engenharia de Dados","2024"
"69gcsh63he6ym67wa5j69gcshs3zf3my","cargo_no_time","Analista de Dados","2024"
"69gcsh63he6ym67wa5j69gcshs3zf3my","cargo_no_time","DBA","2024"
"69gcsh63he6ym67wa5j69gcshs3zf3my","cargo_no_time","Analista de BI","2024"
"mo3tlap448yf201on8mo3tl87kxlvp6v","cargo_no_time","Engenharia de Dados","2024"
"mo3tlap448yf201on8mo3tl87kxlvp6v","cargo_no_time","Analista de Dados","2024"
"mo3tlap448yf201on8mo3tl87kxlvp6v","cargo_no_time","Cientista de Dados","2024"
"mo3tlap448yf201on8mo3tl87kxlvp6v","cargo_no_time","Analista de BI","2024"
"4546n8bzaxd9wwvp4546nmn7ozlldl3g","cargo_no_time","Analytics Engineer","2024"
"4546n8bzaxd9wwvp4546nmn7ozlldl3g","cargo_no_time","Engenharia de Dados","2024"
"4546n8bzaxd9wwvp4546nmn7ozlldl3g","cargo_no_time","Analista de Dados","2024"
"4546n8bzaxd9wwvp4546nmn7ozlldl3g","cargo_no_time","Cientista de Dados","2024"
"4546n8bzaxd9wwvp4546nmn7ozlldl3g","cargo_no_time","Arquiteto de Dados","2024"
"4546n8bzaxd9wwvp4546nmn7ozlldl3g","cargo_no_time","ML/AI Engineer","2024"
"4vqzhsofuxky0ja775m4vqeeawjg4t00","cargo_no_time","Engenharia de Dados","2024"
"4vqzhsofuxky0ja775m4vqeeawjg4t00","cargo_no_time","Analista de Dados","2024"
"4vqzhsofuxky0ja775m4vqeeawjg4t00","cargo_no_time","Cientista de Dados","2024"
"4vqzhsofuxky0ja775m4vqeeawjg4t00","cargo_no_time","Analista de BI","2024"
"4vqzhsofuxky0ja775m4vqeeawjg4t00","cargo_no_time","Arquiteto de Dados","2024"
"4vqzhsofuxky0ja775m4vqeeawjg4t00","cargo_no_time","Business Analyst","2024"
"4vqzhsofuxky0ja775m4vqeeawjg4t00","cargo_no_time","ML/AI Engineer","2024"
"hfes69q96212d1metq9eymhfes69rg78","cargo_no_time","Analytics Engineer","2024"
"hfes69q96212d1metq9eymhfes69rg78","cargo_no_time","Engenharia de Dados","2024"
"hfes69q96212d1metq9eymhfes69rg78","cargo_no_time","Analista de Dados","2024"
"hfes69q96212d1metq9eymhfes69rg78","cargo_no_time","Cientista de Dados","2024"
"hfes69q96212d1metq9eymhfes69rg78","cargo_no_time","Analista de BI","2024"
"hfes69q96212d1metq9eymhfes69rg78","cargo_no_time","Business Analyst","2024"
"ax69wwcyunr0mxfha2iuax69wnv2b6fv","cargo_no_time","Cientista de Dados","2024"
"ax69wwcyunr0mxfha2iuax69wnv2b6fv","cargo_no_time","Arquiteto de Dados","2024"
"a935uc9x60nahnj4z9ua935uc37c41ke","cargo_no_time","Engenharia de Dados","2024"
"a935uc9x60nahnj4z9ua935uc37c41ke","cargo_no_time","Analista de Dados","2024"
"a935uc9x60nahnj4z9ua935uc37c41ke","cargo_no_time","Cientista de Dados","2024"
"a935uc9x60nahnj4z9ua935uc37c41ke","cargo_no_time","Arquiteto de Dados","2024"
"a935uc9x60nahnj4z9ua935uc37c41ke","cargo_no_time","Data Product Manager","2024"
"a935uc9x60nahnj4z9ua935uc37c41ke","cargo_no_time","ML/AI Engineer","2024"
"vo5tnrk8wv24vo5te0so2csw8evylrcb","cargo_no_time","Analytics Engineer","2024"
"vo5tnrk8wv24vo5te0so2csw8evylrcb","cargo_no_time","Engenharia de Dados","2024"
"vo5tnrk8wv24vo5te0so2csw8evylrcb","cargo_no_time","Analista de Dados","2024"
"vo5tnrk8wv24vo5te0so2csw8evylrcb","cargo_no_time","Cientista de Dados","2024"
"vo5tnrk8wv24vo5te0so2csw8evylrcb","cargo_no_time","DBA","2024"
"vo5tnrk8wv24vo5te0so2csw8evylrcb","cargo_no_time","Arquiteto de Dados","2024"
"vo5tnrk8wv24vo5te0so2csw8evylrcb","cargo_no_time","ML/AI Engineer","2024"
"d7rrlyreei5czxrgmosyd7rrlyrtxtlo","cargo_no_time","Engenharia de Dados","2024"
"d7rrlyreei5czxrgmosyd7rrlyrtxtlo","cargo_no_time","Analista de Dados","2024"
"d7rrlyreei5czxrgmosyd7rrlyrtxtlo","cargo_no_time","Cientista de Dados","2024"
"d7rrlyreei5czxrgmosyd7rrlyrtxtlo","cargo_no_time","DBA","2024"
"d7rrlyreei5czxrgmosyd7rrlyrtxtlo","cargo_no_time","Analista de BI","2024"
"d7rrlyreei5czxrgmosyd7rrlyrtxtlo","cargo_no_time","Arquiteto de Dados","2024"
"d7rrlyreei5czxrgmosyd7rrlyrtxtlo","cargo_no_time","Data Product Manager","2024"
"d7rrlyreei5czxrgmosyd7rrlyrtxtlo","cargo_no_time","Business Analyst","2024"
"d7rrlyreei5czxrgmosyd7rrlyrtxtlo","cargo_no_time","ML/AI Engineer","2024"
"5p7d6pqnzsklbu69y5p7d5s1y9unhyzq","cargo_no_time","Cientista de Dados","2024"
"5p7d6pqnzsklbu69y5p7d5s1y9unhyzq","cargo_no_time","ML/AI Engineer","2024"
"tjyyv9gqgn2sqd9t0tjyyqr8jbmivb7q","cargo_no_time","Engenharia de Dados","2024"
"tjyyv9gqgn2sqd9t0tjyyqr8jbmivb7q","cargo_no_time","Analista de Dados","2024"
"tjyyv9gqgn2sqd9t0tjyyqr8jbmivb7q","cargo_no_time","Analista de BI","2024"
"tjyyv9gqgn2sqd9t0tjyyqr8jbmivb7q","cargo_no_time","Arquiteto de Dados","2024"
"tjyyv9gqgn2sqd9t0tjyyqr8jbmivb7q","cargo_no_time","Business Analyst","2024"
"tjyyv9gqgn2sqd9t0tjyyqr8jbmivb7q","cargo_no_time","ML/AI Engineer","2024"
"q255ji1eypt0j4odq2537czejpi1xgwy","cargo_no_time","Analista de Dados","2024"
"q255ji1eypt0j4odq2537czejpi1xgwy","cargo_no_time","Cientista de Dados","2024"
"q255ji1eypt0j4odq2537czejpi1xgwy","cargo_no_time","Analista de BI","2024"
"k7u7l7630lduiuk9ck7ue4knpmiu3fva","cargo_no_time","Analytics Engineer","2024"
"k7u7l7630lduiuk9ck7ue4knpmiu3fva","cargo_no_time","Engenharia de Dados","2024"
"k7u7l7630lduiuk9ck7ue4knpmiu3fva","cargo_no_time","Analista de Dados","2024"
"zab20wqrhmknqngmwtuzab207gwzk9jd","cargo_no_time","Engenharia de Dados","2024"
"zab20wqrhmknqngmwtuzab207gwzk9jd","cargo_no_time","Cientista de Dados","2024"
"zab20wqrhmknqngmwtuzab207gwzk9jd","cargo_no_time","Arquiteto de Dados","2024"
"3m46cc521kp8s8wbx5dw23m46cc5m1x7","cargo_no_time","Engenharia de Dados","2024"
"3m46cc521kp8s8wbx5dw23m46cc5m1x7","cargo_no_time","Analista de Dados","2024"
"3m46cc521kp8s8wbx5dw23m46cc5m1x7","cargo_no_time","Cientista de Dados","2024"
"3m46cc521kp8s8wbx5dw23m46cc5m1x7","cargo_no_time","Business Analyst","2024"
"3m46cc521kp8s8wbx5dw23m46cc5m1x7","cargo_no_time","ML/AI Engineer","2024"
"fwtw9u05lw4jt1p9zrvhv5cfwtw9u6au","cargo_no_time","Analytics Engineer","2024"
"fwtw9u05lw4jt1p9zrvhv5cfwtw9u6au","cargo_no_time","Engenharia de Dados","2024"
"fwtw9u05lw4jt1p9zrvhv5cfwtw9u6au","cargo_no_time","Analista de Dados","2024"
"fwtw9u05lw4jt1p9zrvhv5cfwtw9u6au","cargo_no_time","Cientista de Dados","2024"
"fwtw9u05lw4jt1p9zrvhv5cfwtw9u6au","cargo_no_time","Business Analyst","2024"
"fwtw9u05lw4jt1p9zrvhv5cfwtw9u6au","cargo_no_time","ML/AI Engineer","2024"
"7qzv2wq7wd1bg5ekekbe7qzv2wqs94ze","cargo_no_time","Engenharia de Dados","2024"
"7qzv2wq7wd1bg5ekekbe7qzv2wqs94ze","cargo_no_time","Analista de Dados","2024"
"7qzv2wq7wd1bg5ekekbe7qzv2wqs94ze","cargo_no_time","Arquiteto de Dados","2024"
"wxyvwkwmskaiooggfq6iwxyvwkw9ujdc","cargo_no_time","Engenharia de Dados","2024"
"wxyvwkwmskaiooggfq6iwxyvwkw9ujdc","cargo_no_time","Cientista de Dados","2024"
"wxyvwkwmskaiooggfq6iwxyvwkw9ujdc","cargo_no_time","Analista de BI","2024"
"wxyvwkwmskaiooggfq6iwxyvwkw9ujdc","cargo_no_time","Arquiteto de Dados","2024"
"wxyvwkwmskaiooggfq6iwxyvwkw9ujdc","cargo_no_time","Data Product Manager","2024"
"wxyvwkwmskaiooggfq6iwxyvwkw9ujdc","cargo_no_time","Business Analyst","2024"
"wxyvwkwmskaiooggfq6iwxyvwkw9ujdc","cargo_no_time","ML/AI Engineer","2024"
"8eezbdiud9i6tff5xnf8ezro3jrsnuiv","cargo_no_time","Analista de Dados","2024"
"v21fd6pqdt9d3yv2iz4gnel7lpsz19z6","cargo_no_time","Analytics Engineer","2024"
"v21fd6pqdt9d3yv2iz4gnel7lpsz19z6","cargo_no_time","Analista de Dados","2024"
"v21fd6pqdt9d3yv2iz4gnel7lpsz19z6","cargo_no_time","Cientista de Dados","2024"
"v21fd6pqdt9d3yv2iz4gnel7lpsz19z6","cargo_no_time","Arquiteto de Dados","2024"
"2cbmhi0yfjicmomflg42cbmhijxwp82s","cargo_no_time","Analytics Engineer","2024"
"2cbmhi0yfjicmomflg42cbmhijxwp82s","cargo_no_time","Engenharia de Dados","2024"
"2cbmhi0yfjicmomflg42cbmhijxwp82s","cargo_no_time","Analista de Dados","2024"
"2cbmhi0yfjicmomflg42cbmhijxwp82s","cargo_no_time","Cientista de Dados","2024"
"2cbmhi0yfjicmomflg42cbmhijxwp82s","cargo_no_time","Arquiteto de Dados","2024"
"2cbmhi0yfjicmomflg42cbmhijxwp82s","cargo_no_time","Data Product Manager","2024"
"2cbmhi0yfjicmomflg42cbmhijxwp82s","cargo_no_time","ML/AI Engineer","2024"
"xrqa293tp09yow2d1xrqa293f1i83hjl","cargo_no_time","Analytics Engineer","2024"
"xrqa293tp09yow2d1xrqa293f1i83hjl","cargo_no_time","Engenharia de Dados","2024"
"xrqa293tp09yow2d1xrqa293f1i83hjl","cargo_no_time","Analista de Dados","2024"
"xrqa293tp09yow2d1xrqa293f1i83hjl","cargo_no_time","Cientista de Dados","2024"
"xrqa293tp09yow2d1xrqa293f1i83hjl","cargo_no_time","Analista de BI","2024"
"xrqa293tp09yow2d1xrqa293f1i83hjl","cargo_no_time","Arquiteto de Dados","2024"
"xrqa293tp09yow2d1xrqa293f1i83hjl","cargo_no_time","Data Product Manager","2024"
"xrqa293tp09yow2d1xrqa293f1i83hjl","cargo_no_time","ML/AI Engineer","2024"
"a93zw7fyykul3h31571a93z0ck0nvid7","cargo_no_time","Analista de Dados","2024"
"n73tcahrl9c8j262nhfn73tca3x4irjg","cargo_no_time","Engenharia de Dados","2024"
"n73tcahrl9c8j262nhfn73tca3x4irjg","cargo_no_time","Cientista de Dados","2024"
"n73tcahrl9c8j262nhfn73tca3x4irjg","cargo_no_time","Analista de BI","2024"
"n73tcahrl9c8j262nhfn73tca3x4irjg","cargo_no_time","Business Analyst","2024"
"d2v9fdnlmwyu8i48fu07ird2v9fdngro","cargo_no_time","Analytics Engineer","2024"
"d2v9fdnlmwyu8i48fu07ird2v9fdngro","cargo_no_time","Engenharia de Dados","2024"
"d2v9fdnlmwyu8i48fu07ird2v9fdngro","cargo_no_time","Cientista de Dados","2024"
"d2v9fdnlmwyu8i48fu07ird2v9fdngro","cargo_no_time","Arquiteto de Dados","2024"
"d2v9fdnlmwyu8i48fu07ird2v9fdngro","cargo_no_time","Data Product Manager","2024"
"d2v9fdnlmwyu8i48fu07ird2v9fdngro","cargo_no_time","ML/AI Engineer","2024"
"e3mg1ho0iv7kb4709ym1he3mg1hmm4dk","cargo_no_time","Analytics Engineer","2024"
"e3mg1ho0iv7kb4709ym1he3mg1hmm4dk","cargo_no_time","Engenharia de Dados","2024"
"e3mg1ho0iv7kb4709ym1he3mg1hmm4dk","cargo_no_time","Analista de Dados","2024"
"e3mg1ho0iv7kb4709ym1he3mg1hmm4dk","cargo_no_time","Cientista de Dados","2024"
"e3mg1ho0iv7kb4709ym1he3mg1hmm4dk","cargo_no_time","Arquiteto de Dados","2024"
"e3mg1ho0iv7kb4709ym1he3mg1hmm4dk","cargo_no_time","ML/AI Engineer","2024"
"ihzlc0v755nxdwex9vkfihzlc04vsb8k","cargo_no_time","Analytics Engineer","2024"
"ihzlc0v755nxdwex9vkfihzlc04vsb8k","cargo_no_time","Engenharia de Dados","2024"
"ihzlc0v755nxdwex9vkfihzlc04vsb8k","cargo_no_time","Cientista de Dados","2024"
"ihzlc0v755nxdwex9vkfihzlc04vsb8k","cargo_no_time","Analista de BI","2024"
"ihzlc0v755nxdwex9vkfihzlc04vsb8k","cargo_no_time","Data Product Manager","2024"
"ihzlc0v755nxdwex9vkfihzlc04vsb8k","cargo_no_time","ML/AI Engineer","2024"
"obtvzn6l17dsobtvfhtkreeqcap4u6tx","cargo_no_time","Analytics Engineer","2024"
"obtvzn6l17dsobtvfhtkreeqcap4u6tx","cargo_no_time","Engenharia de Dados","2024"
"obtvzn6l17dsobtvfhtkreeqcap4u6tx","cargo_no_time","Arquiteto de Dados","2024"
"z7u2cc8dahz7g03d3cgkdx7ovy98gagg","cargo_no_time","Analytics Engineer","2024"
"z7u2cc8dahz7g03d3cgkdx7ovy98gagg","cargo_no_time","Engenharia de Dados","2024"
"z7u2cc8dahz7g03d3cgkdx7ovy98gagg","cargo_no_time","Cientista de Dados","2024"
"z7u2cc8dahz7g03d3cgkdx7ovy98gagg","cargo_no_time","Arquiteto de Dados","2024"
"z7u2cc8dahz7g03d3cgkdx7ovy98gagg","cargo_no_time","ML/AI Engineer","2024"
"e4rpb82gldcejviy8821e4rpb8fnm4p6","cargo_no_time","Engenharia de Dados","2024"
"e4rpb82gldcejviy8821e4rpb8fnm4p6","cargo_no_time","Cientista de Dados","2024"
"e4rpb82gldcejviy8821e4rpb8fnm4p6","cargo_no_time","DBA","2024"
"e4rpb82gldcejviy8821e4rpb8fnm4p6","cargo_no_time","Arquiteto de Dados","2024"
"e4rpb82gldcejviy8821e4rpb8fnm4p6","cargo_no_time","ML/AI Engineer","2024"
"z0u9umikgazojlht6z0u9uu4cdog61up","cargo_no_time","Analytics Engineer","2024"
"z0u9umikgazojlht6z0u9uu4cdog61up","cargo_no_time","Engenharia de Dados","2024"
"z0u9umikgazojlht6z0u9uu4cdog61up","cargo_no_time","Analista de BI","2024"
"z0u9umikgazojlht6z0u9uu4cdog61up","cargo_no_time","Arquiteto de Dados","2024"
"z0u9umikgazojlht6z0u9uu4cdog61up","cargo_no_time","Data Product Manager","2024"
"z0u9umikgazojlht6z0u9uu4cdog61up","cargo_no_time","ML/AI Engineer","2024"
"sdmag20jyombns3c3lsdmag1u1m6425m","cargo_no_time","Analytics Engineer","2024"
"sdmag20jyombns3c3lsdmag1u1m6425m","cargo_no_time","Engenharia de Dados","2024"
"sdmag20jyombns3c3lsdmag1u1m6425m","cargo_no_time","Analista de Dados","2024"
"sdmag20jyombns3c3lsdmag1u1m6425m","cargo_no_time","Cientista de Dados","2024"
"sdmag20jyombns3c3lsdmag1u1m6425m","cargo_no_time","DBA","2024"
"sdmag20jyombns3c3lsdmag1u1m6425m","cargo_no_time","Analista de BI","2024"
"sdmag20jyombns3c3lsdmag1u1m6425m","cargo_no_time","Arquiteto de Dados","2024"
"sdmag20jyombns3c3lsdmag1u1m6425m","cargo_no_time","Business Analyst","2024"
"sdmag20jyombns3c3lsdmag1u1m6425m","cargo_no_time","ML/AI Engineer","2024"
"9fp7f5h3b7ft8ay29fp7f5h3v4vxnlf1","cargo_no_time","Engenharia de Dados","2024"
"9fp7f5h3b7ft8ay29fp7f5h3v4vxnlf1","cargo_no_time","Analista de Dados","2024"
"9fp7f5h3b7ft8ay29fp7f5h3v4vxnlf1","cargo_no_time","Analista de BI","2024"
"boazu2497e4fz77l8boazuzyjoplq4f0","cargo_no_time","Analista de BI","2024"
"x79da2bs6zt5y85yfx793cuxp85d4g2y","cargo_no_time","Analista de Dados","2024"
"x79da2bs6zt5y85yfx793cuxp85d4g2y","cargo_no_time","Analista de BI","2024"
"x79da2bs6zt5y85yfx793cuxp85d4g2y","cargo_no_time","Business Analyst","2024"
"tm7ks296hzutu8ns6tm7k0587e4r06hk","cargo_no_time","Analista de Dados","2024"
"zvqqeooatvkx0ge817zvqqzry3okkspd","cargo_no_time","Analytics Engineer","2024"
"zvqqeooatvkx0ge817zvqqzry3okkspd","cargo_no_time","Engenharia de Dados","2024"
"zvqqeooatvkx0ge817zvqqzry3okkspd","cargo_no_time","Analista de Dados","2024"
"zvqqeooatvkx0ge817zvqqzry3okkspd","cargo_no_time","Cientista de Dados","2024"
"zvqqeooatvkx0ge817zvqqzry3okkspd","cargo_no_time","Arquiteto de Dados","2024"
"629h93s9vv2micgg08bgp629h98l3n59","cargo_no_time","Engenharia de Dados","2024"
"629h93s9vv2micgg08bgp629h98l3n59","cargo_no_time","DBA","2024"
"vchaqczvnn1k770mu8fkzgyvchaqczrp","cargo_no_time","Analytics Engineer","2024"
"vchaqczvnn1k770mu8fkzgyvchaqczrp","cargo_no_time","Engenharia de Dados","2024"
"vchaqczvnn1k770mu8fkzgyvchaqczrp","cargo_no_time","Analista de Dados","2024"
"vchaqczvnn1k770mu8fkzgyvchaqczrp","cargo_no_time","Cientista de Dados","2024"
"vchaqczvnn1k770mu8fkzgyvchaqczrp","cargo_no_time","DBA","2024"
"vchaqczvnn1k770mu8fkzgyvchaqczrp","cargo_no_time","Arquiteto de Dados","2024"
"vchaqczvnn1k770mu8fkzgyvchaqczrp","cargo_no_time","ML/AI Engineer","2024"
"j229kldc2jynes9lj229kscf2qzdfygn","cargo_no_time","Engenharia de Dados","2024"
"j229kldc2jynes9lj229kscf2qzdfygn","cargo_no_time","Cientista de Dados","2024"
"j229kldc2jynes9lj229kscf2qzdfygn","cargo_no_time","Analista de BI","2024"
"j229kldc2jynes9lj229kscf2qzdfygn","cargo_no_time","Data Product Manager","2024"
"j229kldc2jynes9lj229kscf2qzdfygn","cargo_no_time","Business Analyst","2024"
"j229kldc2jynes9lj229kscf2qzdfygn","cargo_no_time","ML/AI Engineer","2024"
"nk8kk4axuhw7h80bql0vnk8kk4f5d1dl","cargo_no_time","Analytics Engineer","2024"
"nk8kk4axuhw7h80bql0vnk8kk4f5d1dl","cargo_no_time","Engenharia de Dados","2024"
"nk8kk4axuhw7h80bql0vnk8kk4f5d1dl","cargo_no_time","Cientista de Dados","2024"
"m5r9he9hjo48fung7e66um5r9heaj3nd","cargo_no_time","Engenharia de Dados","2024"
"2em2x3qtbf0faeop4k2em2xh9m242r5d","cargo_no_time","Analytics Engineer","2024"
"m5r9he9hjo48fung7e66um5r9heaj3nd","cargo_no_time","Analista de Dados","2024"
"m5r9he9hjo48fung7e66um5r9heaj3nd","cargo_no_time","Cientista de Dados","2024"
"2em2x3qtbf0faeop4k2em2xh9m242r5d","cargo_no_time","Engenharia de Dados","2024"
"ahyiup6t7v7f0d8ahyiugpgkc5h59lgh","cargo_no_time","Analytics Engineer","2024"
"m5r9he9hjo48fung7e66um5r9heaj3nd","cargo_no_time","Analista de BI","2024"
"m5r9he9hjo48fung7e66um5r9heaj3nd","cargo_no_time","Arquiteto de Dados","2024"
"m5r9he9hjo48fung7e66um5r9heaj3nd","cargo_no_time","ML/AI Engineer","2024"
"ndh4vp3pf44oz11k56undh4vevb3n7pd","cargo_no_time","Engenharia de Dados","2024"
"ahyiup6t7v7f0d8ahyiugpgkc5h59lgh","cargo_no_time","Engenharia de Dados","2024"
"ahyiup6t7v7f0d8ahyiugpgkc5h59lgh","cargo_no_time","Cientista de Dados","2024"
"ahyiup6t7v7f0d8ahyiugpgkc5h59lgh","cargo_no_time","Arquiteto de Dados","2024"
"ahyiup6t7v7f0d8ahyiugpgkc5h59lgh","cargo_no_time","ML/AI Engineer","2024"
"ndh4vp3pf44oz11k56undh4vevb3n7pd","cargo_no_time","Analista de Dados","2024"
"ndh4vp3pf44oz11k56undh4vevb3n7pd","cargo_no_time","Analista de BI","2024"
"ndh4vp3pf44oz11k56undh4vevb3n7pd","cargo_no_time","Arquiteto de Dados","2024"
"w6jgjpyq14zi94wzw6jgz70rynleu5ty","cargo_no_time","Engenharia de Dados","2024"
"w6jgjpyq14zi94wzw6jgz70rynleu5ty","cargo_no_time","Analista de Dados","2024"
"w6jgjpyq14zi94wzw6jgz70rynleu5ty","cargo_no_time","Cientista de Dados","2024"
"w6jgjpyq14zi94wzw6jgz70rynleu5ty","cargo_no_time","DBA","2024"
"w6jgjpyq14zi94wzw6jgz70rynleu5ty","cargo_no_time","Analista de BI","2024"
"s5oio5050nkhuwas5ona60tvdr4wupnc","cargo_no_time","Engenharia de Dados","2024"
"s5oio5050nkhuwas5ona60tvdr4wupnc","cargo_no_time","Analista de Dados","2024"
"s5oio5050nkhuwas5ona60tvdr4wupnc","cargo_no_time","Cientista de Dados","2024"
"s5oio5050nkhuwas5ona60tvdr4wupnc","cargo_no_time","DBA","2024"
"s5oio5050nkhuwas5ona60tvdr4wupnc","cargo_no_time","Analista de BI","2024"
"s5oio5050nkhuwas5ona60tvdr4wupnc","cargo_no_time","Arquiteto de Dados","2024"
"s5oio5050nkhuwas5ona60tvdr4wupnc","cargo_no_time","Business Analyst","2024"
"s5oio5050nkhuwas5ona60tvdr4wupnc","cargo_no_time","ML/AI Engineer","2024"
"w6jgjpyq14zi94wzw6jgz70rynleu5ty","cargo_no_time","Business Analyst","2024"
"w6jgjpyq14zi94wzw6jgz70rynleu5ty","cargo_no_time","ML/AI Engineer","2024"
"jbqidbvhg4vnxd9q6jbqiroegypznxoo","cargo_no_time","Analytics Engineer","2024"
"jbqidbvhg4vnxd9q6jbqiroegypznxoo","cargo_no_time","Engenharia de Dados","2024"
"jbqidbvhg4vnxd9q6jbqiroegypznxoo","cargo_no_time","Analista de Dados","2024"
"jbqidbvhg4vnxd9q6jbqiroegypznxoo","cargo_no_time","Cientista de Dados","2024"
"jbqidbvhg4vnxd9q6jbqiroegypznxoo","cargo_no_time","Data Product Manager","2024"
"jbqidbvhg4vnxd9q6jbqiroegypznxoo","cargo_no_time","Business Analyst","2024"
"jbqidbvhg4vnxd9q6jbqiroegypznxoo","cargo_no_time","ML/AI Engineer","2024"
"ir6czja8uubzit2ir6krcf39wc5se9em","cargo_no_time","Engenharia de Dados","2024"
"ir6czja8uubzit2ir6krcf39wc5se9em","cargo_no_time","Analista de Dados","2024"
"vtibzjqyqiyipaa1vtib31d1ibwf4ix5","cargo_no_time","Analista de BI","2024"
"x6ug9xlbkg1u3xheqex6ug9rkhngg1dn","cargo_no_time","Analytics Engineer","2024"
"x6ug9xlbkg1u3xheqex6ug9rkhngg1dn","cargo_no_time","Engenharia de Dados","2024"
"x6ug9xlbkg1u3xheqex6ug9rkhngg1dn","cargo_no_time","Analista de Dados","2024"
"aoesmqfssw3x2abyqt6aoesnu5iykyam","cargo_no_time","Engenharia de Dados","2024"
"96gilr8rfp3s61uaz96gilyj7nz3306f","cargo_no_time","Analytics Engineer","2024"
"96gilr8rfp3s61uaz96gilyj7nz3306f","cargo_no_time","Analista de Dados","2024"
"96gilr8rfp3s61uaz96gilyj7nz3306f","cargo_no_time","Cientista de Dados","2024"
"96gilr8rfp3s61uaz96gilyj7nz3306f","cargo_no_time","Arquiteto de Dados","2024"
"96gilr8rfp3s61uaz96gilyj7nz3306f","cargo_no_time","Data Product Manager","2024"
"96gilr8rfp3s61uaz96gilyj7nz3306f","cargo_no_time","Business Analyst","2024"
"m5vjk3a4smqrmkm5vjmjj0u9dqfznvu5","cargo_no_time","Analytics Engineer","2024"
"m5vjk3a4smqrmkm5vjmjj0u9dqfznvu5","cargo_no_time","Analista de Dados","2024"
"m5vjk3a4smqrmkm5vjmjj0u9dqfznvu5","cargo_no_time","Cientista de Dados","2024"
"m5vjk3a4smqrmkm5vjmjj0u9dqfznvu5","cargo_no_time","Analista de BI","2024"
"m5vjk3a4smqrmkm5vjmjj0u9dqfznvu5","cargo_no_time","Arquiteto de Dados","2024"
"m5vjk3a4smqrmkm5vjmjj0u9dqfznvu5","cargo_no_time","Business Analyst","2024"
"f00o6snfc0zzxgof658saf00o6snf05s","cargo_no_time","Analytics Engineer","2024"
"f00o6snfc0zzxgof658saf00o6snf05s","cargo_no_time","Engenharia de Dados","2024"
"f00o6snfc0zzxgof658saf00o6snf05s","cargo_no_time","Analista de BI","2024"
"f00o6snfc0zzxgof658saf00o6snf05s","cargo_no_time","Arquiteto de Dados","2024"
"aoesmqfssw3x2abyqt6aoesnu5iykyam","cargo_no_time","Analista de Dados","2024"
"aoesmqfssw3x2abyqt6aoesnu5iykyam","cargo_no_time","Cientista de Dados","2024"
"aoesmqfssw3x2abyqt6aoesnu5iykyam","cargo_no_time","DBA","2024"
"aoesmqfssw3x2abyqt6aoesnu5iykyam","cargo_no_time","Analista de BI","2024"
"aoesmqfssw3x2abyqt6aoesnu5iykyam","cargo_no_time","Data Product Manager","2024"
"aoesmqfssw3x2abyqt6aoesnu5iykyam","cargo_no_time","Business Analyst","2024"
"aoesmqfssw3x2abyqt6aoesnu5iykyam","cargo_no_time","ML/AI Engineer","2024"
"3e7206bgrwklot3h2jd33e72067i66b3","cargo_no_time","Analytics Engineer","2024"
"3e7206bgrwklot3h2jd33e72067i66b3","cargo_no_time","Engenharia de Dados","2024"
"3e7206bgrwklot3h2jd33e72067i66b3","cargo_no_time","Analista de Dados","2024"
"3e7206bgrwklot3h2jd33e72067i66b3","cargo_no_time","Cientista de Dados","2024"
"3e7206bgrwklot3h2jd33e72067i66b3","cargo_no_time","DBA","2024"
"3e7206bgrwklot3h2jd33e72067i66b3","cargo_no_time","Analista de BI","2024"
"3e7206bgrwklot3h2jd33e72067i66b3","cargo_no_time","ML/AI Engineer","2024"
"s24tyb0h2mkcmfrtdss24tym2hkpwk1c","cargo_no_time","Engenharia de Dados","2024"
"s24tyb0h2mkcmfrtdss24tym2hkpwk1c","cargo_no_time","Analista de Dados","2024"
"s24tyb0h2mkcmfrtdss24tym2hkpwk1c","cargo_no_time","Analista de BI","2024"
"c5da323rke7qwc5da32qkl2iowba1jwr","cargo_no_time","Engenharia de Dados","2024"
"c5da323rke7qwc5da32qkl2iowba1jwr","cargo_no_time","Analista de Dados","2024"
"c5da323rke7qwc5da32qkl2iowba1jwr","cargo_no_time","Cientista de Dados","2024"
"c5da323rke7qwc5da32qkl2iowba1jwr","cargo_no_time","Analista de BI","2024"
"9intntwuxzoy0lbowd9intntwun72gk2","cargo_no_time","Engenharia de Dados","2024"
"9intntwuxzoy0lbowd9intntwun72gk2","cargo_no_time","Analista de Dados","2024"
"9intntwuxzoy0lbowd9intntwun72gk2","cargo_no_time","Cientista de Dados","2024"
"9intntwuxzoy0lbowd9intntwun72gk2","cargo_no_time","Data Product Manager","2024"
"9intntwuxzoy0lbowd9intntwun72gk2","cargo_no_time","ML/AI Engineer","2024"
"wwozuekkx9m83sprkj1wwozu28yjaz6j","cargo_no_time","Analista de Dados","2024"
"wwozuekkx9m83sprkj1wwozu28yjaz6j","cargo_no_time","DBA","2024"
"u4ksj6omnk03mn732u4ksj6hflor4ule","cargo_no_time","Analytics Engineer","2024"
"u4ksj6omnk03mn732u4ksj6hflor4ule","cargo_no_time","Engenharia de Dados","2024"
"u4ksj6omnk03mn732u4ksj6hflor4ule","cargo_no_time","Analista de Dados","2024"
"u4ksj6omnk03mn732u4ksj6hflor4ule","cargo_no_time","Cientista de Dados","2024"
"f00o6snfc0zzxgof658saf00o6snf05s","cargo_no_time","Data Product Manager","2024"
"f00o6snfc0zzxgof658saf00o6snf05s","cargo_no_time","ML/AI Engineer","2024"
"jmp1ja3vlv3nqs17jgjmplgcm43r40k0","cargo_no_time","Analytics Engineer","2024"
"jmp1ja3vlv3nqs17jgjmplgcm43r40k0","cargo_no_time","Engenharia de Dados","2024"
"jmp1ja3vlv3nqs17jgjmplgcm43r40k0","cargo_no_time","Analista de Dados","2024"
"jmp1ja3vlv3nqs17jgjmplgcm43r40k0","cargo_no_time","Cientista de Dados","2024"
"jmp1ja3vlv3nqs17jgjmplgcm43r40k0","cargo_no_time","DBA","2024"
"jmp1ja3vlv3nqs17jgjmplgcm43r40k0","cargo_no_time","Analista de BI","2024"
"jmp1ja3vlv3nqs17jgjmplgcm43r40k0","cargo_no_time","Arquiteto de Dados","2024"
"jmp1ja3vlv3nqs17jgjmplgcm43r40k0","cargo_no_time","ML/AI Engineer","2024"
"f2gj2n43tik3vk7rf2gjz9jzxzot1oyj","cargo_no_time","Analista de BI","2024"
"f2gj2n43tik3vk7rf2gjz9jzxzot1oyj","cargo_no_time","Business Analyst","2024"
"0ngn6v87qb9fjli6cq0ngnqc264clzgu","cargo_no_time","Engenharia de Dados","2024"
"0ngn6v87qb9fjli6cq0ngnqc264clzgu","cargo_no_time","Arquiteto de Dados","2024"
"0ngn6v87qb9fjli6cq0ngnqc264clzgu","cargo_no_time","ML/AI Engineer","2024"
"rdfvfwl2wmpufvqz3erdfvfw3gtp24kk","cargo_no_time","Analista de Dados","2024"
"rdfvfwl2wmpufvqz3erdfvfw3gtp24kk","cargo_no_time","Cientista de Dados","2024"
"rdfvfwl2wmpufvqz3erdfvfw3gtp24kk","cargo_no_time","DBA","2024"
"rdfvfwl2wmpufvqz3erdfvfw3gtp24kk","cargo_no_time","Analista de BI","2024"
"rdfvfwl2wmpufvqz3erdfvfw3gtp24kk","cargo_no_time","ML/AI Engineer","2024"
"rbfqqp8mfc5yl246jrbfqqvg67cz0weo","cargo_no_time","Analytics Engineer","2024"
"rbfqqp8mfc5yl246jrbfqqvg67cz0weo","cargo_no_time","Engenharia de Dados","2024"
"rbfqqp8mfc5yl246jrbfqqvg67cz0weo","cargo_no_time","Analista de Dados","2024"
"rbfqqp8mfc5yl246jrbfqqvg67cz0weo","cargo_no_time","Cientista de Dados","2024"
"rbfqqp8mfc5yl246jrbfqqvg67cz0weo","cargo_no_time","DBA","2024"
"rbfqqp8mfc5yl246jrbfqqvg67cz0weo","cargo_no_time","Analista de BI","2024"
"rbfqqp8mfc5yl246jrbfqqvg67cz0weo","cargo_no_time","Arquiteto de Dados","2024"
"rbfqqp8mfc5yl246jrbfqqvg67cz0weo","cargo_no_time","Data Product Manager","2024"
"rbfqqp8mfc5yl246jrbfqqvg67cz0weo","cargo_no_time","Business Analyst","2024"
"rbfqqp8mfc5yl246jrbfqqvg67cz0weo","cargo_no_time","ML/AI Engineer","2024"
"bbosznp4susbbossfna5pe948nttb4vt","cargo_no_time","Analytics Engineer","2024"
"bbosznp4susbbossfna5pe948nttb4vt","cargo_no_time","Engenharia de Dados","2024"
"u4ksj6omnk03mn732u4ksj6hflor4ule","cargo_no_time","DBA","2024"
"u4ksj6omnk03mn732u4ksj6hflor4ule","cargo_no_time","Analista de BI","2024"
"u4ksj6omnk03mn732u4ksj6hflor4ule","cargo_no_time","Data Product Manager","2024"
"u4ksj6omnk03mn732u4ksj6hflor4ule","cargo_no_time","Business Analyst","2024"
"u4ksj6omnk03mn732u4ksj6hflor4ule","cargo_no_time","ML/AI Engineer","2024"
"wast1466gdm1sh8v4xs4mwast14c1nv5","cargo_no_time","Analista de BI","2024"
"wast1466gdm1sh8v4xs4mwast14c1nv5","cargo_no_time","Business Analyst","2024"
"j453jtpruzruz6iy4j453jodflrt2l3o","cargo_no_time","Analytics Engineer","2024"
"j453jtpruzruz6iy4j453jodflrt2l3o","cargo_no_time","Engenharia de Dados","2024"
"j453jtpruzruz6iy4j453jodflrt2l3o","cargo_no_time","Analista de Dados","2024"
"j453jtpruzruz6iy4j453jodflrt2l3o","cargo_no_time","Cientista de Dados","2024"
"j453jtpruzruz6iy4j453jodflrt2l3o","cargo_no_time","Arquiteto de Dados","2024"
"j453jtpruzruz6iy4j453jodflrt2l3o","cargo_no_time","Business Analyst","2024"
"j453jtpruzruz6iy4j453jodflrt2l3o","cargo_no_time","ML/AI Engineer","2024"
"vyqo3qvtmrzaf96l9y2owhvyqo3q7ned","cargo_no_time","Analista de Dados","2024"
"vyqo3qvtmrzaf96l9y2owhvyqo3q7ned","cargo_no_time","Analista de BI","2024"
"vyqo3qvtmrzaf96l9y2owhvyqo3q7ned","cargo_no_time","Data Product Manager","2024"
"fnq98i4hlcsdky5vnkbuuxifnq984syv","cargo_no_time","Engenharia de Dados","2024"
"fnq98i4hlcsdky5vnkbuuxifnq984syv","cargo_no_time","Analista de Dados","2024"
"fnq98i4hlcsdky5vnkbuuxifnq984syv","cargo_no_time","Cientista de Dados","2024"
"fnq98i4hlcsdky5vnkbuuxifnq984syv","cargo_no_time","Arquiteto de Dados","2024"
"no217e8b9f912479avnno217e5dpbo4o","cargo_no_time","Analista de Dados","2024"
"no217e8b9f912479avnno217e5dpbo4o","cargo_no_time","Arquiteto de Dados","2024"
"no217e8b9f912479avnno217e5dpbo4o","cargo_no_time","Business Analyst","2024"
"021dh1qvtroyfatua021dh1qbox3uizt","cargo_no_time","Business Analyst","2024"
"wrtfsw6nmzgraswjvmwrtfsyau54g3yh","cargo_no_time","Analista de Dados","2024"
"wrtfsw6nmzgraswjvmwrtfsyau54g3yh","cargo_no_time","Cientista de Dados","2024"
"wrtfsw6nmzgraswjvmwrtfsyau54g3yh","cargo_no_time","DBA","2024"
"wrtfsw6nmzgraswjvmwrtfsyau54g3yh","cargo_no_time","Analista de BI","2024"
"wrtfsw6nmzgraswjvmwrtfsyau54g3yh","cargo_no_time","Arquiteto de Dados","2024"
"54w1mp36rl799veq54w1mu7f1lg9pnpe","cargo_no_time","Analista de BI","2024"
"2qpul8xsms7rb3ye60kn2qpul8baqnoe","cargo_no_time","Engenharia de Dados","2024"
"2qpul8xsms7rb3ye60kn2qpul8baqnoe","cargo_no_time","Analista de Dados","2024"
"2qpul8xsms7rb3ye60kn2qpul8baqnoe","cargo_no_time","Cientista de Dados","2024"
"2qpul8xsms7rb3ye60kn2qpul8baqnoe","cargo_no_time","DBA","2024"
"2qpul8xsms7rb3ye60kn2qpul8baqnoe","cargo_no_time","Analista de BI","2024"
"2qpul8xsms7rb3ye60kn2qpul8baqnoe","cargo_no_time","Data Product Manager","2024"
"79orjtt2sxv5lurqt79orxn8o1i4orwz","cargo_no_time","Analytics Engineer","2024"
"79orjtt2sxv5lurqt79orxn8o1i4orwz","cargo_no_time","Engenharia de Dados","2024"
"79orjtt2sxv5lurqt79orxn8o1i4orwz","cargo_no_time","Cientista de Dados","2024"
"79orjtt2sxv5lurqt79orxn8o1i4orwz","cargo_no_time","Analista de BI","2024"
"79orjtt2sxv5lurqt79orxn8o1i4orwz","cargo_no_time","Business Analyst","2024"
"79orjtt2sxv5lurqt79orxn8o1i4orwz","cargo_no_time","ML/AI Engineer","2024"
"lr3960obljpj2o6au2lr3tsnycfr5gw8","cargo_no_time","Engenharia de Dados","2024"
"lr3960obljpj2o6au2lr3tsnycfr5gw8","cargo_no_time","Cientista de Dados","2024"
"lr3960obljpj2o6au2lr3tsnycfr5gw8","cargo_no_time","Analista de BI","2024"
"lr3960obljpj2o6au2lr3tsnycfr5gw8","cargo_no_time","Business Analyst","2024"
"2oob5dlb2jd5c7jgcb0unov2oob5c2ny","cargo_no_time","Analytics Engineer","2024"
"2oob5dlb2jd5c7jgcb0unov2oob5c2ny","cargo_no_time","Engenharia de Dados","2024"
"2oob5dlb2jd5c7jgcb0unov2oob5c2ny","cargo_no_time","Analista de Dados","2024"
"2oob5dlb2jd5c7jgcb0unov2oob5c2ny","cargo_no_time","Analista de BI","2024"
"rfw691jpfc8r9k15rfw691jtoj9ut4nd","cargo_no_time","Analista de Dados","2024"
"rfw691jpfc8r9k15rfw691jtoj9ut4nd","cargo_no_time","Analista de BI","2024"
"rfw691jpfc8r9k15rfw691jtoj9ut4nd","cargo_no_time","Business Analyst","2024"
"yng98qt3e4263n7o3yng98qteycyt1ki","cargo_no_time","Engenharia de Dados","2024"
"yng98qt3e4263n7o3yng98qteycyt1ki","cargo_no_time","Analista de Dados","2024"
"yng98qt3e4263n7o3yng98qteycyt1ki","cargo_no_time","Cientista de Dados","2024"
"yng98qt3e4263n7o3yng98qteycyt1ki","cargo_no_time","Analista de BI","2024"
"yng98qt3e4263n7o3yng98qteycyt1ki","cargo_no_time","Business Analyst","2024"
"yng98qt3e4263n7o3yng98qteycyt1ki","cargo_no_time","ML/AI Engineer","2024"
"mg6izzn2lr5eqeqy7mg6izemfuskszd3","cargo_no_time","Analista de Dados","2024"
"dmg9kkx7w9rx1f3hezcdmg9k533cia5a","cargo_no_time","Engenharia de Dados","2024"
"dmg9kkx7w9rx1f3hezcdmg9k533cia5a","cargo_no_time","Cientista de Dados","2024"
"dmg9kkx7w9rx1f3hezcdmg9k533cia5a","cargo_no_time","Business Analyst","2024"
"aztrbpetnuarbwh5aztrbpetw8tdqiae","cargo_no_time","Engenharia de Dados","2024"
"aztrbpetnuarbwh5aztrbpetw8tdqiae","cargo_no_time","Analista de Dados","2024"
"aztrbpetnuarbwh5aztrbpetw8tdqiae","cargo_no_time","Cientista de Dados","2024"
"aztrbpetnuarbwh5aztrbpetw8tdqiae","cargo_no_time","Analista de BI","2024"
"aztrbpetnuarbwh5aztrbpetw8tdqiae","cargo_no_time","Data Product Manager","2024"
"aztrbpetnuarbwh5aztrbpetw8tdqiae","cargo_no_time","ML/AI Engineer","2024"
"a0kt19y5699gm6bnqi4iba0ktdeyrqqh","cargo_no_time","Analista de Dados","2024"
"a0kt19y5699gm6bnqi4iba0ktdeyrqqh","cargo_no_time","Analista de BI","2024"
"a0kt19y5699gm6bnqi4iba0ktdeyrqqh","cargo_no_time","Business Analyst","2024"
"tg279c9lwnmqod5hiqtg279c6eb4y0id","cargo_no_time","Analytics Engineer","2024"
"tg279c9lwnmqod5hiqtg279c6eb4y0id","cargo_no_time","Engenharia de Dados","2024"
"tg279c9lwnmqod5hiqtg279c6eb4y0id","cargo_no_time","Analista de Dados","2024"
"tg279c9lwnmqod5hiqtg279c6eb4y0id","cargo_no_time","Cientista de Dados","2024"
"tg279c9lwnmqod5hiqtg279c6eb4y0id","cargo_no_time","DBA","2024"
"tg279c9lwnmqod5hiqtg279c6eb4y0id","cargo_no_time","Arquiteto de Dados","2024"
"tg279c9lwnmqod5hiqtg279c6eb4y0id","cargo_no_time","Business Analyst","2024"
"tg279c9lwnmqod5hiqtg279c6eb4y0id","cargo_no_time","ML/AI Engineer","2024"
"ykenvp15z9jvhozfeykenefcs9t47cad","cargo_no_time","Engenharia de Dados","2024"
"ykenvp15z9jvhozfeykenefcs9t47cad","cargo_no_time","Analista de Dados","2024"
"ykenvp15z9jvhozfeykenefcs9t47cad","cargo_no_time","Cientista de Dados","2024"
"ykenvp15z9jvhozfeykenefcs9t47cad","cargo_no_time","Analista de BI","2024"
"ykenvp15z9jvhozfeykenefcs9t47cad","cargo_no_time","Arquiteto de Dados","2024"
"ykenvp15z9jvhozfeykenefcs9t47cad","cargo_no_time","ML/AI Engineer","2024"
"jqev762pqerxbk10wzhzjqev762pxztq","cargo_no_time","Analytics Engineer","2024"
"jqev762pqerxbk10wzhzjqev762pxztq","cargo_no_time","Engenharia de Dados","2024"
"jqev762pqerxbk10wzhzjqev762pxztq","cargo_no_time","Analista de Dados","2024"
"jqev762pqerxbk10wzhzjqev762pxztq","cargo_no_time","Cientista de Dados","2024"
"jqev762pqerxbk10wzhzjqev762pxztq","cargo_no_time","DBA","2024"
"jqev762pqerxbk10wzhzjqev762pxztq","cargo_no_time","Analista de BI","2024"
"jqev762pqerxbk10wzhzjqev762pxztq","cargo_no_time","Data Product Manager","2024"
"jqev762pqerxbk10wzhzjqev762pxztq","cargo_no_time","Business Analyst","2024"
"jqev762pqerxbk10wzhzjqev762pxztq","cargo_no_time","ML/AI Engineer","2024"
"usbnuhmx4onhhgeg1ke9busbnuhmjnu9","cargo_no_time","Engenharia de Dados","2024"
"usbnuhmx4onhhgeg1ke9busbnuhmjnu9","cargo_no_time","Analista de Dados","2024"
"usbnuhmx4onhhgeg1ke9busbnuhmjnu9","cargo_no_time","Cientista de Dados","2024"
"usbnuhmx4onhhgeg1ke9busbnuhmjnu9","cargo_no_time","Analista de BI","2024"
"usbnuhmx4onhhgeg1ke9busbnuhmjnu9","cargo_no_time","Arquiteto de Dados","2024"
"usbnuhmx4onhhgeg1ke9busbnuhmjnu9","cargo_no_time","Data Product Manager","2024"
"usbnuhmx4onhhgeg1ke9busbnuhmjnu9","cargo_no_time","ML/AI Engineer","2024"
"k5puufd5caf4mbk5puunf3xmnbe7pljm","cargo_no_time","Engenharia de Dados","2024"
"k5puufd5caf4mbk5puunf3xmnbe7pljm","cargo_no_time","Analista de Dados","2024"
"k5puufd5caf4mbk5puunf3xmnbe7pljm","cargo_no_time","Analista de BI","2024"
"fbzfai9f37n2u4jjshufbzfai44ntxac","cargo_no_time","Analytics Engineer","2024"
"fbzfai9f37n2u4jjshufbzfai44ntxac","cargo_no_time","Engenharia de Dados","2024"
"fbzfai9f37n2u4jjshufbzfai44ntxac","cargo_no_time","Analista de Dados","2024"
"fbzfai9f37n2u4jjshufbzfai44ntxac","cargo_no_time","Cientista de Dados","2024"
"fbzfai9f37n2u4jjshufbzfai44ntxac","cargo_no_time","Analista de BI","2024"
"fbzfai9f37n2u4jjshufbzfai44ntxac","cargo_no_time","Arquiteto de Dados","2024"
"fbzfai9f37n2u4jjshufbzfai44ntxac","cargo_no_time","Business Analyst","2024"
"fbzfai9f37n2u4jjshufbzfai44ntxac","cargo_no_time","ML/AI Engineer","2024"
"l0lb5r4m7nssm8834e83njl0lb5r41yh","cargo_no_time","Engenharia de Dados","2024"
"l0lb5r4m7nssm8834e83njl0lb5r41yh","cargo_no_time","Analista de Dados","2024"
"l0lb5r4m7nssm8834e83njl0lb5r41yh","cargo_no_time","Cientista de Dados","2024"
"l0lb5r4m7nssm8834e83njl0lb5r41yh","cargo_no_time","Arquiteto de Dados","2024"
"l0lb5r4m7nssm8834e83njl0lb5r41yh","cargo_no_time","Business Analyst","2024"
"l0lb5r4m7nssm8834e83njl0lb5r41yh","cargo_no_time","ML/AI Engineer","2024"
"q9z995p26a34nyr6gu5vq9z995p2puch","cargo_no_time","Analytics Engineer","2024"
"q9z995p26a34nyr6gu5vq9z995p2puch","cargo_no_time","Engenharia de Dados","2024"
"q9z995p26a34nyr6gu5vq9z995p2puch","cargo_no_time","Cientista de Dados","2024"
"q9z995p26a34nyr6gu5vq9z995p2puch","cargo_no_time","Arquiteto de Dados","2024"
"q9z995p26a34nyr6gu5vq9z995p2puch","cargo_no_time","Data Product Manager","2024"
"q9z995p26a34nyr6gu5vq9z995p2puch","cargo_no_time","ML/AI Engineer","2024"
"97kh95p7lms2goky97kh9r2otzcra9xb","cargo_no_time","Engenharia de Dados","2024"
"97kh95p7lms2goky97kh9r2otzcra9xb","cargo_no_time","Analista de BI","2024"
"97kh95p7lms2goky97kh9r2otzcra9xb","cargo_no_time","Business Analyst","2024"
"p1r5ugxe2jp2phhzy7p1r5zdfulq4dkt","cargo_no_time","Analytics Engineer","2024"
"p1r5ugxe2jp2phhzy7p1r5zdfulq4dkt","cargo_no_time","Engenharia de Dados","2024"
"p1r5ugxe2jp2phhzy7p1r5zdfulq4dkt","cargo_no_time","Analista de Dados","2024"
"p1r5ugxe2jp2phhzy7p1r5zdfulq4dkt","cargo_no_time","Cientista de Dados","2024"
"p1r5ugxe2jp2phhzy7p1r5zdfulq4dkt","cargo_no_time","Analista de BI","2024"
"p1r5ugxe2jp2phhzy7p1r5zdfulq4dkt","cargo_no_time","Arquiteto de Dados","2024"
"p1r5ugxe2jp2phhzy7p1r5zdfulq4dkt","cargo_no_time","Business Analyst","2024"
"tthic0s61uaj75pxx8ytthic005qbi9v","cargo_no_time","Analytics Engineer","2024"
"tthic0s61uaj75pxx8ytthic005qbi9v","cargo_no_time","Engenharia de Dados","2024"
"tthic0s61uaj75pxx8ytthic005qbi9v","cargo_no_time","Analista de Dados","2024"
"tthic0s61uaj75pxx8ytthic005qbi9v","cargo_no_time","Cientista de Dados","2024"
"tthic0s61uaj75pxx8ytthic005qbi9v","cargo_no_time","DBA","2024"
"tthic0s61uaj75pxx8ytthic005qbi9v","cargo_no_time","Arquiteto de Dados","2024"
"tthic0s61uaj75pxx8ytthic005qbi9v","cargo_no_time","Data Product Manager","2024"
"tthic0s61uaj75pxx8ytthic005qbi9v","cargo_no_time","ML/AI Engineer","2024"
"vovdexof8pticiupuunevovdqa3aozpb","cargo_no_time","Analytics Engineer","2024"
"vovdexof8pticiupuunevovdqa3aozpb","cargo_no_time","Engenharia de Dados","2024"
"vovdexof8pticiupuunevovdqa3aozpb","cargo_no_time","Analista de Dados","2024"
"qltau18hnjxdgngwcuzd77ivqltaq5bt","cargo_no_time","DBA","2024"
"oeoyk33oljkfm2ux7gxooeoyucnymban","cargo_no_time","Analytics Engineer","2024"
"oeoyk33oljkfm2ux7gxooeoyucnymban","cargo_no_time","Engenharia de Dados","2024"
"oeoyk33oljkfm2ux7gxooeoyucnymban","cargo_no_time","Analista de Dados","2024"
"oeoyk33oljkfm2ux7gxooeoyucnymban","cargo_no_time","Cientista de Dados","2024"
"bbosznp4susbbossfna5pe948nttb4vt","cargo_no_time","Analista de Dados","2024"
"bbosznp4susbbossfna5pe948nttb4vt","cargo_no_time","Cientista de Dados","2024"
"bbosznp4susbbossfna5pe948nttb4vt","cargo_no_time","DBA","2024"
"bbosznp4susbbossfna5pe948nttb4vt","cargo_no_time","ML/AI Engineer","2024"
"x5z5rgh7b7raf5s8on73x5z5rgp3j36m","cargo_no_time","Analytics Engineer","2024"
"x5z5rgh7b7raf5s8on73x5z5rgp3j36m","cargo_no_time","Cientista de Dados","2024"
"x5z5rgh7b7raf5s8on73x5z5rgp3j36m","cargo_no_time","Data Product Manager","2024"
"x5z5rgh7b7raf5s8on73x5z5rgp3j36m","cargo_no_time","Business Analyst","2024"
"x5z5rgh7b7raf5s8on73x5z5rgp3j36m","cargo_no_time","ML/AI Engineer","2024"
"gdmg3456nsnnqy07wxgdmgs8q72t5buc","cargo_no_time","Analista de Dados","2024"
"gdmg3456nsnnqy07wxgdmgs8q72t5buc","cargo_no_time","DBA","2024"
"gdmg3456nsnnqy07wxgdmgs8q72t5buc","cargo_no_time","Analista de BI","2024"
"6t13rtsh9ny3zb13s6tv7na3jh654gkl","cargo_no_time","Engenharia de Dados","2024"
"6t13rtsh9ny3zb13s6tv7na3jh654gkl","cargo_no_time","Analista de Dados","2024"
"6t13rtsh9ny3zb13s6tv7na3jh654gkl","cargo_no_time","Cientista de Dados","2024"
"6t13rtsh9ny3zb13s6tv7na3jh654gkl","cargo_no_time","Analista de BI","2024"
"6t13rtsh9ny3zb13s6tv7na3jh654gkl","cargo_no_time","Business Analyst","2024"
"6t13rtsh9ny3zb13s6tv7na3jh654gkl","cargo_no_time","ML/AI Engineer","2024"
"0d5lftuilgyx610d5lfsjlo66tpxl28l","cargo_no_time","Engenharia de Dados","2024"
"0d5lftuilgyx610d5lfsjlo66tpxl28l","cargo_no_time","ML/AI Engineer","2024"
"z1o3cek00h6ebczagyz1o3codirkrgkb","cargo_no_time","Engenharia de Dados","2024"
"z1o3cek00h6ebczagyz1o3codirkrgkb","cargo_no_time","Analista de Dados","2024"
"z1o3cek00h6ebczagyz1o3codirkrgkb","cargo_no_time","Cientista de Dados","2024"
"z1o3cek00h6ebczagyz1o3codirkrgkb","cargo_no_time","Analista de BI","2024"
"d1z5s2mkhnceeneo4md1z5s5iedu13a2","cargo_no_time","Engenharia de Dados","2024"
"d1z5s2mkhnceeneo4md1z5s5iedu13a2","cargo_no_time","Analista de Dados","2024"
"d1z5s2mkhnceeneo4md1z5s5iedu13a2","cargo_no_time","Cientista de Dados","2024"
"fj1k9y9388bp9dfvxe2fj1k9rqwxevd8","cargo_no_time","Engenharia de Dados","2024"
"fj1k9y9388bp9dfvxe2fj1k9rqwxevd8","cargo_no_time","Analista de Dados","2024"
"djj1f1m243pmkadjjvwdxw89nr8507d7","cargo_no_time","Engenharia de Dados","2024"
"djj1f1m243pmkadjjvwdxw89nr8507d7","cargo_no_time","Analista de Dados","2024"
"djj1f1m243pmkadjjvwdxw89nr8507d7","cargo_no_time","Cientista de Dados","2024"
"djj1f1m243pmkadjjvwdxw89nr8507d7","cargo_no_time","Arquiteto de Dados","2024"
"djj1f1m243pmkadjjvwdxw89nr8507d7","cargo_no_time","ML/AI Engineer","2024"
"wv42cx07u5ty3n1yiupe12qvm61wv42c","cargo_no_time","Analista de Dados","2024"
"wv42cx07u5ty3n1yiupe12qvm61wv42c","cargo_no_time","Cientista de Dados","2024"
"wv42cx07u5ty3n1yiupe12qvm61wv42c","cargo_no_time","Analista de BI","2024"
"uc6a2xo4g0nmrihve8qxkuc6a2xo4bdq","cargo_no_time","Analista de BI","2024"
"6kon4q01jnv8zfwryw6nhjl6kon4q8g9","cargo_no_time","Analytics Engineer","2024"
"6kon4q01jnv8zfwryw6nhjl6kon4q8g9","cargo_no_time","Engenharia de Dados","2024"
"6kon4q01jnv8zfwryw6nhjl6kon4q8g9","cargo_no_time","Analista de Dados","2024"
"6kon4q01jnv8zfwryw6nhjl6kon4q8g9","cargo_no_time","Cientista de Dados","2024"
"6kon4q01jnv8zfwryw6nhjl6kon4q8g9","cargo_no_time","Arquiteto de Dados","2024"
"6kon4q01jnv8zfwryw6nhjl6kon4q8g9","cargo_no_time","Data Product Manager","2024"
"6kon4q01jnv8zfwryw6nhjl6kon4q8g9","cargo_no_time","ML/AI Engineer","2024"
"80md31gv48b9s4tu80md3zjs0zuu5fso","cargo_no_time","Analytics Engineer","2024"
"80md31gv48b9s4tu80md3zjs0zuu5fso","cargo_no_time","Engenharia de Dados","2024"
"80md31gv48b9s4tu80md3zjs0zuu5fso","cargo_no_time","Analista de Dados","2024"
"80md31gv48b9s4tu80md3zjs0zuu5fso","cargo_no_time","Cientista de Dados","2024"
"80md31gv48b9s4tu80md3zjs0zuu5fso","cargo_no_time","DBA","2024"
"80md31gv48b9s4tu80md3zjs0zuu5fso","cargo_no_time","Analista de BI","2024"
"80md31gv48b9s4tu80md3zjs0zuu5fso","cargo_no_time","Arquiteto de Dados","2024"
"80md31gv48b9s4tu80md3zjs0zuu5fso","cargo_no_time","Data Product Manager","2024"
"80md31gv48b9s4tu80md3zjs0zuu5fso","cargo_no_time","Business Analyst","2024"
"80md31gv48b9s4tu80md3zjs0zuu5fso","cargo_no_time","ML/AI Engineer","2024"
"13woi2n6d1hnjiab013woi2ng9foizpm","cargo_no_time","Analista de Dados","2024"
"13woi2n6d1hnjiab013woi2ng9foizpm","cargo_no_time","Cientista de Dados","2024"
"13woi2n6d1hnjiab013woi2ng9foizpm","cargo_no_time","DBA","2024"
"13woi2n6d1hnjiab013woi2ng9foizpm","cargo_no_time","Analista de BI","2024"
"13woi2n6d1hnjiab013woi2ng9foizpm","cargo_no_time","Arquiteto de Dados","2024"
"mtge1nkxnc9lilig06gmpmtge1esr3ao","cargo_no_time","Engenharia de Dados","2024"
"0eocjyxw4uohw4x9uqis0eocj4r85rxi","cargo_no_time","Analista de Dados","2024"
"0eocjyxw4uohw4x9uqis0eocj4r85rxi","cargo_no_time","Cientista de Dados","2024"
"0eocjyxw4uohw4x9uqis0eocj4r85rxi","cargo_no_time","DBA","2024"
"0eocjyxw4uohw4x9uqis0eocj4r85rxi","cargo_no_time","Analista de BI","2024"
"0eocjyxw4uohw4x9uqis0eocj4r85rxi","cargo_no_time","Arquiteto de Dados","2024"
"0eocjyxw4uohw4x9uqis0eocj4r85rxi","cargo_no_time","Business Analyst","2024"
"0eocjyxw4uohw4x9uqis0eocj4r85rxi","cargo_no_time","ML/AI Engineer","2024"
"sisreypw3hlc43dcxosisre5k4n26dr2","cargo_no_time","Engenharia de Dados","2024"
"sisreypw3hlc43dcxosisre5k4n26dr2","cargo_no_time","Analista de Dados","2024"
"sisreypw3hlc43dcxosisre5k4n26dr2","cargo_no_time","Analista de BI","2024"
"sisreypw3hlc43dcxosisre5k4n26dr2","cargo_no_time","Business Analyst","2024"
"47trxnjmsd5poq7z5er47tr69osnsqrr","cargo_no_time","Engenharia de Dados","2024"
"47trxnjmsd5poq7z5er47tr69osnsqrr","cargo_no_time","Cientista de Dados","2024"
"olxqzz2g6boqoeabm0m54awpqoeabgqk","cargo_no_time","Engenharia de Dados","2024"
"olxqzz2g6boqoeabm0m54awpqoeabgqk","cargo_no_time","Analista de Dados","2024"
"olxqzz2g6boqoeabm0m54awpqoeabgqk","cargo_no_time","Analista de BI","2024"
"olxqzz2g6boqoeabm0m54awpqoeabgqk","cargo_no_time","Business Analyst","2024"
"1loyr493nn5sb9ky1loyr5zfqm3bd83z","cargo_no_time","Engenharia de Dados","2024"
"1loyr493nn5sb9ky1loyr5zfqm3bd83z","cargo_no_time","Analista de Dados","2024"
"1loyr493nn5sb9ky1loyr5zfqm3bd83z","cargo_no_time","Cientista de Dados","2024"
"1loyr493nn5sb9ky1loyr5zfqm3bd83z","cargo_no_time","Analista de BI","2024"
"sfbeeimewx12ggg7g0sfbeehi8el71kp","cargo_no_time","Engenharia de Dados","2024"
"sfbeeimewx12ggg7g0sfbeehi8el71kp","cargo_no_time","Arquiteto de Dados","2024"
"sfbeeimewx12ggg7g0sfbeehi8el71kp","cargo_no_time","Business Analyst","2024"
"kcsiot45cog7oecvbu5xlkcsiot0a7cn","cargo_no_time","Analytics Engineer","2024"
"kcsiot45cog7oecvbu5xlkcsiot0a7cn","cargo_no_time","Analista de Dados","2024"
"kcsiot45cog7oecvbu5xlkcsiot0a7cn","cargo_no_time","Cientista de Dados","2024"
"kcsiot45cog7oecvbu5xlkcsiot0a7cn","cargo_no_time","Analista de BI","2024"
"kcsiot45cog7oecvbu5xlkcsiot0a7cn","cargo_no_time","Business Analyst","2024"
"298u8shmsibcxlrvzdlei2s2f298u8sh","cargo_no_time","Engenharia de Dados","2024"
"298u8shmsibcxlrvzdlei2s2f298u8sh","cargo_no_time","Analista de Dados","2024"
"298u8shmsibcxlrvzdlei2s2f298u8sh","cargo_no_time","Cientista de Dados","2024"
"298u8shmsibcxlrvzdlei2s2f298u8sh","cargo_no_time","Analista de BI","2024"
"4qfsg5v88xcj6b280mo4qfsg5m9qmdjv","cargo_no_time","Engenharia de Dados","2024"
"4qfsg5v88xcj6b280mo4qfsg5m9qmdjv","cargo_no_time","Cientista de Dados","2024"
"4qfsg5v88xcj6b280mo4qfsg5m9qmdjv","cargo_no_time","ML/AI Engineer","2024"
"iwt21lhclz30e52rl3iwt21l6gqk0mzu","cargo_no_time","DBA","2024"
"t5oec88qime4hrvzymsjpit5oec88qzc","cargo_no_time","Analytics Engineer","2024"
"t5oec88qime4hrvzymsjpit5oec88qzc","cargo_no_time","Engenharia de Dados","2024"
"t5oec88qime4hrvzymsjpit5oec88qzc","cargo_no_time","Analista de Dados","2024"
"t5oec88qime4hrvzymsjpit5oec88qzc","cargo_no_time","Cientista de Dados","2024"
"t5oec88qime4hrvzymsjpit5oec88qzc","cargo_no_time","Arquiteto de Dados","2024"
"t5oec88qime4hrvzymsjpit5oec88qzc","cargo_no_time","Data Product Manager","2024"
"t5oec88qime4hrvzymsjpit5oec88qzc","cargo_no_time","Business Analyst","2024"
"t5oec88qime4hrvzymsjpit5oec88qzc","cargo_no_time","ML/AI Engineer","2024"
"duyyuqpb7slu7mv2qdduyyuqhwq7xugn","cargo_no_time","Analytics Engineer","2024"
"duyyuqpb7slu7mv2qdduyyuqhwq7xugn","cargo_no_time","Engenharia de Dados","2024"
"duyyuqpb7slu7mv2qdduyyuqhwq7xugn","cargo_no_time","Analista de Dados","2024"
"duyyuqpb7slu7mv2qdduyyuqhwq7xugn","cargo_no_time","Cientista de Dados","2024"
"duyyuqpb7slu7mv2qdduyyuqhwq7xugn","cargo_no_time","DBA","2024"
"duyyuqpb7slu7mv2qdduyyuqhwq7xugn","cargo_no_time","Analista de BI","2024"
"duyyuqpb7slu7mv2qdduyyuqhwq7xugn","cargo_no_time","Business Analyst","2024"
"duyyuqpb7slu7mv2qdduyyuqhwq7xugn","cargo_no_time","ML/AI Engineer","2024"
"p2aqhr5067evb6p2aqhrwyrudelhf9rc","cargo_no_time","Analytics Engineer","2024"
"p2aqhr5067evb6p2aqhrwyrudelhf9rc","cargo_no_time","Engenharia de Dados","2024"
"p2aqhr5067evb6p2aqhrwyrudelhf9rc","cargo_no_time","Analista de Dados","2024"
"p2aqhr5067evb6p2aqhrwyrudelhf9rc","cargo_no_time","Cientista de Dados","2024"
"p2aqhr5067evb6p2aqhrwyrudelhf9rc","cargo_no_time","DBA","2024"
"p2aqhr5067evb6p2aqhrwyrudelhf9rc","cargo_no_time","Analista de BI","2024"
"p2aqhr5067evb6p2aqhrwyrudelhf9rc","cargo_no_time","Arquiteto de Dados","2024"
"p2aqhr5067evb6p2aqhrwyrudelhf9rc","cargo_no_time","Data Product Manager","2024"
"p2aqhr5067evb6p2aqhrwyrudelhf9rc","cargo_no_time","ML/AI Engineer","2024"
"dq3dsa0exxxyuqpgbnkscdq3dsawbd0p","cargo_no_time","Analytics Engineer","2024"
"dq3dsa0exxxyuqpgbnkscdq3dsawbd0p","cargo_no_time","Engenharia de Dados","2024"
"dq3dsa0exxxyuqpgbnkscdq3dsawbd0p","cargo_no_time","Analista de Dados","2024"
"dq3dsa0exxxyuqpgbnkscdq3dsawbd0p","cargo_no_time","Cientista de Dados","2024"
"dq3dsa0exxxyuqpgbnkscdq3dsawbd0p","cargo_no_time","Analista de BI","2024"
"dq3dsa0exxxyuqpgbnkscdq3dsawbd0p","cargo_no_time","Arquiteto de Dados","2024"
"dq3dsa0exxxyuqpgbnkscdq3dsawbd0p","cargo_no_time","Business Analyst","2024"
"dq3dsa0exxxyuqpgbnkscdq3dsawbd0p","cargo_no_time","ML/AI Engineer","2024"
"yhwjdsa9n9g041ry7zxyhwjhdfd4mq06","cargo_no_time","Engenharia de Dados","2024"
"yhwjdsa9n9g041ry7zxyhwjhdfd4mq06","cargo_no_time","Analista de Dados","2024"
"yhwjdsa9n9g041ry7zxyhwjhdfd4mq06","cargo_no_time","Cientista de Dados","2024"
"yhwjdsa9n9g041ry7zxyhwjhdfd4mq06","cargo_no_time","ML/AI Engineer","2024"
"f5cpl2iaf2bgueabyvcf5cpl2i87uq34","cargo_no_time","Analista de Dados","2024"
"f5cpl2iaf2bgueabyvcf5cpl2i87uq34","cargo_no_time","Cientista de Dados","2024"
"f5cpl2iaf2bgueabyvcf5cpl2i87uq34","cargo_no_time","DBA","2024"
"f5cpl2iaf2bgueabyvcf5cpl2i87uq34","cargo_no_time","Analista de BI","2024"
"gjowwgwk3p2pyso8iegjowwxvbzg88d6","cargo_no_time","Analytics Engineer","2024"
"gjowwgwk3p2pyso8iegjowwxvbzg88d6","cargo_no_time","Engenharia de Dados","2024"
"gjowwgwk3p2pyso8iegjowwxvbzg88d6","cargo_no_time","Analista de Dados","2024"
"gjowwgwk3p2pyso8iegjowwxvbzg88d6","cargo_no_time","Cientista de Dados","2024"
"gjowwgwk3p2pyso8iegjowwxvbzg88d6","cargo_no_time","Analista de BI","2024"
"gjowwgwk3p2pyso8iegjowwxvbzg88d6","cargo_no_time","Arquiteto de Dados","2024"
"gjowwgwk3p2pyso8iegjowwxvbzg88d6","cargo_no_time","Data Product Manager","2024"
"gjowwgwk3p2pyso8iegjowwxvbzg88d6","cargo_no_time","Business Analyst","2024"
"gjowwgwk3p2pyso8iegjowwxvbzg88d6","cargo_no_time","ML/AI Engineer","2024"
"fw7ry8he3ntrtbfw3myof42x5iv90mh6","cargo_no_time","Engenharia de Dados","2024"
"fw7ry8he3ntrtbfw3myof42x5iv90mh6","cargo_no_time","Cientista de Dados","2024"
"fw7ry8he3ntrtbfw3myof42x5iv90mh6","cargo_no_time","Data Product Manager","2024"
"bd2lalc328ja13p6l0gbd2lavgk3dls0","cargo_no_time","Analytics Engineer","2024"
"bd2lalc328ja13p6l0gbd2lavgk3dls0","cargo_no_time","Analista de Dados","2024"
"32kju4qr6jdpyfs19heg6rgo232kju4q","cargo_no_time","Analista de BI","2024"
"32kju4qr6jdpyfs19heg6rgo232kju4q","cargo_no_time","Business Analyst","2024"
"v9jbuomwx6zbes4z0v9jb08q14mi8uuw","cargo_no_time","Engenharia de Dados","2024"
"v9jbuomwx6zbes4z0v9jb08q14mi8uuw","cargo_no_time","Analista de Dados","2024"
"v9jbuomwx6zbes4z0v9jb08q14mi8uuw","cargo_no_time","Cientista de Dados","2024"
"v9jbuomwx6zbes4z0v9jb08q14mi8uuw","cargo_no_time","Arquiteto de Dados","2024"
"qglj6ndxtj40wftopkqglj6l8bew5j5o","cargo_no_time","Analytics Engineer","2024"
"qglj6ndxtj40wftopkqglj6l8bew5j5o","cargo_no_time","Engenharia de Dados","2024"
"qglj6ndxtj40wftopkqglj6l8bew5j5o","cargo_no_time","Analista de Dados","2024"
"qglj6ndxtj40wftopkqglj6l8bew5j5o","cargo_no_time","Cientista de Dados","2024"
"qglj6ndxtj40wftopkqglj6l8bew5j5o","cargo_no_time","DBA","2024"
"qglj6ndxtj40wftopkqglj6l8bew5j5o","cargo_no_time","Analista de BI","2024"
"qglj6ndxtj40wftopkqglj6l8bew5j5o","cargo_no_time","Arquiteto de Dados","2024"
"qglj6ndxtj40wftopkqglj6l8bew5j5o","cargo_no_time","Data Product Manager","2024"
"qglj6ndxtj40wftopkqglj6l8bew5j5o","cargo_no_time","Business Analyst","2024"
"qglj6ndxtj40wftopkqglj6l8bew5j5o","cargo_no_time","ML/AI Engineer","2024"
"m42evgb94udof453m42evgmnw2irn757","cargo_no_time","Analytics Engineer","2024"
"m42evgb94udof453m42evgmnw2irn757","cargo_no_time","Engenharia de Dados","2024"
"m42evgb94udof453m42evgmnw2irn757","cargo_no_time","Business Analyst","2024"
"ze9ef0kwfaxwioi5aru5ka0ze9ef0khw","cargo_no_time","Engenharia de Dados","2024"
"ze9ef0kwfaxwioi5aru5ka0ze9ef0khw","cargo_no_time","Analista de Dados","2024"
"ze9ef0kwfaxwioi5aru5ka0ze9ef0khw","cargo_no_time","Cientista de Dados","2024"
"ze9ef0kwfaxwioi5aru5ka0ze9ef0khw","cargo_no_time","Data Product Manager","2024"
"tk9axfzredyr4tk9ubnbjo1r12cuubnb","cargo_no_time","Engenharia de Dados","2024"
"tk9axfzredyr4tk9ubnbjo1r12cuubnb","cargo_no_time","Cientista de Dados","2024"
"tk9axfzredyr4tk9ubnbjo1r12cuubnb","cargo_no_time","ML/AI Engineer","2024"
"migxuf1rns44c1mig9fj1bitrpc9wpj8","cargo_no_time","Analytics Engineer","2024"
"migxuf1rns44c1mig9fj1bitrpc9wpj8","cargo_no_time","Engenharia de Dados","2024"
"migxuf1rns44c1mig9fj1bitrpc9wpj8","cargo_no_time","Analista de Dados","2024"
"migxuf1rns44c1mig9fj1bitrpc9wpj8","cargo_no_time","Cientista de Dados","2024"
"migxuf1rns44c1mig9fj1bitrpc9wpj8","cargo_no_time","Analista de BI","2024"
"migxuf1rns44c1mig9fj1bitrpc9wpj8","cargo_no_time","Arquiteto de Dados","2024"
"migxuf1rns44c1mig9fj1bitrpc9wpj8","cargo_no_time","Data Product Manager","2024"
"migxuf1rns44c1mig9fj1bitrpc9wpj8","cargo_no_time","Business Analyst","2024"
"migxuf1rns44c1mig9fj1bitrpc9wpj8","cargo_no_time","ML/AI Engineer","2024"
"pxm8r82iaicl5bpxm8r32op1pyxzuenn","cargo_no_time","Analytics Engineer","2024"
"pxm8r82iaicl5bpxm8r32op1pyxzuenn","cargo_no_time","Engenharia de Dados","2024"
"pxm8r82iaicl5bpxm8r32op1pyxzuenn","cargo_no_time","Analista de Dados","2024"
"pxm8r82iaicl5bpxm8r32op1pyxzuenn","cargo_no_time","Cientista de Dados","2024"
"pxm8r82iaicl5bpxm8r32op1pyxzuenn","cargo_no_time","Analista de BI","2024"
"pxm8r82iaicl5bpxm8r32op1pyxzuenn","cargo_no_time","Data Product Manager","2024"
"pxm8r82iaicl5bpxm8r32op1pyxzuenn","cargo_no_time","Business Analyst","2024"
"pxm8r82iaicl5bpxm8r32op1pyxzuenn","cargo_no_time","ML/AI Engineer","2024"
"yui2wtmfurwjyabr9m7yui2wtrlz17sb","cargo_no_time","Engenharia de Dados","2024"
"yui2wtmfurwjyabr9m7yui2wtrlz17sb","cargo_no_time","Analista de Dados","2024"
"yui2wtmfurwjyabr9m7yui2wtrlz17sb","cargo_no_time","Cientista de Dados","2024"
"yui2wtmfurwjyabr9m7yui2wtrlz17sb","cargo_no_time","Analista de BI","2024"
"yui2wtmfurwjyabr9m7yui2wtrlz17sb","cargo_no_time","Arquiteto de Dados","2024"
"yui2wtmfurwjyabr9m7yui2wtrlz17sb","cargo_no_time","Business Analyst","2024"
"m85whdh3p2h03qqdge3m8508g1knuwco","cargo_no_time","Engenharia de Dados","2024"
"m85whdh3p2h03qqdge3m8508g1knuwco","cargo_no_time","Analista de Dados","2024"
"m85whdh3p2h03qqdge3m8508g1knuwco","cargo_no_time","Cientista de Dados","2024"
"m85whdh3p2h03qqdge3m8508g1knuwco","cargo_no_time","Analista de BI","2024"
"m85whdh3p2h03qqdge3m8508g1knuwco","cargo_no_time","Arquiteto de Dados","2024"
"m85whdh3p2h03qqdge3m8508g1knuwco","cargo_no_time","Business Analyst","2024"
"0kyop1kct4mhlkfa0kyopertujrad5ix","cargo_no_time","Engenharia de Dados","2024"
"0kyop1kct4mhlkfa0kyopertujrad5ix","cargo_no_time","Business Analyst","2024"
"0kyop1kct4mhlkfa0kyopertujrad5ix","cargo_no_time","ML/AI Engineer","2024"
"azbqhfjvmyj5gn49m2d9ymmtazbqhfjw","cargo_no_time","Analytics Engineer","2024"
"azbqhfjvmyj5gn49m2d9ymmtazbqhfjw","cargo_no_time","Engenharia de Dados","2024"
"azbqhfjvmyj5gn49m2d9ymmtazbqhfjw","cargo_no_time","Cientista de Dados","2024"
"azbqhfjvmyj5gn49m2d9ymmtazbqhfjw","cargo_no_time","Data Product Manager","2024"
"azbqhfjvmyj5gn49m2d9ymmtazbqhfjw","cargo_no_time","Business Analyst","2024"
"azbqhfjvmyj5gn49m2d9ymmtazbqhfjw","cargo_no_time","ML/AI Engineer","2024"
"56g5d2yo7upqxs3e2idh9k56g5dsenuv","cargo_no_time","Analytics Engineer","2024"
"zgp1f3fb4u6l1wvo7bbbszgp1fk1nzga","cargo_no_time","Analytics Engineer","2024"
"zgp1f3fb4u6l1wvo7bbbszgp1fk1nzga","cargo_no_time","Engenharia de Dados","2024"
"zgp1f3fb4u6l1wvo7bbbszgp1fk1nzga","cargo_no_time","Analista de Dados","2024"
"zgp1f3fb4u6l1wvo7bbbszgp1fk1nzga","cargo_no_time","Cientista de Dados","2024"
"zgp1f3fb4u6l1wvo7bbbszgp1fk1nzga","cargo_no_time","Analista de BI","2024"
"zgp1f3fb4u6l1wvo7bbbszgp1fk1nzga","cargo_no_time","Data Product Manager","2024"
"zgp1f3fb4u6l1wvo7bbbszgp1fk1nzga","cargo_no_time","ML/AI Engineer","2024"
"smzutpi1rtk4waatusmzuu9g10qros07","cargo_no_time","Analytics Engineer","2024"
"smzutpi1rtk4waatusmzuu9g10qros07","cargo_no_time","Engenharia de Dados","2024"
"smzutpi1rtk4waatusmzuu9g10qros07","cargo_no_time","Analista de Dados","2024"
"smzutpi1rtk4waatusmzuu9g10qros07","cargo_no_time","Cientista de Dados","2024"
"smzutpi1rtk4waatusmzuu9g10qros07","cargo_no_time","DBA","2024"
"smzutpi1rtk4waatusmzuu9g10qros07","cargo_no_time","Analista de BI","2024"
"smzutpi1rtk4waatusmzuu9g10qros07","cargo_no_time","Arquiteto de Dados","2024"
"smzutpi1rtk4waatusmzuu9g10qros07","cargo_no_time","Data Product Manager","2024"
"smzutpi1rtk4waatusmzuu9g10qros07","cargo_no_time","Business Analyst","2024"
"smzutpi1rtk4waatusmzuu9g10qros07","cargo_no_time","ML/AI Engineer","2024"
"hunqrursvt6443ivq5p41ihunqrub6f7","cargo_no_time","Engenharia de Dados","2024"
"hunqrursvt6443ivq5p41ihunqrub6f7","cargo_no_time","Analista de Dados","2024"
"hunqrursvt6443ivq5p41ihunqrub6f7","cargo_no_time","Cientista de Dados","2024"
"hunqrursvt6443ivq5p41ihunqrub6f7","cargo_no_time","Analista de BI","2024"
"hunqrursvt6443ivq5p41ihunqrub6f7","cargo_no_time","Business Analyst","2024"
"fp6ua17wkxrr0jyuvs45fp6ua0klbt6p","cargo_no_time","Engenharia de Dados","2024"
"fp6ua17wkxrr0jyuvs45fp6ua0klbt6p","cargo_no_time","Analista de Dados","2024"
"fp6ua17wkxrr0jyuvs45fp6ua0klbt6p","cargo_no_time","Cientista de Dados","2024"
"fp6ua17wkxrr0jyuvs45fp6ua0klbt6p","cargo_no_time","Business Analyst","2024"
"gdc68qp3liodvyjgdc68qp7ofg2goycr","cargo_no_time","Cientista de Dados","2024"
"iyp5a11fc1cqfjriyp5pkgue1klsqwr5","cargo_no_time","Engenharia de Dados","2024"
"iyp5a11fc1cqfjriyp5pkgue1klsqwr5","cargo_no_time","Analista de Dados","2024"
"iyp5a11fc1cqfjriyp5pkgue1klsqwr5","cargo_no_time","Cientista de Dados","2024"
"iyp5a11fc1cqfjriyp5pkgue1klsqwr5","cargo_no_time","DBA","2024"
"iyp5a11fc1cqfjriyp5pkgue1klsqwr5","cargo_no_time","Analista de BI","2024"
"iyp5a11fc1cqfjriyp5pkgue1klsqwr5","cargo_no_time","Arquiteto de Dados","2024"
"iyp5a11fc1cqfjriyp5pkgue1klsqwr5","cargo_no_time","Data Product Manager","2024"
"iyp5a11fc1cqfjriyp5pkgue1klsqwr5","cargo_no_time","Business Analyst","2024"
"92q0lkf7v2jor6yvlzmh5s92q0lk08as","cargo_no_time","Analytics Engineer","2024"
"92q0lkf7v2jor6yvlzmh5s92q0lk08as","cargo_no_time","Engenharia de Dados","2024"
"92q0lkf7v2jor6yvlzmh5s92q0lk08as","cargo_no_time","Analista de Dados","2024"
"92q0lkf7v2jor6yvlzmh5s92q0lk08as","cargo_no_time","Cientista de Dados","2024"
"92q0lkf7v2jor6yvlzmh5s92q0lk08as","cargo_no_time","DBA","2024"
"92q0lkf7v2jor6yvlzmh5s92q0lk08as","cargo_no_time","Analista de BI","2024"
"92q0lkf7v2jor6yvlzmh5s92q0lk08as","cargo_no_time","Arquiteto de Dados","2024"
"92q0lkf7v2jor6yvlzmh5s92q0lk08as","cargo_no_time","Data Product Manager","2024"
"92q0lkf7v2jor6yvlzmh5s92q0lk08as","cargo_no_time","Business Analyst","2024"
"92q0lkf7v2jor6yvlzmh5s92q0lk08as","cargo_no_time","ML/AI Engineer","2024"
"cw0hr9n46ws2har1foi899qcw0hrsfxf","cargo_no_time","Analytics Engineer","2024"
"cw0hr9n46ws2har1foi899qcw0hrsfxf","cargo_no_time","Engenharia de Dados","2024"
"cw0hr9n46ws2har1foi899qcw0hrsfxf","cargo_no_time","Analista de Dados","2024"
"cw0hr9n46ws2har1foi899qcw0hrsfxf","cargo_no_time","Cientista de Dados","2024"
"cw0hr9n46ws2har1foi899qcw0hrsfxf","cargo_no_time","DBA","2024"
"cw0hr9n46ws2har1foi899qcw0hrsfxf","cargo_no_time","Analista de BI","2024"
"cw0hr9n46ws2har1foi899qcw0hrsfxf","cargo_no_time","Arquiteto de Dados","2024"
"cw0hr9n46ws2har1foi899qcw0hrsfxf","cargo_no_time","Data Product Manager","2024"
"cw0hr9n46ws2har1foi899qcw0hrsfxf","cargo_no_time","Business Analyst","2024"
"cw0hr9n46ws2har1foi899qcw0hrsfxf","cargo_no_time","ML/AI Engineer","2024"
"frkfzt0q4ql58lc6frkfzldqomrksqk3","cargo_no_time","Engenharia de Dados","2024"
"frkfzt0q4ql58lc6frkfzldqomrksqk3","cargo_no_time","Analista de Dados","2024"
"frkfzt0q4ql58lc6frkfzldqomrksqk3","cargo_no_time","Cientista de Dados","2024"
"frkfzt0q4ql58lc6frkfzldqomrksqk3","cargo_no_time","DBA","2024"
"frkfzt0q4ql58lc6frkfzldqomrksqk3","cargo_no_time","Analista de BI","2024"
"frkfzt0q4ql58lc6frkfzldqomrksqk3","cargo_no_time","Arquiteto de Dados","2024"
"frkfzt0q4ql58lc6frkfzldqomrksqk3","cargo_no_time","Business Analyst","2024"
"3ow9d8nkhei2136ij69813ow9d8sa55w","cargo_no_time","Analytics Engineer","2024"
"3ow9d8nkhei2136ij69813ow9d8sa55w","cargo_no_time","Engenharia de Dados","2024"
"3ow9d8nkhei2136ij69813ow9d8sa55w","cargo_no_time","Analista de Dados","2024"
"3ow9d8nkhei2136ij69813ow9d8sa55w","cargo_no_time","Cientista de Dados","2024"
"3ow9d8nkhei2136ij69813ow9d8sa55w","cargo_no_time","DBA","2024"
"3ow9d8nkhei2136ij69813ow9d8sa55w","cargo_no_time","Analista de BI","2024"
"3ow9d8nkhei2136ij69813ow9d8sa55w","cargo_no_time","Arquiteto de Dados","2024"
"3ow9d8nkhei2136ij69813ow9d8sa55w","cargo_no_time","Data Product Manager","2024"
"3ow9d8nkhei2136ij69813ow9d8sa55w","cargo_no_time","Business Analyst","2024"
"9s8xpa9pnqnmrbiccy9s8582ylo85n29","cargo_no_time","Analytics Engineer","2024"
"9s8xpa9pnqnmrbiccy9s8582ylo85n29","cargo_no_time","Engenharia de Dados","2024"
"9s8xpa9pnqnmrbiccy9s8582ylo85n29","cargo_no_time","Analista de Dados","2024"
"9s8xpa9pnqnmrbiccy9s8582ylo85n29","cargo_no_time","DBA","2024"
"30ho4bz6169ewhl30hijg6ivthsa8qkx","cargo_no_time","Analista de Dados","2024"
"30ho4bz6169ewhl30hijg6ivthsa8qkx","cargo_no_time","Analista de BI","2024"
"tgiquhvaq4gb4yotm7vtgiqusnj6x463","cargo_no_time","Analytics Engineer","2024"
"tgiquhvaq4gb4yotm7vtgiqusnj6x463","cargo_no_time","Engenharia de Dados","2024"
"tgiquhvaq4gb4yotm7vtgiqusnj6x463","cargo_no_time","Analista de Dados","2024"
"tgiquhvaq4gb4yotm7vtgiqusnj6x463","cargo_no_time","Cientista de Dados","2024"
"tgiquhvaq4gb4yotm7vtgiqusnj6x463","cargo_no_time","Data Product Manager","2024"
"tgiquhvaq4gb4yotm7vtgiqusnj6x463","cargo_no_time","ML/AI Engineer","2024"
"i2jjuw42811m0b35i2jjuwj44ddoz7yl","cargo_no_time","Engenharia de Dados","2024"
"i2jjuw42811m0b35i2jjuwj44ddoz7yl","cargo_no_time","Analista de Dados","2024"
"i2jjuw42811m0b35i2jjuwj44ddoz7yl","cargo_no_time","Cientista de Dados","2024"
"i2jjuw42811m0b35i2jjuwj44ddoz7yl","cargo_no_time","DBA","2024"
"i2jjuw42811m0b35i2jjuwj44ddoz7yl","cargo_no_time","Arquiteto de Dados","2024"
"i2jjuw42811m0b35i2jjuwj44ddoz7yl","cargo_no_time","Business Analyst","2024"
"i2jjuw42811m0b35i2jjuwj44ddoz7yl","cargo_no_time","ML/AI Engineer","2024"
"9g7m2x6vspdbrgmznaggut9g7m2xll5d","cargo_no_time","Engenharia de Dados","2024"
"9g7m2x6vspdbrgmznaggut9g7m2xll5d","cargo_no_time","Analista de Dados","2024"
"9g7m2x6vspdbrgmznaggut9g7m2xll5d","cargo_no_time","Cientista de Dados","2024"
"9g7m2x6vspdbrgmznaggut9g7m2xll5d","cargo_no_time","Business Analyst","2024"
"x47u37lxa8zttqc1dx47u37qone017ed","cargo_no_time","Engenharia de Dados","2024"
"x47u37lxa8zttqc1dx47u37qone017ed","cargo_no_time","Analista de Dados","2024"
"x47u37lxa8zttqc1dx47u37qone017ed","cargo_no_time","Analista de BI","2024"
"x47u37lxa8zttqc1dx47u37qone017ed","cargo_no_time","Arquiteto de Dados","2024"
"3bh7stxmuvsiuq8ir3bh7b099jma7rz6","cargo_no_time","Analista de Dados","2024"
"3bh7stxmuvsiuq8ir3bh7b099jma7rz6","cargo_no_time","Cientista de Dados","2024"
"3bh7stxmuvsiuq8ir3bh7b099jma7rz6","cargo_no_time","Analista de BI","2024"
"0fou92x6nwgzis5alw0fg0fozvxvodvq","cargo_no_time","Engenharia de Dados","2024"
"0fou92x6nwgzis5alw0fg0fozvxvodvq","cargo_no_time","Cientista de Dados","2024"
"0fou92x6nwgzis5alw0fg0fozvxvodvq","cargo_no_time","Business Analyst","2024"
"53i5ulzaeyyetvcxbjgd8q2y53i5ulza","cargo_no_time","Analista de Dados","2024"
"53i5ulzaeyyetvcxbjgd8q2y53i5ulza","cargo_no_time","DBA","2024"
"53i5ulzaeyyetvcxbjgd8q2y53i5ulza","cargo_no_time","Analista de BI","2024"
"7lk6vmghn2maottnj3e47lks32f6fgli","cargo_no_time","Analytics Engineer","2024"
"7lk6vmghn2maottnj3e47lks32f6fgli","cargo_no_time","Engenharia de Dados","2024"
"7lk6vmghn2maottnj3e47lks32f6fgli","cargo_no_time","Analista de Dados","2024"
"7lk6vmghn2maottnj3e47lks32f6fgli","cargo_no_time","Cientista de Dados","2024"
"7lk6vmghn2maottnj3e47lks32f6fgli","cargo_no_time","Analista de BI","2024"
"7lk6vmghn2maottnj3e47lks32f6fgli","cargo_no_time","Arquiteto de Dados","2024"
"7lk6vmghn2maottnj3e47lks32f6fgli","cargo_no_time","Business Analyst","2024"
"7lk6vmghn2maottnj3e47lks32f6fgli","cargo_no_time","ML/AI Engineer","2024"
"6lvn635c0ig55up9w16lvn6cgxszwzk5","cargo_no_time","Engenharia de Dados","2024"
"6lvn635c0ig55up9w16lvn6cgxszwzk5","cargo_no_time","Analista de Dados","2024"
"6lvn635c0ig55up9w16lvn6cgxszwzk5","cargo_no_time","Cientista de Dados","2024"
"6lvn635c0ig55up9w16lvn6cgxszwzk5","cargo_no_time","Analista de BI","2024"
"6lvn635c0ig55up9w16lvn6cgxszwzk5","cargo_no_time","Arquiteto de Dados","2024"
"6lvn635c0ig55up9w16lvn6cgxszwzk5","cargo_no_time","Data Product Manager","2024"
"6lvn635c0ig55up9w16lvn6cgxszwzk5","cargo_no_time","Business Analyst","2024"
"6lvn635c0ig55up9w16lvn6cgxszwzk5","cargo_no_time","ML/AI Engineer","2024"
"fx1ocokqvjgmuviqg65fx1hrk1stsioa","cargo_no_time","Analista de Dados","2024"
"fx1ocokqvjgmuviqg65fx1hrk1stsioa","cargo_no_time","Cientista de Dados","2024"
"hnawwrgtptaiaex6ht7xhnawwkvm32jl","cargo_no_time","Analytics Engineer","2024"
"hnawwrgtptaiaex6ht7xhnawwkvm32jl","cargo_no_time","Arquiteto de Dados","2024"
"hnawwrgtptaiaex6ht7xhnawwkvm32jl","cargo_no_time","ML/AI Engineer","2024"
"sueepeyrq812alj0xk1ksueepeydy8lv","cargo_no_time","Engenharia de Dados","2024"
"sueepeyrq812alj0xk1ksueepeydy8lv","cargo_no_time","Cientista de Dados","2024"
"sueepeyrq812alj0xk1ksueepeydy8lv","cargo_no_time","Analista de BI","2024"
"sueepeyrq812alj0xk1ksueepeydy8lv","cargo_no_time","Arquiteto de Dados","2024"
"sueepeyrq812alj0xk1ksueepeydy8lv","cargo_no_time","Business Analyst","2024"
"sueepeyrq812alj0xk1ksueepeydy8lv","cargo_no_time","ML/AI Engineer","2024"
"4lsjec123ubcjfjmp4lble6ukmfebiag","cargo_no_time","Analytics Engineer","2024"
"4lsjec123ubcjfjmp4lble6ukmfebiag","cargo_no_time","Engenharia de Dados","2024"
"4lsjec123ubcjfjmp4lble6ukmfebiag","cargo_no_time","Analista de Dados","2024"
"4lsjec123ubcjfjmp4lble6ukmfebiag","cargo_no_time","Cientista de Dados","2024"
"4lsjec123ubcjfjmp4lble6ukmfebiag","cargo_no_time","Arquiteto de Dados","2024"
"4lsjec123ubcjfjmp4lble6ukmfebiag","cargo_no_time","Business Analyst","2024"
"4lsjec123ubcjfjmp4lble6ukmfebiag","cargo_no_time","ML/AI Engineer","2024"
"lkp5grz4daacisb6dhlkp5gra74bfv3r","cargo_no_time","Engenharia de Dados","2024"
"lkp5grz4daacisb6dhlkp5gra74bfv3r","cargo_no_time","Analista de Dados","2024"
"lkp5grz4daacisb6dhlkp5gra74bfv3r","cargo_no_time","Analista de BI","2024"
"lkp5grz4daacisb6dhlkp5gra74bfv3r","cargo_no_time","Arquiteto de Dados","2024"
"lkp5grz4daacisb6dhlkp5gra74bfv3r","cargo_no_time","Business Analyst","2024"
"by6uwsaj5e79mhv6by6y3v9prdjrk8q1","cargo_no_time","Engenharia de Dados","2024"
"by6uwsaj5e79mhv6by6y3v9prdjrk8q1","cargo_no_time","Analista de Dados","2024"
"by6uwsaj5e79mhv6by6y3v9prdjrk8q1","cargo_no_time","Cientista de Dados","2024"
"by6uwsaj5e79mhv6by6y3v9prdjrk8q1","cargo_no_time","Arquiteto de Dados","2024"
"by6uwsaj5e79mhv6by6y3v9prdjrk8q1","cargo_no_time","ML/AI Engineer","2024"
"1gadicgf3zuq09er1p1gadimnefnrg17","cargo_no_time","Analytics Engineer","2024"
"1gadicgf3zuq09er1p1gadimnefnrg17","cargo_no_time","Analista de Dados","2024"
"1gadicgf3zuq09er1p1gadimnefnrg17","cargo_no_time","Business Analyst","2024"
"0i57x8wjk6ethtapr3h230i57x8hz1qr","cargo_no_time","Analista de BI","2024"
"ny0l8omzo2443otcj41ntny0l8omnw6u","cargo_no_time","Analytics Engineer","2024"
"ny0l8omzo2443otcj41ntny0l8omnw6u","cargo_no_time","Engenharia de Dados","2024"
"ny0l8omzo2443otcj41ntny0l8omnw6u","cargo_no_time","Analista de Dados","2024"
"ny0l8omzo2443otcj41ntny0l8omnw6u","cargo_no_time","Cientista de Dados","2024"
"ny0l8omzo2443otcj41ntny0l8omnw6u","cargo_no_time","Analista de BI","2024"
"ny0l8omzo2443otcj41ntny0l8omnw6u","cargo_no_time","Business Analyst","2024"
"ny0l8omzo2443otcj41ntny0l8omnw6u","cargo_no_time","ML/AI Engineer","2024"
"bymicukpf6mey1q0xa5zdbymic7xjv22","cargo_no_time","Analista de Dados","2024"
"bymicukpf6mey1q0xa5zdbymic7xjv22","cargo_no_time","DBA","2024"
"bymicukpf6mey1q0xa5zdbymic7xjv22","cargo_no_time","Analista de BI","2024"
"bymicukpf6mey1q0xa5zdbymic7xjv22","cargo_no_time","Data Product Manager","2024"
"gmxhjyqy1vovi2n46raipgmxhjltckee","cargo_no_time","Analytics Engineer","2024"
"gmxhjyqy1vovi2n46raipgmxhjltckee","cargo_no_time","Engenharia de Dados","2024"
"gmxhjyqy1vovi2n46raipgmxhjltckee","cargo_no_time","Analista de Dados","2024"
"gmxhjyqy1vovi2n46raipgmxhjltckee","cargo_no_time","Cientista de Dados","2024"
"gmxhjyqy1vovi2n46raipgmxhjltckee","cargo_no_time","DBA","2024"
"gmxhjyqy1vovi2n46raipgmxhjltckee","cargo_no_time","Analista de BI","2024"
"gmxhjyqy1vovi2n46raipgmxhjltckee","cargo_no_time","Arquiteto de Dados","2024"
"gmxhjyqy1vovi2n46raipgmxhjltckee","cargo_no_time","Data Product Manager","2024"
"gmxhjyqy1vovi2n46raipgmxhjltckee","cargo_no_time","Business Analyst","2024"
"gmxhjyqy1vovi2n46raipgmxhjltckee","cargo_no_time","ML/AI Engineer","2024"
"0qp5mnvvksrhui4lhek0qp55iz3hrc70","cargo_no_time","Engenharia de Dados","2024"
"0qp5mnvvksrhui4lhek0qp55iz3hrc70","cargo_no_time","Analista de Dados","2024"
"0qp5mnvvksrhui4lhek0qp55iz3hrc70","cargo_no_time","Cientista de Dados","2024"
"0qp5mnvvksrhui4lhek0qp55iz3hrc70","cargo_no_time","DBA","2024"
"0qp5mnvvksrhui4lhek0qp55iz3hrc70","cargo_no_time","Analista de BI","2024"
"0qp5mnvvksrhui4lhek0qp55iz3hrc70","cargo_no_time","Arquiteto de Dados","2024"
"0qp5mnvvksrhui4lhek0qp55iz3hrc70","cargo_no_time","ML/AI Engineer","2024"
"vo21il51tdb6kqnr6ymvo21i2jod4lau","cargo_no_time","Analytics Engineer","2024"
"vo21il51tdb6kqnr6ymvo21i2jod4lau","cargo_no_time","Engenharia de Dados","2024"
"vo21il51tdb6kqnr6ymvo21i2jod4lau","cargo_no_time","Analista de Dados","2024"
"vo21il51tdb6kqnr6ymvo21i2jod4lau","cargo_no_time","Cientista de Dados","2024"
"vo21il51tdb6kqnr6ymvo21i2jod4lau","cargo_no_time","DBA","2024"
"vo21il51tdb6kqnr6ymvo21i2jod4lau","cargo_no_time","Analista de BI","2024"
"vo21il51tdb6kqnr6ymvo21i2jod4lau","cargo_no_time","Arquiteto de Dados","2024"
"vo21il51tdb6kqnr6ymvo21i2jod4lau","cargo_no_time","Data Product Manager","2024"
"vo21il51tdb6kqnr6ymvo21i2jod4lau","cargo_no_time","Business Analyst","2024"
"vo21il51tdb6kqnr6ymvo21i2jod4lau","cargo_no_time","ML/AI Engineer","2024"
"es7pnphijojrclxcj7a100es7pnphiuo","cargo_no_time","Engenharia de Dados","2024"
"es7pnphijojrclxcj7a100es7pnphiuo","cargo_no_time","Analista de Dados","2024"
"es7pnphijojrclxcj7a100es7pnphiuo","cargo_no_time","Cientista de Dados","2024"
"t17l9tuf944hc0dny3tpt17lgwqm9gd7","cargo_no_time","Engenharia de Dados","2024"
"t17l9tuf944hc0dny3tpt17lgwqm9gd7","cargo_no_time","Analista de Dados","2024"
"t17l9tuf944hc0dny3tpt17lgwqm9gd7","cargo_no_time","Cientista de Dados","2024"
"t17l9tuf944hc0dny3tpt17lgwqm9gd7","cargo_no_time","Analista de BI","2024"
"t17l9tuf944hc0dny3tpt17lgwqm9gd7","cargo_no_time","ML/AI Engineer","2024"
"e2ffr25agwo6tk7b0j86hvle2ffr25aq","cargo_no_time","Analytics Engineer","2024"
"e2ffr25agwo6tk7b0j86hvle2ffr25aq","cargo_no_time","Engenharia de Dados","2024"
"e2ffr25agwo6tk7b0j86hvle2ffr25aq","cargo_no_time","Analista de Dados","2024"
"e2ffr25agwo6tk7b0j86hvle2ffr25aq","cargo_no_time","Cientista de Dados","2024"
"e2ffr25agwo6tk7b0j86hvle2ffr25aq","cargo_no_time","Arquiteto de Dados","2024"
"e2ffr25agwo6tk7b0j86hvle2ffr25aq","cargo_no_time","Data Product Manager","2024"
"e2ffr25agwo6tk7b0j86hvle2ffr25aq","cargo_no_time","ML/AI Engineer","2024"
"xm0znmawprkuz2rbxm0zxt0ecro9rhoj","cargo_no_time","Analista de Dados","2024"
"xm0znmawprkuz2rbxm0zxt0ecro9rhoj","cargo_no_time","DBA","2024"
"xm0znmawprkuz2rbxm0zxt0ecro9rhoj","cargo_no_time","Analista de BI","2024"
"xm0znmawprkuz2rbxm0zxt0ecro9rhoj","cargo_no_time","Business Analyst","2024"
"9dvjtmvszl29i1jse9dvjtmwgkeyjjil","cargo_no_time","Analista de Dados","2024"
"9dvjtmvszl29i1jse9dvjtmwgkeyjjil","cargo_no_time","Cientista de Dados","2024"
"9dvjtmvszl29i1jse9dvjtmwgkeyjjil","cargo_no_time","Analista de BI","2024"
"9dvjtmvszl29i1jse9dvjtmwgkeyjjil","cargo_no_time","ML/AI Engineer","2024"
"nv8qtvpef8gezog8jrnv8qt1wr9wodud","cargo_no_time","Analista de Dados","2024"
"7s7ekj5zsewpayie87s7ekj27i4o026b","cargo_no_time","Analytics Engineer","2024"
"7s7ekj5zsewpayie87s7ekj27i4o026b","cargo_no_time","Engenharia de Dados","2024"
"7s7ekj5zsewpayie87s7ekj27i4o026b","cargo_no_time","Cientista de Dados","2024"
"7s7ekj5zsewpayie87s7ekj27i4o026b","cargo_no_time","DBA","2024"
"7s7ekj5zsewpayie87s7ekj27i4o026b","cargo_no_time","Business Analyst","2024"
"7s7ekj5zsewpayie87s7ekj27i4o026b","cargo_no_time","ML/AI Engineer","2024"
"y36orc12ad808mixdmay36o6679644sl","cargo_no_time","Analytics Engineer","2024"
"y36orc12ad808mixdmay36o6679644sl","cargo_no_time","Engenharia de Dados","2024"
"y36orc12ad808mixdmay36o6679644sl","cargo_no_time","Analista de Dados","2024"
"y36orc12ad808mixdmay36o6679644sl","cargo_no_time","Cientista de Dados","2024"
"y36orc12ad808mixdmay36o6679644sl","cargo_no_time","ML/AI Engineer","2024"
"ykmlvplcqm5vi9ifgi7ykmlv402j7crg","cargo_no_time","Analytics Engineer","2024"
"ykmlvplcqm5vi9ifgi7ykmlv402j7crg","cargo_no_time","Engenharia de Dados","2024"
"ykmlvplcqm5vi9ifgi7ykmlv402j7crg","cargo_no_time","Arquiteto de Dados","2024"
"ykmlvplcqm5vi9ifgi7ykmlv402j7crg","cargo_no_time","Business Analyst","2024"
"r517y4pqa22m59cir51zmmoc5pgf1v8c","cargo_no_time","Analytics Engineer","2024"
"r517y4pqa22m59cir51zmmoc5pgf1v8c","cargo_no_time","Engenharia de Dados","2024"
"r517y4pqa22m59cir51zmmoc5pgf1v8c","cargo_no_time","Analista de Dados","2024"
"r517y4pqa22m59cir51zmmoc5pgf1v8c","cargo_no_time","Cientista de Dados","2024"
"r517y4pqa22m59cir51zmmoc5pgf1v8c","cargo_no_time","DBA","2024"
"r517y4pqa22m59cir51zmmoc5pgf1v8c","cargo_no_time","Analista de BI","2024"
"r517y4pqa22m59cir51zmmoc5pgf1v8c","cargo_no_time","ML/AI Engineer","2024"
"k1zh068s3hra71k3ypk1zh04bwdxe9r3","cargo_no_time","Analytics Engineer","2024"
"k1zh068s3hra71k3ypk1zh04bwdxe9r3","cargo_no_time","Engenharia de Dados","2024"
"k1zh068s3hra71k3ypk1zh04bwdxe9r3","cargo_no_time","Analista de Dados","2024"
"k1zh068s3hra71k3ypk1zh04bwdxe9r3","cargo_no_time","Cientista de Dados","2024"
"k1zh068s3hra71k3ypk1zh04bwdxe9r3","cargo_no_time","DBA","2024"
"k1zh068s3hra71k3ypk1zh04bwdxe9r3","cargo_no_time","Analista de BI","2024"
"k1zh068s3hra71k3ypk1zh04bwdxe9r3","cargo_no_time","Arquiteto de Dados","2024"
"k1zh068s3hra71k3ypk1zh04bwdxe9r3","cargo_no_time","Business Analyst","2024"
"k1zh068s3hra71k3ypk1zh04bwdxe9r3","cargo_no_time","ML/AI Engineer","2024"
"1bazwu09mciq3ab151baz3qs2fvcdh3t","cargo_no_time","Analytics Engineer","2024"
"1bazwu09mciq3ab151baz3qs2fvcdh3t","cargo_no_time","Analista de Dados","2024"
"mad0ta2ug5nf7mxoxmad0v8lq2ta52nk","cargo_no_time","Analista de Dados","2024"
"mad0ta2ug5nf7mxoxmad0v8lq2ta52nk","cargo_no_time","Cientista de Dados","2024"
"mad0ta2ug5nf7mxoxmad0v8lq2ta52nk","cargo_no_time","Business Analyst","2024"
"hqn9hqv4ehjjvkyjcofhqn9h44qfcq18","cargo_no_time","Engenharia de Dados","2024"
"hqn9hqv4ehjjvkyjcofhqn9h44qfcq18","cargo_no_time","Analista de Dados","2024"
"hqn9hqv4ehjjvkyjcofhqn9h44qfcq18","cargo_no_time","Cientista de Dados","2024"
"hqn9hqv4ehjjvkyjcofhqn9h44qfcq18","cargo_no_time","Analista de BI","2024"
"hqn9hqv4ehjjvkyjcofhqn9h44qfcq18","cargo_no_time","Business Analyst","2024"
"q43st52sddaa7hphgxaq43st58hfm1jm","cargo_no_time","Analista de Dados","2024"
"q43st52sddaa7hphgxaq43st58hfm1jm","cargo_no_time","Cientista de Dados","2024"
"q43st52sddaa7hphgxaq43st58hfm1jm","cargo_no_time","Business Analyst","2024"
"kdmcj274ggcj71sjkdmcj2521dpmb5ym","cargo_no_time","Analista de Dados","2024"
"9unf38someejdev8gp5w9unf38a5g4y0","cargo_no_time","Analytics Engineer","2024"
"9unf38someejdev8gp5w9unf38a5g4y0","cargo_no_time","Engenharia de Dados","2024"
"9unf38someejdev8gp5w9unf38a5g4y0","cargo_no_time","Analista de Dados","2024"
"9unf38someejdev8gp5w9unf38a5g4y0","cargo_no_time","Cientista de Dados","2024"
"9unf38someejdev8gp5w9unf38a5g4y0","cargo_no_time","Analista de BI","2024"
"9unf38someejdev8gp5w9unf38a5g4y0","cargo_no_time","Arquiteto de Dados","2024"
"9unf38someejdev8gp5w9unf38a5g4y0","cargo_no_time","Business Analyst","2024"
"9unf38someejdev8gp5w9unf38a5g4y0","cargo_no_time","ML/AI Engineer","2024"
"c2b4q5q2y4jh8kjf69c4gc2b4q5q910g","cargo_no_time","Engenharia de Dados","2024"
"c2b4q5q2y4jh8kjf69c4gc2b4q5q910g","cargo_no_time","Analista de Dados","2024"
"c2b4q5q2y4jh8kjf69c4gc2b4q5q910g","cargo_no_time","Cientista de Dados","2024"
"c2b4q5q2y4jh8kjf69c4gc2b4q5q910g","cargo_no_time","DBA","2024"
"c2b4q5q2y4jh8kjf69c4gc2b4q5q910g","cargo_no_time","Data Product Manager","2024"
"c2b4q5q2y4jh8kjf69c4gc2b4q5q910g","cargo_no_time","Business Analyst","2024"
"c2b4q5q2y4jh8kjf69c4gc2b4q5q910g","cargo_no_time","ML/AI Engineer","2024"
"hgwzdpraw75fe1tshgi122f0pofy9252","cargo_no_time","Engenharia de Dados","2024"
"hgwzdpraw75fe1tshgi122f0pofy9252","cargo_no_time","Analista de BI","2024"
"hgwzdpraw75fe1tshgi122f0pofy9252","cargo_no_time","Business Analyst","2024"
"ycclrw7phgstk5ycj7t32a7t294lgeg1","cargo_no_time","Engenharia de Dados","2024"
"ycclrw7phgstk5ycj7t32a7t294lgeg1","cargo_no_time","Business Analyst","2024"
"0pnmliagfrq7y0pnm862kpl0sbgb533x","cargo_no_time","Analista de Dados","2024"
"0pnmliagfrq7y0pnm862kpl0sbgb533x","cargo_no_time","Analista de BI","2024"
"0pnmliagfrq7y0pnm862kpl0sbgb533x","cargo_no_time","Business Analyst","2024"
"1d8wbayvq2cncrqogu1d8wyaa46tjz7t","cargo_no_time","Engenharia de Dados","2024"
"1d8wbayvq2cncrqogu1d8wyaa46tjz7t","cargo_no_time","Analista de Dados","2024"
"1d8wbayvq2cncrqogu1d8wyaa46tjz7t","cargo_no_time","Cientista de Dados","2024"
"1d8wbayvq2cncrqogu1d8wyaa46tjz7t","cargo_no_time","Arquiteto de Dados","2024"
"1d8wbayvq2cncrqogu1d8wyaa46tjz7t","cargo_no_time","ML/AI Engineer","2024"
"6rr4a8srky29le5jq6r1k668v1mx8pe7","cargo_no_time","Engenharia de Dados","2024"
"6rr4a8srky29le5jq6r1k668v1mx8pe7","cargo_no_time","Cientista de Dados","2024"
"3yce0s2r1ldmwn3yce0zxxhvcq3h7lmt","cargo_no_time","Engenharia de Dados","2024"
"3yce0s2r1ldmwn3yce0zxxhvcq3h7lmt","cargo_no_time","Cientista de Dados","2024"
"3yce0s2r1ldmwn3yce0zxxhvcq3h7lmt","cargo_no_time","Business Analyst","2024"
"2ld4vxc90n2niap7fpp2ld4zd6bqnuca","cargo_no_time","Engenharia de Dados","2024"
"2ld4vxc90n2niap7fpp2ld4zd6bqnuca","cargo_no_time","Analista de Dados","2024"
"ekwpkyzq4uk01jpxfbrfekwpkyzr6hnd","cargo_no_time","Analytics Engineer","2024"
"ekwpkyzq4uk01jpxfbrfekwpkyzr6hnd","cargo_no_time","Engenharia de Dados","2024"
"ekwpkyzq4uk01jpxfbrfekwpkyzr6hnd","cargo_no_time","Analista de Dados","2024"
"ekwpkyzq4uk01jpxfbrfekwpkyzr6hnd","cargo_no_time","Cientista de Dados","2024"
"ekwpkyzq4uk01jpxfbrfekwpkyzr6hnd","cargo_no_time","Analista de BI","2024"
"ekwpkyzq4uk01jpxfbrfekwpkyzr6hnd","cargo_no_time","Arquiteto de Dados","2024"
"ekwpkyzq4uk01jpxfbrfekwpkyzr6hnd","cargo_no_time","Business Analyst","2024"
"ekwpkyzq4uk01jpxfbrfekwpkyzr6hnd","cargo_no_time","ML/AI Engineer","2024"
"39q5u80g4ynrfx3qedecvukk39q5u80g","cargo_no_time","Engenharia de Dados","2024"
"39q5u80g4ynrfx3qedecvukk39q5u80g","cargo_no_time","Analista de Dados","2024"
"39q5u80g4ynrfx3qedecvukk39q5u80g","cargo_no_time","Cientista de Dados","2024"
"39q5u80g4ynrfx3qedecvukk39q5u80g","cargo_no_time","Analista de BI","2024"
"39q5u80g4ynrfx3qedecvukk39q5u80g","cargo_no_time","Arquiteto de Dados","2024"
"nhdjn3dnvf8pm2o1kcnhdjnc3jx5r5ve","cargo_no_time","Analytics Engineer","2024"
"nhdjn3dnvf8pm2o1kcnhdjnc3jx5r5ve","cargo_no_time","Engenharia de Dados","2024"
"nhdjn3dnvf8pm2o1kcnhdjnc3jx5r5ve","cargo_no_time","Cientista de Dados","2024"
"nhdjn3dnvf8pm2o1kcnhdjnc3jx5r5ve","cargo_no_time","DBA","2024"
"nhdjn3dnvf8pm2o1kcnhdjnc3jx5r5ve","cargo_no_time","Arquiteto de Dados","2024"
"nhdjn3dnvf8pm2o1kcnhdjnc3jx5r5ve","cargo_no_time","Data Product Manager","2024"
"nhdjn3dnvf8pm2o1kcnhdjnc3jx5r5ve","cargo_no_time","Business Analyst","2024"
"nhdjn3dnvf8pm2o1kcnhdjnc3jx5r5ve","cargo_no_time","ML/AI Engineer","2024"
"5fo7kb2tj2fn6w68a5fo8pwiug8pjr26","cargo_no_time","Analista de Dados","2024"
"5fo7kb2tj2fn6w68a5fo8pwiug8pjr26","cargo_no_time","Analista de BI","2024"
"5fo7kb2tj2fn6w68a5fo8pwiug8pjr26","cargo_no_time","Business Analyst","2024"
"p47o0yikmqbpmfsp47o0yy7iejvd466m","cargo_no_time","Cientista de Dados","2024"
"zpuxlpmsarc95ezpu5hqybhzrytxv1vn","cargo_no_time","Analytics Engineer","2024"
"zpuxlpmsarc95ezpu5hqybhzrytxv1vn","cargo_no_time","Engenharia de Dados","2024"
"zpuxlpmsarc95ezpu5hqybhzrytxv1vn","cargo_no_time","Analista de Dados","2024"
"zpuxlpmsarc95ezpu5hqybhzrytxv1vn","cargo_no_time","Cientista de Dados","2024"
"zpuxlpmsarc95ezpu5hqybhzrytxv1vn","cargo_no_time","DBA","2024"
"zpuxlpmsarc95ezpu5hqybhzrytxv1vn","cargo_no_time","Arquiteto de Dados","2024"
"zpuxlpmsarc95ezpu5hqybhzrytxv1vn","cargo_no_time","Data Product Manager","2024"
"zpuxlpmsarc95ezpu5hqybhzrytxv1vn","cargo_no_time","ML/AI Engineer","2024"
"bwv3rw57bccw99bwviuhugtfsnjgzioq","cargo_no_time","Engenharia de Dados","2024"
"bwv3rw57bccw99bwviuhugtfsnjgzioq","cargo_no_time","Arquiteto de Dados","2024"
"bwv3rw57bccw99bwviuhugtfsnjgzioq","cargo_no_time","Business Analyst","2024"
"bwv3rw57bccw99bwviuhugtfsnjgzioq","cargo_no_time","ML/AI Engineer","2024"
"5fr2em6q6oa56u1oeu05fr21vpzgar9b","cargo_no_time","Analista de Dados","2024"
"5fr2em6q6oa56u1oeu05fr21vpzgar9b","cargo_no_time","Analista de BI","2024"
"5fr2em6q6oa56u1oeu05fr21vpzgar9b","cargo_no_time","Business Analyst","2024"
"ddod3w4adms89917w2ddod38rr5t360m","cargo_no_time","Analytics Engineer","2024"
"ddod3w4adms89917w2ddod38rr5t360m","cargo_no_time","Engenharia de Dados","2024"
"ddod3w4adms89917w2ddod38rr5t360m","cargo_no_time","Analista de Dados","2024"
"ddod3w4adms89917w2ddod38rr5t360m","cargo_no_time","Cientista de Dados","2024"
"ddod3w4adms89917w2ddod38rr5t360m","cargo_no_time","DBA","2024"
"ddod3w4adms89917w2ddod38rr5t360m","cargo_no_time","Analista de BI","2024"
"ddod3w4adms89917w2ddod38rr5t360m","cargo_no_time","Arquiteto de Dados","2024"
"ddod3w4adms89917w2ddod38rr5t360m","cargo_no_time","Data Product Manager","2024"
"ddod3w4adms89917w2ddod38rr5t360m","cargo_no_time","Business Analyst","2024"
"ddod3w4adms89917w2ddod38rr5t360m","cargo_no_time","ML/AI Engineer","2024"
"07gaydy3t3jb1i74y07gaydqmf7ji5o7","cargo_no_time","Analytics Engineer","2024"
"07gaydy3t3jb1i74y07gaydqmf7ji5o7","cargo_no_time","Engenharia de Dados","2024"
"07gaydy3t3jb1i74y07gaydqmf7ji5o7","cargo_no_time","Analista de Dados","2024"
"07gaydy3t3jb1i74y07gaydqmf7ji5o7","cargo_no_time","Cientista de Dados","2024"
"07gaydy3t3jb1i74y07gaydqmf7ji5o7","cargo_no_time","ML/AI Engineer","2024"
"f9donojl5yn138hbf9dongf0iw0nal10","cargo_no_time","Engenharia de Dados","2024"
"f9donojl5yn138hbf9dongf0iw0nal10","cargo_no_time","Analista de Dados","2024"
"f9donojl5yn138hbf9dongf0iw0nal10","cargo_no_time","Cientista de Dados","2024"
"f9donojl5yn138hbf9dongf0iw0nal10","cargo_no_time","DBA","2024"
"cq266r6ry3kkre56cq26g01qfle3xaih","cargo_no_time","Engenharia de Dados","2024"
"cq266r6ry3kkre56cq26g01qfle3xaih","cargo_no_time","Analista de Dados","2024"
"cq266r6ry3kkre56cq26g01qfle3xaih","cargo_no_time","Cientista de Dados","2024"
"cq266r6ry3kkre56cq26g01qfle3xaih","cargo_no_time","Analista de BI","2024"
"cq266r6ry3kkre56cq26g01qfle3xaih","cargo_no_time","Arquiteto de Dados","2024"
"oefq9siy9wijsb6x6toefqnpny3ykdj1","cargo_no_time","Analytics Engineer","2024"
"oefq9siy9wijsb6x6toefqnpny3ykdj1","cargo_no_time","Engenharia de Dados","2024"
"oefq9siy9wijsb6x6toefqnpny3ykdj1","cargo_no_time","Analista de Dados","2024"
"oefq9siy9wijsb6x6toefqnpny3ykdj1","cargo_no_time","Cientista de Dados","2024"
"oefq9siy9wijsb6x6toefqnpny3ykdj1","cargo_no_time","Data Product Manager","2024"
"oefq9siy9wijsb6x6toefqnpny3ykdj1","cargo_no_time","Business Analyst","2024"
"ywiggklfeid1eafi4r8qqtywiggkkxu0","cargo_no_time","Analista de Dados","2024"
"ywiggklfeid1eafi4r8qqtywiggkkxu0","cargo_no_time","DBA","2024"
"ywiggklfeid1eafi4r8qqtywiggkkxu0","cargo_no_time","Analista de BI","2024"
"4cyhuutjy19l9j14cyhgwqt468z6n345","cargo_no_time","Engenharia de Dados","2024"
"4cyhuutjy19l9j14cyhgwqt468z6n345","cargo_no_time","Analista de Dados","2024"
"4cyhuutjy19l9j14cyhgwqt468z6n345","cargo_no_time","Cientista de Dados","2024"
"4cyhuutjy19l9j14cyhgwqt468z6n345","cargo_no_time","Analista de BI","2024"
"4cyhuutjy19l9j14cyhgwqt468z6n345","cargo_no_time","Business Analyst","2024"
"8yxzr6k6ze3isz24stl8yxzzj7xnmig2","cargo_no_time","Engenharia de Dados","2024"
"8yxzr6k6ze3isz24stl8yxzzj7xnmig2","cargo_no_time","Analista de Dados","2024"
"8yxzr6k6ze3isz24stl8yxzzj7xnmig2","cargo_no_time","Cientista de Dados","2024"
"8yxzr6k6ze3isz24stl8yxzzj7xnmig2","cargo_no_time","DBA","2024"
"8yxzr6k6ze3isz24stl8yxzzj7xnmig2","cargo_no_time","Analista de BI","2024"
"8yxzr6k6ze3isz24stl8yxzzj7xnmig2","cargo_no_time","Arquiteto de Dados","2024"
"8yxzr6k6ze3isz24stl8yxzzj7xnmig2","cargo_no_time","Data Product Manager","2024"
"8yxzr6k6ze3isz24stl8yxzzj7xnmig2","cargo_no_time","Business Analyst","2024"
"8yxzr6k6ze3isz24stl8yxzzj7xnmig2","cargo_no_time","ML/AI Engineer","2024"
"phlk7ngvo0gznk0wxetphlk7dkf8jzd3","cargo_no_time","Engenharia de Dados","2024"
"phlk7ngvo0gznk0wxetphlk7dkf8jzd3","cargo_no_time","Analista de Dados","2024"
"phlk7ngvo0gznk0wxetphlk7dkf8jzd3","cargo_no_time","Cientista de Dados","2024"
"phlk7ngvo0gznk0wxetphlk7dkf8jzd3","cargo_no_time","DBA","2024"
"phlk7ngvo0gznk0wxetphlk7dkf8jzd3","cargo_no_time","Analista de BI","2024"
"phlk7ngvo0gznk0wxetphlk7dkf8jzd3","cargo_no_time","Business Analyst","2024"
"w8sd5kqyut9phn9cnjcuw8s7wnmz3u5j","cargo_no_time","Engenharia de Dados","2024"
"w8sd5kqyut9phn9cnjcuw8s7wnmz3u5j","cargo_no_time","Analista de Dados","2024"
"w8sd5kqyut9phn9cnjcuw8s7wnmz3u5j","cargo_no_time","Cientista de Dados","2024"
"w8sd5kqyut9phn9cnjcuw8s7wnmz3u5j","cargo_no_time","Analista de BI","2024"
"w8sd5kqyut9phn9cnjcuw8s7wnmz3u5j","cargo_no_time","Arquiteto de Dados","2024"
"w8sd5kqyut9phn9cnjcuw8s7wnmz3u5j","cargo_no_time","Data Product Manager","2024"
"w8sd5kqyut9phn9cnjcuw8s7wnmz3u5j","cargo_no_time","Business Analyst","2024"
"w8sd5kqyut9phn9cnjcuw8s7wnmz3u5j","cargo_no_time","ML/AI Engineer","2024"
"4c2y3r30lygljsgloqo5k4c2y3rmnke9","cargo_no_time","Analytics Engineer","2024"
"4c2y3r30lygljsgloqo5k4c2y3rmnke9","cargo_no_time","Engenharia de Dados","2024"
"4c2y3r30lygljsgloqo5k4c2y3rmnke9","cargo_no_time","Cientista de Dados","2024"
"b624myuq8djs2eyga2b624miuacqqsz8","cargo_no_time","Analytics Engineer","2024"
"b624myuq8djs2eyga2b624miuacqqsz8","cargo_no_time","Engenharia de Dados","2024"
"b624myuq8djs2eyga2b624miuacqqsz8","cargo_no_time","Analista de Dados","2024"
"b624myuq8djs2eyga2b624miuacqqsz8","cargo_no_time","Cientista de Dados","2024"
"b624myuq8djs2eyga2b624miuacqqsz8","cargo_no_time","Arquiteto de Dados","2024"
"b624myuq8djs2eyga2b624miuacqqsz8","cargo_no_time","Data Product Manager","2024"
"b624myuq8djs2eyga2b624miuacqqsz8","cargo_no_time","ML/AI Engineer","2024"
"zn2dynw8m4inpwb6zn2dynpikayn7vlf","cargo_no_time","Analytics Engineer","2024"
"zn2dynw8m4inpwb6zn2dynpikayn7vlf","cargo_no_time","Engenharia de Dados","2024"
"zn2dynw8m4inpwb6zn2dynpikayn7vlf","cargo_no_time","Analista de Dados","2024"
"zn2dynw8m4inpwb6zn2dynpikayn7vlf","cargo_no_time","Cientista de Dados","2024"
"zn2dynw8m4inpwb6zn2dynpikayn7vlf","cargo_no_time","Analista de BI","2024"
"zn2dynw8m4inpwb6zn2dynpikayn7vlf","cargo_no_time","Arquiteto de Dados","2024"
"zn2dynw8m4inpwb6zn2dynpikayn7vlf","cargo_no_time","Data Product Manager","2024"
"zn2dynw8m4inpwb6zn2dynpikayn7vlf","cargo_no_time","ML/AI Engineer","2024"
"mbehcur96a7guawa2i4xmbehcurk9cro","cargo_no_time","Analista de Dados","2024"
"mbehcur96a7guawa2i4xmbehcurk9cro","cargo_no_time","DBA","2024"
"mbehcur96a7guawa2i4xmbehcurk9cro","cargo_no_time","Analista de BI","2024"
"mbehcur96a7guawa2i4xmbehcurk9cro","cargo_no_time","Arquiteto de Dados","2024"
"mbehcur96a7guawa2i4xmbehcurk9cro","cargo_no_time","Business Analyst","2024"
"71lhsvabhfqpfm5bayi71lh26s0fk3dy","cargo_no_time","Engenharia de Dados","2024"
"71lhsvabhfqpfm5bayi71lh26s0fk3dy","cargo_no_time","Cientista de Dados","2024"
"71lhsvabhfqpfm5bayi71lh26s0fk3dy","cargo_no_time","Analista de BI","2024"
"71lhsvabhfqpfm5bayi71lh26s0fk3dy","cargo_no_time","Arquiteto de Dados","2024"
"y361o4s64a1chyhnc0jny361o4s66k8n","cargo_no_time","Engenharia de Dados","2024"
"y361o4s64a1chyhnc0jny361o4s66k8n","cargo_no_time","Analista de Dados","2024"
"y361o4s64a1chyhnc0jny361o4s66k8n","cargo_no_time","Cientista de Dados","2024"
"y361o4s64a1chyhnc0jny361o4s66k8n","cargo_no_time","DBA","2024"
"y361o4s64a1chyhnc0jny361o4s66k8n","cargo_no_time","Analista de BI","2024"
"y361o4s64a1chyhnc0jny361o4s66k8n","cargo_no_time","Business Analyst","2024"
"y361o4s64a1chyhnc0jny361o4s66k8n","cargo_no_time","ML/AI Engineer","2024"
"p720aak607ti344rcdp720apqj2s20gs","cargo_no_time","Analytics Engineer","2023"
"p720aak607ti344rcdp720apqj2s20gs","cargo_no_time","Engenharia de Dados","2023"
"p720aak607ti344rcdp720apqj2s20gs","cargo_no_time","Analista de Dados","2023"
"p720aak607ti344rcdp720apqj2s20gs","cargo_no_time","Cientista de Dados","2023"
"p720aak607ti344rcdp720apqj2s20gs","cargo_no_time","Analista de BI","2023"
"p720aak607ti344rcdp720apqj2s20gs","cargo_no_time","Arquiteto de Dados","2023"
"u8d85w434raosccag9t8lu8d80o029dq","cargo_no_time","Cientista de Dados","2023"
"eowe28v1lg0llj03ceowe28vs2lh1tw3","cargo_no_time","Analytics Engineer","2023"
"eowe28v1lg0llj03ceowe28vs2lh1tw3","cargo_no_time","Engenharia de Dados","2023"
"eowe28v1lg0llj03ceowe28vs2lh1tw3","cargo_no_time","Analista de Dados","2023"
"eowe28v1lg0llj03ceowe28vs2lh1tw3","cargo_no_time","Cientista de Dados","2023"
"eowe28v1lg0llj03ceowe28vs2lh1tw3","cargo_no_time","Arquiteto de Dados","2023"
"o9ixkep494lz67ayro9ixiuqlrs6vudl","cargo_no_time","Analista de Dados","2023"
"o9ixkep494lz67ayro9ixiuqlrs6vudl","cargo_no_time","Cientista de Dados","2023"
"o9ixkep494lz67ayro9ixiuqlrs6vudl","cargo_no_time","Analista de BI","2023"
"o9ixkep494lz67ayro9ixiuqlrs6vudl","cargo_no_time","Business Analyst","2023"
"03zphd4wn92u78t7c03zph7kmu1pu8nw","cargo_no_time","Engenharia de Dados","2023"
"03zphd4wn92u78t7c03zph7kmu1pu8nw","cargo_no_time","Analista de Dados","2023"
"03zphd4wn92u78t7c03zph7kmu1pu8nw","cargo_no_time","Cientista de Dados","2023"
"03zphd4wn92u78t7c03zph7kmu1pu8nw","cargo_no_time","Analista de BI","2023"
"e0pez2lpaxfqsxeryccz7uw2de0pez2u","cargo_no_time","Analytics Engineer","2023"
"e0pez2lpaxfqsxeryccz7uw2de0pez2u","cargo_no_time","Engenharia de Dados","2023"
"e0pez2lpaxfqsxeryccz7uw2de0pez2u","cargo_no_time","Analista de Dados","2023"
"e0pez2lpaxfqsxeryccz7uw2de0pez2u","cargo_no_time","Cientista de Dados","2023"
"e0pez2lpaxfqsxeryccz7uw2de0pez2u","cargo_no_time","Analista de BI","2023"
"e0pez2lpaxfqsxeryccz7uw2de0pez2u","cargo_no_time","Arquiteto de Dados","2023"
"e0pez2lpaxfqsxeryccz7uw2de0pez2u","cargo_no_time","Data Product Manager","2023"
"e0pez2lpaxfqsxeryccz7uw2de0pez2u","cargo_no_time","Business Analyst","2023"
"apwn9ykxnsdab9ls1ym93bqapwn9y91z","cargo_no_time","Engenharia de Dados","2023"
"apwn9ykxnsdab9ls1ym93bqapwn9y91z","cargo_no_time","Analista de Dados","2023"
"apwn9ykxnsdab9ls1ym93bqapwn9y91z","cargo_no_time","DBA","2023"
"fil5kc5yy8ii7meejfil5kgx58jwixdz","cargo_no_time","Engenharia de Dados","2023"
"fil5kc5yy8ii7meejfil5kgx58jwixdz","cargo_no_time","Analista de Dados","2023"
"fil5kc5yy8ii7meejfil5kgx58jwixdz","cargo_no_time","Cientista de Dados","2023"
"qi3jnmu6ugdhryigp4czw5qi3jnmu6um","cargo_no_time","Engenharia de Dados","2023"
"qi3jnmu6ugdhryigp4czw5qi3jnmu6um","cargo_no_time","Analista de Dados","2023"
"qi3jnmu6ugdhryigp4czw5qi3jnmu6um","cargo_no_time","Cientista de Dados","2023"
"qi3jnmu6ugdhryigp4czw5qi3jnmu6um","cargo_no_time","Analista de BI","2023"
"qi3jnmu6ugdhryigp4czw5qi3jnmu6um","cargo_no_time","Arquiteto de Dados","2023"
"qi3jnmu6ugdhryigp4czw5qi3jnmu6um","cargo_no_time","Business Analyst","2023"
"2pvrvwokh62pfmxuvh6ffkxluzwy0vak","cargo_no_time","Engenharia de Dados","2023"
"2pvrvwokh62pfmxuvh6ffkxluzwy0vak","cargo_no_time","Analista de Dados","2023"
"2pvrvwokh62pfmxuvh6ffkxluzwy0vak","cargo_no_time","Analista de BI","2023"
"qg0zxv9n95z7fzly2qg0zucy5hjse6ec","cargo_no_time","Engenharia de Dados","2023"
"qg0zxv9n95z7fzly2qg0zucy5hjse6ec","cargo_no_time","Analista de Dados","2023"
"qg0zxv9n95z7fzly2qg0zucy5hjse6ec","cargo_no_time","Cientista de Dados","2023"
"qg0zxv9n95z7fzly2qg0zucy5hjse6ec","cargo_no_time","DBA","2023"
"qg0zxv9n95z7fzly2qg0zucy5hjse6ec","cargo_no_time","Analista de BI","2023"
"qg0zxv9n95z7fzly2qg0zucy5hjse6ec","cargo_no_time","Arquiteto de Dados","2023"
"7odcikpe6zzegk7ods6o27iw0ypph61s","cargo_no_time","Analytics Engineer","2023"
"7odcikpe6zzegk7ods6o27iw0ypph61s","cargo_no_time","Engenharia de Dados","2023"
"7odcikpe6zzegk7ods6o27iw0ypph61s","cargo_no_time","Cientista de Dados","2023"
"7odcikpe6zzegk7ods6o27iw0ypph61s","cargo_no_time","Analista de BI","2023"
"7odcikpe6zzegk7ods6o27iw0ypph61s","cargo_no_time","Business Analyst","2023"
"jy1aomkvq8gwx228350tuzjy1aomk0ak","cargo_no_time","Analytics Engineer","2023"
"jy1aomkvq8gwx228350tuzjy1aomk0ak","cargo_no_time","Engenharia de Dados","2023"
"jy1aomkvq8gwx228350tuzjy1aomk0ak","cargo_no_time","Cientista de Dados","2023"
"jy1aomkvq8gwx228350tuzjy1aomk0ak","cargo_no_time","DBA","2023"
"jy1aomkvq8gwx228350tuzjy1aomk0ak","cargo_no_time","Arquiteto de Dados","2023"
"jy1aomkvq8gwx228350tuzjy1aomk0ak","cargo_no_time","Data Product Manager","2023"
"lca2h01sfnleizurelca2h7ohu48eort","cargo_no_time","Engenharia de Dados","2023"
"lca2h01sfnleizurelca2h7ohu48eort","cargo_no_time","Analista de Dados","2023"
"lca2h01sfnleizurelca2h7ohu48eort","cargo_no_time","Cientista de Dados","2023"
"lca2h01sfnleizurelca2h7ohu48eort","cargo_no_time","DBA","2023"
"lca2h01sfnleizurelca2h7ohu48eort","cargo_no_time","Arquiteto de Dados","2023"
"lca2h01sfnleizurelca2h7ohu48eort","cargo_no_time","Data Product Manager","2023"
"lca2h01sfnleizurelca2h7ohu48eort","cargo_no_time","Business Analyst","2023"
"cfmccvl6sbqjq9km5qcfmccvx09ahm2r","cargo_no_time","Engenharia de Dados","2023"
"cfmccvl6sbqjq9km5qcfmccvx09ahm2r","cargo_no_time","Cientista de Dados","2023"
"cfmccvl6sbqjq9km5qcfmccvx09ahm2r","cargo_no_time","Analista de BI","2023"
"pibusppjj0q02u5zphu7epibust8y3u2","cargo_no_time","Engenharia de Dados","2023"
"pibusppjj0q02u5zphu7epibust8y3u2","cargo_no_time","Analista de Dados","2023"
"obkxfweuih698h131iobkxfqlm1wqub2","cargo_no_time","Engenharia de Dados","2023"
"obkxfweuih698h131iobkxfqlm1wqub2","cargo_no_time","Analista de Dados","2023"
"obkxfweuih698h131iobkxfqlm1wqub2","cargo_no_time","Cientista de Dados","2023"
"obkxfweuih698h131iobkxfqlm1wqub2","cargo_no_time","Arquiteto de Dados","2023"
"ahgjt0wkmrdwl8r7eahgjtcvlaixl0qw","cargo_no_time","Analista de BI","2023"
"ahgjt0wkmrdwl8r7eahgjtcvlaixl0qw","cargo_no_time","Business Analyst","2023"
"e4zf6rojg9ek7d8dv1e4zf64ryyq18cp","cargo_no_time","Data Product Manager","2023"
"e4zf6rojg9ek7d8dv1e4zf64ryyq18cp","cargo_no_time","Business Analyst","2023"
"t00iwgfr1k4jf960s3nt00ieh1supww4","cargo_no_time","Cientista de Dados","2023"
"t00iwgfr1k4jf960s3nt00ieh1supww4","cargo_no_time","DBA","2023"
"t00iwgfr1k4jf960s3nt00ieh1supww4","cargo_no_time","Analista de BI","2023"
"jkufdp86i24oooexfjkufdnkkr4m8vgi","cargo_no_time","Analista de Dados","2023"
"jkufdp86i24oooexfjkufdnkkr4m8vgi","cargo_no_time","DBA","2023"
"jkufdp86i24oooexfjkufdnkkr4m8vgi","cargo_no_time","Analista de BI","2023"
"jkufdp86i24oooexfjkufdnkkr4m8vgi","cargo_no_time","Arquiteto de Dados","2023"
"jkufdp86i24oooexfjkufdnkkr4m8vgi","cargo_no_time","Data Product Manager","2023"
"jkufdp86i24oooexfjkufdnkkr4m8vgi","cargo_no_time","Business Analyst","2023"
"tqfy9ghgw5jaanutqfr38llyieklmqsj","cargo_no_time","Engenharia de Dados","2023"
"tqfy9ghgw5jaanutqfr38llyieklmqsj","cargo_no_time","Cientista de Dados","2023"
"tqfy9ghgw5jaanutqfr38llyieklmqsj","cargo_no_time","Data Product Manager","2023"
"jlqwbdswyfrowstrgrkjlqwbds5etu40","cargo_no_time","Analista de Dados","2023"
"xin29a44vhb45ve3ndxin29a8ecw6hhp","cargo_no_time","Analytics Engineer","2023"
"xin29a44vhb45ve3ndxin29a8ecw6hhp","cargo_no_time","Engenharia de Dados","2023"
"xin29a44vhb45ve3ndxin29a8ecw6hhp","cargo_no_time","Analista de Dados","2023"
"xin29a44vhb45ve3ndxin29a8ecw6hhp","cargo_no_time","Cientista de Dados","2023"
"xin29a44vhb45ve3ndxin29a8ecw6hhp","cargo_no_time","DBA","2023"
"xin29a44vhb45ve3ndxin29a8ecw6hhp","cargo_no_time","Analista de BI","2023"
"xin29a44vhb45ve3ndxin29a8ecw6hhp","cargo_no_time","Arquiteto de Dados","2023"
"xin29a44vhb45ve3ndxin29a8ecw6hhp","cargo_no_time","Data Product Manager","2023"
"xin29a44vhb45ve3ndxin29a8ecw6hhp","cargo_no_time","Business Analyst","2023"
"0jainribfz6iwp042gdx0jaino4uc71r","cargo_no_time","Engenharia de Dados","2023"
"0jainribfz6iwp042gdx0jaino4uc71r","cargo_no_time","Analista de Dados","2023"
"0jainribfz6iwp042gdx0jaino4uc71r","cargo_no_time","Analista de BI","2023"
"184i99d8ozm0xjbaccur184i99dsgue6","cargo_no_time","Analytics Engineer","2023"
"184i99d8ozm0xjbaccur184i99dsgue6","cargo_no_time","Engenharia de Dados","2023"
"184i99d8ozm0xjbaccur184i99dsgue6","cargo_no_time","Cientista de Dados","2023"
"184i99d8ozm0xjbaccur184i99dsgue6","cargo_no_time","Arquiteto de Dados","2023"
"z5kl5bhvaskqpds9bnl4ez5kl5irs67v","cargo_no_time","Analytics Engineer","2023"
"z5kl5bhvaskqpds9bnl4ez5kl5irs67v","cargo_no_time","Engenharia de Dados","2023"
"z5kl5bhvaskqpds9bnl4ez5kl5irs67v","cargo_no_time","Analista de Dados","2023"
"z5kl5bhvaskqpds9bnl4ez5kl5irs67v","cargo_no_time","Cientista de Dados","2023"
"z5kl5bhvaskqpds9bnl4ez5kl5irs67v","cargo_no_time","DBA","2023"
"z5kl5bhvaskqpds9bnl4ez5kl5irs67v","cargo_no_time","Arquiteto de Dados","2023"
"z5kl5bhvaskqpds9bnl4ez5kl5irs67v","cargo_no_time","Data Product Manager","2023"
"vmevz5pnawmznnst3nvma408tr5x40y9","cargo_no_time","Engenharia de Dados","2023"
"vmevz5pnawmznnst3nvma408tr5x40y9","cargo_no_time","Analista de BI","2023"
"vmevz5pnawmznnst3nvma408tr5x40y9","cargo_no_time","Business Analyst","2023"
"ny4551djcqiqny0vny4551dmol5enmlg","cargo_no_time","Engenharia de Dados","2023"
"ny4551djcqiqny0vny4551dmol5enmlg","cargo_no_time","Analista de Dados","2023"
"ny4551djcqiqny0vny4551dmol5enmlg","cargo_no_time","Business Analyst","2023"
"l8ocfek1y19tzrx94sqno6l8ocfekget","cargo_no_time","Analista de Dados","2023"
"l8ocfek1y19tzrx94sqno6l8ocfekget","cargo_no_time","Analista de BI","2023"
"umngxa98vf4fjdo27xb9c830umngxa9o","cargo_no_time","Analytics Engineer","2023"
"umngxa98vf4fjdo27xb9c830umngxa9o","cargo_no_time","Engenharia de Dados","2023"
"umngxa98vf4fjdo27xb9c830umngxa9o","cargo_no_time","Analista de Dados","2023"
"umngxa98vf4fjdo27xb9c830umngxa9o","cargo_no_time","Cientista de Dados","2023"
"umngxa98vf4fjdo27xb9c830umngxa9o","cargo_no_time","DBA","2023"
"umngxa98vf4fjdo27xb9c830umngxa9o","cargo_no_time","Analista de BI","2023"
"umngxa98vf4fjdo27xb9c830umngxa9o","cargo_no_time","Business Analyst","2023"
"d83tjozktae7zdyj17gd83tjofa51xay","cargo_no_time","Engenharia de Dados","2023"
"d83tjozktae7zdyj17gd83tjofa51xay","cargo_no_time","Cientista de Dados","2023"
"d83tjozktae7zdyj17gd83tjofa51xay","cargo_no_time","Data Product Manager","2023"
"pa5ew8va3quh8mth0qrz9m9pa5ew8va2","cargo_no_time","Analista de Dados","2023"
"pa5ew8va3quh8mth0qrz9m9pa5ew8va2","cargo_no_time","Analista de BI","2023"
"03s7lpmvw0hjtzjgxl5ys03s7lpmbwwg","cargo_no_time","Analytics Engineer","2023"
"03s7lpmvw0hjtzjgxl5ys03s7lpmbwwg","cargo_no_time","Engenharia de Dados","2023"
"03s7lpmvw0hjtzjgxl5ys03s7lpmbwwg","cargo_no_time","Analista de Dados","2023"
"03s7lpmvw0hjtzjgxl5ys03s7lpmbwwg","cargo_no_time","Cientista de Dados","2023"
"03s7lpmvw0hjtzjgxl5ys03s7lpmbwwg","cargo_no_time","Analista de BI","2023"
"03s7lpmvw0hjtzjgxl5ys03s7lpmbwwg","cargo_no_time","Arquiteto de Dados","2023"
"03s7lpmvw0hjtzjgxl5ys03s7lpmbwwg","cargo_no_time","Business Analyst","2023"
"0kul7v5qknv9o8qccac0kulrt5fdi7om","cargo_no_time","Engenharia de Dados","2023"
"0kul7v5qknv9o8qccac0kulrt5fdi7om","cargo_no_time","Analista de Dados","2023"
"0kul7v5qknv9o8qccac0kulrt5fdi7om","cargo_no_time","Cientista de Dados","2023"
"0kul7v5qknv9o8qccac0kulrt5fdi7om","cargo_no_time","Arquiteto de Dados","2023"
"0kul7v5qknv9o8qccac0kulrt5fdi7om","cargo_no_time","Data Product Manager","2023"
"0kul7v5qknv9o8qccac0kulrt5fdi7om","cargo_no_time","Business Analyst","2023"
"7q6n1fhbmq4wmo7q6nkok5ocisa6au87","cargo_no_time","Engenharia de Dados","2023"
"7q6n1fhbmq4wmo7q6nkok5ocisa6au87","cargo_no_time","Analista de Dados","2023"
"7q6n1fhbmq4wmo7q6nkok5ocisa6au87","cargo_no_time","Cientista de Dados","2023"
"7q6n1fhbmq4wmo7q6nkok5ocisa6au87","cargo_no_time","DBA","2023"
"7q6n1fhbmq4wmo7q6nkok5ocisa6au87","cargo_no_time","Business Analyst","2023"
"w6x8f68pgni0e88lenmw6x8f6o5tkd87","cargo_no_time","Engenharia de Dados","2023"
"w6x8f68pgni0e88lenmw6x8f6o5tkd87","cargo_no_time","Analista de Dados","2023"
"w6x8f68pgni0e88lenmw6x8f6o5tkd87","cargo_no_time","Cientista de Dados","2023"
"w6x8f68pgni0e88lenmw6x8f6o5tkd87","cargo_no_time","Analista de BI","2023"
"w6x8f68pgni0e88lenmw6x8f6o5tkd87","cargo_no_time","Arquiteto de Dados","2023"
"w6x8f68pgni0e88lenmw6x8f6o5tkd87","cargo_no_time","Business Analyst","2023"
"m7mbi58rf4v8wokleej8m7mbinu19mpk","cargo_no_time","Analista de Dados","2023"
"m7mbi58rf4v8wokleej8m7mbinu19mpk","cargo_no_time","Cientista de Dados","2023"
"m7mbi58rf4v8wokleej8m7mbinu19mpk","cargo_no_time","Business Analyst","2023"
"ou3xyxa3bhv55u0zinuegou3xyxa3yr9","cargo_no_time","Engenharia de Dados","2023"
"ou3xyxa3bhv55u0zinuegou3xyxa3yr9","cargo_no_time","Analista de Dados","2023"
"ou3xyxa3bhv55u0zinuegou3xyxa3yr9","cargo_no_time","Cientista de Dados","2023"
"ou3xyxa3bhv55u0zinuegou3xyxa3yr9","cargo_no_time","Arquiteto de Dados","2023"
"ou3xyxa3bhv55u0zinuegou3xyxa3yr9","cargo_no_time","Data Product Manager","2023"
"ou3xyxa3bhv55u0zinuegou3xyxa3yr9","cargo_no_time","Business Analyst","2023"
"mt73n9uqzowu500omt73n9mvdpkw70u4","cargo_no_time","Engenharia de Dados","2023"
"mt73n9uqzowu500omt73n9mvdpkw70u4","cargo_no_time","Cientista de Dados","2023"
"mt73n9uqzowu500omt73n9mvdpkw70u4","cargo_no_time","Analista de BI","2023"
"mt73n9uqzowu500omt73n9mvdpkw70u4","cargo_no_time","Arquiteto de Dados","2023"
"agha1mhyvpzz18rk0bhkagha1m0xn8os","cargo_no_time","Analytics Engineer","2023"
"agha1mhyvpzz18rk0bhkagha1m0xn8os","cargo_no_time","Engenharia de Dados","2023"
"agha1mhyvpzz18rk0bhkagha1m0xn8os","cargo_no_time","Analista de Dados","2023"
"agha1mhyvpzz18rk0bhkagha1m0xn8os","cargo_no_time","Cientista de Dados","2023"
"agha1mhyvpzz18rk0bhkagha1m0xn8os","cargo_no_time","Arquiteto de Dados","2023"
"agha1mhyvpzz18rk0bhkagha1m0xn8os","cargo_no_time","Data Product Manager","2023"
"agha1mhyvpzz18rk0bhkagha1m0xn8os","cargo_no_time","Business Analyst","2023"
"9uww4vzaojvwpwlcdue9uww4vd09cqb0","cargo_no_time","Business Analyst","2023"
"6fqk03be56bbm6fdak8rwpnsqjx5x2id","cargo_no_time","Engenharia de Dados","2023"
"6fqk03be56bbm6fdak8rwpnsqjx5x2id","cargo_no_time","Analista de Dados","2023"
"6fqk03be56bbm6fdak8rwpnsqjx5x2id","cargo_no_time","Cientista de Dados","2023"
"6fqk03be56bbm6fdak8rwpnsqjx5x2id","cargo_no_time","Analista de BI","2023"
"6fqk03be56bbm6fdak8rwpnsqjx5x2id","cargo_no_time","Arquiteto de Dados","2023"
"nrjv399dydt1sr3eukwnrjv3ve373t2v","cargo_no_time","Analytics Engineer","2023"
"nrjv399dydt1sr3eukwnrjv3ve373t2v","cargo_no_time","Engenharia de Dados","2023"
"nrjv399dydt1sr3eukwnrjv3ve373t2v","cargo_no_time","Analista de Dados","2023"
"nrjv399dydt1sr3eukwnrjv3ve373t2v","cargo_no_time","Cientista de Dados","2023"
"nrjv399dydt1sr3eukwnrjv3ve373t2v","cargo_no_time","Analista de BI","2023"
"nrjv399dydt1sr3eukwnrjv3ve373t2v","cargo_no_time","Data Product Manager","2023"
"nrjv399dydt1sr3eukwnrjv3ve373t2v","cargo_no_time","Business Analyst","2023"
"njmqencsxsu00l9kjcuccnyfnjmqs1o6","cargo_no_time","Analista de Dados","2023"
"0sb17993f17dly32q0sb17m6cgr8m8fg","cargo_no_time","Analytics Engineer","2023"
"0sb17993f17dly32q0sb17m6cgr8m8fg","cargo_no_time","Engenharia de Dados","2023"
"0sb17993f17dly32q0sb17m6cgr8m8fg","cargo_no_time","Analista de Dados","2023"
"0sb17993f17dly32q0sb17m6cgr8m8fg","cargo_no_time","Cientista de Dados","2023"
"0sb17993f17dly32q0sb17m6cgr8m8fg","cargo_no_time","DBA","2023"
"0sb17993f17dly32q0sb17m6cgr8m8fg","cargo_no_time","Analista de BI","2023"
"0sb17993f17dly32q0sb17m6cgr8m8fg","cargo_no_time","Data Product Manager","2023"
"0sb17993f17dly32q0sb17m6cgr8m8fg","cargo_no_time","Business Analyst","2023"
"y5htc2sgav7tr4bdzgfdauy5htc2sg5g","cargo_no_time","Analista de Dados","2023"
"y5htc2sgav7tr4bdzgfdauy5htc2sg5g","cargo_no_time","DBA","2023"
"y5htc2sgav7tr4bdzgfdauy5htc2sg5g","cargo_no_time","Analista de BI","2023"
"15sf3jss4mcvp8pywzv515sf3j2ew5jk","cargo_no_time","Engenharia de Dados","2023"
"15sf3jss4mcvp8pywzv515sf3j2ew5jk","cargo_no_time","Cientista de Dados","2023"
"15sf3jss4mcvp8pywzv515sf3j2ew5jk","cargo_no_time","Arquiteto de Dados","2023"
"4xo9ajjs4w4odvvla4xo9aft3pni3jl0","cargo_no_time","Analytics Engineer","2023"
"4xo9ajjs4w4odvvla4xo9aft3pni3jl0","cargo_no_time","Engenharia de Dados","2023"
"4xo9ajjs4w4odvvla4xo9aft3pni3jl0","cargo_no_time","Cientista de Dados","2023"
"4xo9ajjs4w4odvvla4xo9aft3pni3jl0","cargo_no_time","Data Product Manager","2023"
"z3j4rsea4d3tm67isz3j4rt0noozzjmv","cargo_no_time","Analytics Engineer","2023"
"z3j4rsea4d3tm67isz3j4rt0noozzjmv","cargo_no_time","Engenharia de Dados","2023"
"z3j4rsea4d3tm67isz3j4rt0noozzjmv","cargo_no_time","Analista de Dados","2023"
"z3j4rsea4d3tm67isz3j4rt0noozzjmv","cargo_no_time","Cientista de Dados","2023"
"z3j4rsea4d3tm67isz3j4rt0noozzjmv","cargo_no_time","Analista de BI","2023"
"z3j4rsea4d3tm67isz3j4rt0noozzjmv","cargo_no_time","Arquiteto de Dados","2023"
"zkiknb658m4l7pj9zkikn33w55pak1rg","cargo_no_time","Engenharia de Dados","2023"
"zkiknb658m4l7pj9zkikn33w55pak1rg","cargo_no_time","Analista de BI","2023"
"zkiknb658m4l7pj9zkikn33w55pak1rg","cargo_no_time","Business Analyst","2023"
"g1dhugbvmxp459u7lh8lyug1dhugbvnv","cargo_no_time","Analista de BI","2023"
"6rs6oof07rxvnqg036rs6oy38n7a46pq","cargo_no_time","Analytics Engineer","2023"
"6rs6oof07rxvnqg036rs6oy38n7a46pq","cargo_no_time","Engenharia de Dados","2023"
"6rs6oof07rxvnqg036rs6oy38n7a46pq","cargo_no_time","Analista de Dados","2023"
"6rs6oof07rxvnqg036rs6oy38n7a46pq","cargo_no_time","Cientista de Dados","2023"
"6rs6oof07rxvnqg036rs6oy38n7a46pq","cargo_no_time","DBA","2023"
"6rs6oof07rxvnqg036rs6oy38n7a46pq","cargo_no_time","Analista de BI","2023"
"6rs6oof07rxvnqg036rs6oy38n7a46pq","cargo_no_time","Arquiteto de Dados","2023"
"6rs6oof07rxvnqg036rs6oy38n7a46pq","cargo_no_time","Data Product Manager","2023"
"6rs6oof07rxvnqg036rs6oy38n7a46pq","cargo_no_time","Business Analyst","2023"
"vq9jhfso8lw32cq8bfzwvq9jhfszlnbh","cargo_no_time","Analytics Engineer","2024"
"vq9jhfso8lw32cq8bfzwvq9jhfszlnbh","cargo_no_time","Engenharia de Dados","2024"
"vq9jhfso8lw32cq8bfzwvq9jhfszlnbh","cargo_no_time","Analista de Dados","2024"
"vq9jhfso8lw32cq8bfzwvq9jhfszlnbh","cargo_no_time","Cientista de Dados","2024"
"vq9jhfso8lw32cq8bfzwvq9jhfszlnbh","cargo_no_time","Analista de BI","2024"
"vq9jhfso8lw32cq8bfzwvq9jhfszlnbh","cargo_no_time","Arquiteto de Dados","2024"
"vq9jhfso8lw32cq8bfzwvq9jhfszlnbh","cargo_no_time","Data Product Manager","2024"
"vq9jhfso8lw32cq8bfzwvq9jhfszlnbh","cargo_no_time","ML/AI Engineer","2024"
"uspvezzng2t9aqlf15dwiuspve9pxwgh","cargo_no_time","Analista de Dados","2024"
"uspvezzng2t9aqlf15dwiuspve9pxwgh","cargo_no_time","Cientista de Dados","2024"
"pvo2jfo3ii1oktpvo283uwuxcm4m8hjm","cargo_no_time","Analista de Dados","2024"
"pvo2jfo3ii1oktpvo283uwuxcm4m8hjm","cargo_no_time","Analista de BI","2024"
"mzrx2u40f3hqjumzrxbrss0ck4zaw0lw","cargo_no_time","Analytics Engineer","2024"
"mzrx2u40f3hqjumzrxbrss0ck4zaw0lw","cargo_no_time","Engenharia de Dados","2024"
"mzrx2u40f3hqjumzrxbrss0ck4zaw0lw","cargo_no_time","Analista de Dados","2024"
"mzrx2u40f3hqjumzrxbrss0ck4zaw0lw","cargo_no_time","Cientista de Dados","2024"
"mzrx2u40f3hqjumzrxbrss0ck4zaw0lw","cargo_no_time","DBA","2024"
"mzrx2u40f3hqjumzrxbrss0ck4zaw0lw","cargo_no_time","Analista de BI","2024"
"mzrx2u40f3hqjumzrxbrss0ck4zaw0lw","cargo_no_time","Arquiteto de Dados","2024"
"mzrx2u40f3hqjumzrxbrss0ck4zaw0lw","cargo_no_time","Business Analyst","2024"
"mzrx2u40f3hqjumzrxbrss0ck4zaw0lw","cargo_no_time","ML/AI Engineer","2024"
"vgbn5v8eoc2m78j8vgbnou0qqb69e6ey","cargo_no_time","Engenharia de Dados","2024"
"vgbn5v8eoc2m78j8vgbnou0qqb69e6ey","cargo_no_time","Arquiteto de Dados","2024"
"1dtzjgkj8fypqqrp1dtzer3yirye2d1u","cargo_no_time","Engenharia de Dados","2024"
"1dtzjgkj8fypqqrp1dtzer3yirye2d1u","cargo_no_time","Analista de Dados","2024"
"1dtzjgkj8fypqqrp1dtzer3yirye2d1u","cargo_no_time","Cientista de Dados","2024"
"1dtzjgkj8fypqqrp1dtzer3yirye2d1u","cargo_no_time","Analista de BI","2024"
"1dtzjgkj8fypqqrp1dtzer3yirye2d1u","cargo_no_time","Business Analyst","2024"
"qd8mozlsfxj3t52eh6w9qd8moc6rip2b","cargo_no_time","Analista de Dados","2024"
"qd8mozlsfxj3t52eh6w9qd8moc6rip2b","cargo_no_time","Cientista de Dados","2024"
"qd8mozlsfxj3t52eh6w9qd8moc6rip2b","cargo_no_time","DBA","2024"
"qd8mozlsfxj3t52eh6w9qd8moc6rip2b","cargo_no_time","ML/AI Engineer","2024"
"9w1o88p8ys1za3yojpgi9w1o8zrb604q","cargo_no_time","Cientista de Dados","2024"
"9w1o88p8ys1za3yojpgi9w1o8zrb604q","cargo_no_time","ML/AI Engineer","2024"
"vf7p08d66wgll3ysvf7p08d64hmaytnb","cargo_no_time","Engenharia de Dados","2024"
"vf7p08d66wgll3ysvf7p08d64hmaytnb","cargo_no_time","Analista de Dados","2024"
"vf7p08d66wgll3ysvf7p08d64hmaytnb","cargo_no_time","Cientista de Dados","2024"
"vf7p08d66wgll3ysvf7p08d64hmaytnb","cargo_no_time","Analista de BI","2024"
"19r9986qiq3i19r978g73i7y8q2boh82","cargo_no_time","Analytics Engineer","2024"
"19r9986qiq3i19r978g73i7y8q2boh82","cargo_no_time","Engenharia de Dados","2024"
"19r9986qiq3i19r978g73i7y8q2boh82","cargo_no_time","Analista de Dados","2024"
"19r9986qiq3i19r978g73i7y8q2boh82","cargo_no_time","Cientista de Dados","2024"
"19r9986qiq3i19r978g73i7y8q2boh82","cargo_no_time","Arquiteto de Dados","2024"
"19r9986qiq3i19r978g73i7y8q2boh82","cargo_no_time","Data Product Manager","2024"
"19r9986qiq3i19r978g73i7y8q2boh82","cargo_no_time","ML/AI Engineer","2024"
"xdz7qey878jy5smvcdxxdz7qez99k737","cargo_no_time","Analytics Engineer","2024"
"xdz7qey878jy5smvcdxxdz7qez99k737","cargo_no_time","Engenharia de Dados","2024"
"xdz7qey878jy5smvcdxxdz7qez99k737","cargo_no_time","Analista de Dados","2024"
"xdz7qey878jy5smvcdxxdz7qez99k737","cargo_no_time","Cientista de Dados","2024"
"xdz7qey878jy5smvcdxxdz7qez99k737","cargo_no_time","Analista de BI","2024"
"xdz7qey878jy5smvcdxxdz7qez99k737","cargo_no_time","Arquiteto de Dados","2024"
"xdz7qey878jy5smvcdxxdz7qez99k737","cargo_no_time","Data Product Manager","2024"
"xdz7qey878jy5smvcdxxdz7qez99k737","cargo_no_time","ML/AI Engineer","2024"
"3j0cqf4qnq0s6pm082go8a3j0cqf4xgy","cargo_no_time","Analista de Dados","2024"
"3j0cqf4qnq0s6pm082go8a3j0cqf4xgy","cargo_no_time","Analista de BI","2024"
"3j0cqf4qnq0s6pm082go8a3j0cqf4xgy","cargo_no_time","Business Analyst","2024"
"dyf880i0rxlxm7lny31ndyf880irk4kh","cargo_no_time","Analista de Dados","2024"
"dyf880i0rxlxm7lny31ndyf880irk4kh","cargo_no_time","ML/AI Engineer","2024"
"4opva35grva6e4z4ofslvy7qnrczn8ke","cargo_no_time","Engenharia de Dados","2024"
"4opva35grva6e4z4ofslvy7qnrczn8ke","cargo_no_time","Analista de Dados","2024"
"l1qitaq3sepak7zx0k7fe5jl1qitaq3s","cargo_no_time","Analytics Engineer","2024"
"l1qitaq3sepak7zx0k7fe5jl1qitaq3s","cargo_no_time","Engenharia de Dados","2024"
"l1qitaq3sepak7zx0k7fe5jl1qitaq3s","cargo_no_time","Analista de Dados","2024"
"l1qitaq3sepak7zx0k7fe5jl1qitaq3s","cargo_no_time","Cientista de Dados","2024"
"l1qitaq3sepak7zx0k7fe5jl1qitaq3s","cargo_no_time","DBA","2024"
"l1qitaq3sepak7zx0k7fe5jl1qitaq3s","cargo_no_time","Analista de BI","2024"
"l1qitaq3sepak7zx0k7fe5jl1qitaq3s","cargo_no_time","Arquiteto de Dados","2024"
"l1qitaq3sepak7zx0k7fe5jl1qitaq3s","cargo_no_time","Data Product Manager","2024"
"l1qitaq3sepak7zx0k7fe5jl1qitaq3s","cargo_no_time","Business Analyst","2024"
"l1qitaq3sepak7zx0k7fe5jl1qitaq3s","cargo_no_time","ML/AI Engineer","2024"
"i4gx29ym7n3ji4gx0vgf4gfczl3ymt1d","cargo_no_time","Engenharia de Dados","2024"
"i4gx29ym7n3ji4gx0vgf4gfczl3ymt1d","cargo_no_time","Analista de BI","2024"
"2bfd9557ke5ops802bfd955mlij3qfyl","cargo_no_time","Analytics Engineer","2024"
"2bfd9557ke5ops802bfd955mlij3qfyl","cargo_no_time","Engenharia de Dados","2024"
"2bfd9557ke5ops802bfd955mlij3qfyl","cargo_no_time","Analista de Dados","2024"
"2bfd9557ke5ops802bfd955mlij3qfyl","cargo_no_time","Cientista de Dados","2024"
"2bfd9557ke5ops802bfd955mlij3qfyl","cargo_no_time","ML/AI Engineer","2024"
"wnka06bvlo80zlfm3jwnka06gpn5hz7l","cargo_no_time","Engenharia de Dados","2024"
"wnka06bvlo80zlfm3jwnka06gpn5hz7l","cargo_no_time","Analista de Dados","2024"
"wnka06bvlo80zlfm3jwnka06gpn5hz7l","cargo_no_time","Cientista de Dados","2024"
"wnka06bvlo80zlfm3jwnka06gpn5hz7l","cargo_no_time","Arquiteto de Dados","2024"
"wnka06bvlo80zlfm3jwnka06gpn5hz7l","cargo_no_time","Data Product Manager","2024"
"wnka06bvlo80zlfm3jwnka06gpn5hz7l","cargo_no_time","Business Analyst","2024"
"52414ouanof3bhts5241ls8fqzvrf1l7","cargo_no_time","Engenharia de Dados","2024"
"52414ouanof3bhts5241ls8fqzvrf1l7","cargo_no_time","Analista de Dados","2024"
"52414ouanof3bhts5241ls8fqzvrf1l7","cargo_no_time","Analista de BI","2024"
"f6wy6kx5l546lmerfg7ef6wy6kx5njse","cargo_no_time","Analytics Engineer","2024"
"f6wy6kx5l546lmerfg7ef6wy6kx5njse","cargo_no_time","Engenharia de Dados","2024"
"f6wy6kx5l546lmerfg7ef6wy6kx5njse","cargo_no_time","Analista de Dados","2024"
"f6wy6kx5l546lmerfg7ef6wy6kx5njse","cargo_no_time","Cientista de Dados","2024"
"f6wy6kx5l546lmerfg7ef6wy6kx5njse","cargo_no_time","Analista de BI","2024"
"f6wy6kx5l546lmerfg7ef6wy6kx5njse","cargo_no_time","Arquiteto de Dados","2024"
"f6wy6kx5l546lmerfg7ef6wy6kx5njse","cargo_no_time","Business Analyst","2024"
"f6wy6kx5l546lmerfg7ef6wy6kx5njse","cargo_no_time","ML/AI Engineer","2024"
"no5li1egng3cno5lozmohnq9gf4ov432","cargo_no_time","Analytics Engineer","2024"
"no5li1egng3cno5lozmohnq9gf4ov432","cargo_no_time","Engenharia de Dados","2024"
"no5li1egng3cno5lozmohnq9gf4ov432","cargo_no_time","Analista de Dados","2024"
"no5li1egng3cno5lozmohnq9gf4ov432","cargo_no_time","Cientista de Dados","2024"
"no5li1egng3cno5lozmohnq9gf4ov432","cargo_no_time","DBA","2024"
"no5li1egng3cno5lozmohnq9gf4ov432","cargo_no_time","Analista de BI","2024"
"no5li1egng3cno5lozmohnq9gf4ov432","cargo_no_time","Arquiteto de Dados","2024"
"no5li1egng3cno5lozmohnq9gf4ov432","cargo_no_time","Business Analyst","2024"
"no5li1egng3cno5lozmohnq9gf4ov432","cargo_no_time","ML/AI Engineer","2024"
"rmhqcejuffgr5j7inrmhqc88nszuxjjq","cargo_no_time","Engenharia de Dados","2024"
"rmhqcejuffgr5j7inrmhqc88nszuxjjq","cargo_no_time","Analista de Dados","2024"
"rmhqcejuffgr5j7inrmhqc88nszuxjjq","cargo_no_time","Analista de BI","2024"
"itp7f70y82qwx9gbfitp7fqpr62ik24s","cargo_no_time","Engenharia de Dados","2024"
"itp7f70y82qwx9gbfitp7fqpr62ik24s","cargo_no_time","Analista de Dados","2024"
"itp7f70y82qwx9gbfitp7fqpr62ik24s","cargo_no_time","Cientista de Dados","2024"
"itp7f70y82qwx9gbfitp7fqpr62ik24s","cargo_no_time","Business Analyst","2024"
"itp7f70y82qwx9gbfitp7fqpr62ik24s","cargo_no_time","ML/AI Engineer","2024"
"0fn911csv704utr7b60fn917vi57kdie","cargo_no_time","Analytics Engineer","2024"
"0fn911csv704utr7b60fn917vi57kdie","cargo_no_time","Engenharia de Dados","2024"
"0fn911csv704utr7b60fn917vi57kdie","cargo_no_time","Analista de Dados","2024"
"0fn911csv704utr7b60fn917vi57kdie","cargo_no_time","Cientista de Dados","2024"
"0fn911csv704utr7b60fn917vi57kdie","cargo_no_time","Analista de BI","2024"
"2dgh1ifoio2k9io4ml2fx2dgh1i9fd3g","cargo_no_time","Data Product Manager","2024"
"hvpoid9ajf4ajxhxplthvpoidalv2cx8","cargo_no_time","Engenharia de Dados","2024"
"hvpoid9ajf4ajxhxplthvpoidalv2cx8","cargo_no_time","Cientista de Dados","2024"
"hvpoid9ajf4ajxhxplthvpoidalv2cx8","cargo_no_time","DBA","2024"
"hvpoid9ajf4ajxhxplthvpoidalv2cx8","cargo_no_time","Analista de BI","2024"
"znjaxsrcf69rhw990ebtaznjaxsrt2d0","cargo_no_time","Business Analyst","2024"
"znjaxsrcf69rhw990ebtaznjaxsrt2d0","cargo_no_time","ML/AI Engineer","2024"
"eqasidyuf0gq9blveqasjldi8smjql62","cargo_no_time","Engenharia de Dados","2024"
"eqasidyuf0gq9blveqasjldi8smjql62","cargo_no_time","Data Product Manager","2024"
"eqasidyuf0gq9blveqasjldi8smjql62","cargo_no_time","Business Analyst","2024"
"8o9jvxz3vj0o41scwk6qptq88o9jvxzt","cargo_no_time","Engenharia de Dados","2024"
"8o9jvxz3vj0o41scwk6qptq88o9jvxzt","cargo_no_time","Analista de Dados","2024"
"8o9jvxz3vj0o41scwk6qptq88o9jvxzt","cargo_no_time","Cientista de Dados","2024"
"6mmokt7vd0zgzowrudu78l6mmokl0ucj","cargo_no_time","Engenharia de Dados","2024"
"6mmokt7vd0zgzowrudu78l6mmokl0ucj","cargo_no_time","Cientista de Dados","2024"
"6mmokt7vd0zgzowrudu78l6mmokl0ucj","cargo_no_time","Analista de BI","2024"
"6mmokt7vd0zgzowrudu78l6mmokl0ucj","cargo_no_time","Arquiteto de Dados","2024"
"3qfhqyveoz3e9tcif23qfhqypjdpaveb","cargo_no_time","Analista de Dados","2024"
"rmtt8hx8dx6ivq3zdrmtt8hx8h0e6xj3","cargo_no_time","Analytics Engineer","2024"
"rmtt8hx8dx6ivq3zdrmtt8hx8h0e6xj3","cargo_no_time","Engenharia de Dados","2024"
"rmtt8hx8dx6ivq3zdrmtt8hx8h0e6xj3","cargo_no_time","Analista de Dados","2024"
"rmtt8hx8dx6ivq3zdrmtt8hx8h0e6xj3","cargo_no_time","Cientista de Dados","2024"
"rmtt8hx8dx6ivq3zdrmtt8hx8h0e6xj3","cargo_no_time","Analista de BI","2024"
"rmtt8hx8dx6ivq3zdrmtt8hx8h0e6xj3","cargo_no_time","Arquiteto de Dados","2024"
"rmtt8hx8dx6ivq3zdrmtt8hx8h0e6xj3","cargo_no_time","Data Product Manager","2024"
"rmtt8hx8dx6ivq3zdrmtt8hx8h0e6xj3","cargo_no_time","ML/AI Engineer","2024"
"pi5tp3mg5r9hc6ljopdapi5tp3mu3zmn","cargo_no_time","Analytics Engineer","2024"
"pi5tp3mg5r9hc6ljopdapi5tp3mu3zmn","cargo_no_time","Engenharia de Dados","2024"
"pi5tp3mg5r9hc6ljopdapi5tp3mu3zmn","cargo_no_time","Analista de Dados","2024"
"pi5tp3mg5r9hc6ljopdapi5tp3mu3zmn","cargo_no_time","Cientista de Dados","2024"
"pi5tp3mg5r9hc6ljopdapi5tp3mu3zmn","cargo_no_time","Arquiteto de Dados","2024"
"pi5tp3mg5r9hc6ljopdapi5tp3mu3zmn","cargo_no_time","Business Analyst","2024"
"pi5tp3mg5r9hc6ljopdapi5tp3mu3zmn","cargo_no_time","ML/AI Engineer","2024"
"n8z17n49zni9syazsw94min8z15b9mgc","cargo_no_time","Analytics Engineer","2024"
"n8z17n49zni9syazsw94min8z15b9mgc","cargo_no_time","Engenharia de Dados","2024"
"n8z17n49zni9syazsw94min8z15b9mgc","cargo_no_time","Analista de Dados","2024"
"n8z17n49zni9syazsw94min8z15b9mgc","cargo_no_time","Cientista de Dados","2024"
"n8z17n49zni9syazsw94min8z15b9mgc","cargo_no_time","Analista de BI","2024"
"n8z17n49zni9syazsw94min8z15b9mgc","cargo_no_time","Business Analyst","2024"
"n8z17n49zni9syazsw94min8z15b9mgc","cargo_no_time","ML/AI Engineer","2024"
"ke0m9pxfr34p5rl8wiirke0mwd2zw7wo","cargo_no_time","Analista de Dados","2024"
"ke0m9pxfr34p5rl8wiirke0mwd2zw7wo","cargo_no_time","Cientista de Dados","2024"
"ke0m9pxfr34p5rl8wiirke0mwd2zw7wo","cargo_no_time","Business Analyst","2024"
"q7vc6xe3w0xueg3p4pwoiq7vc6xecwb7","cargo_no_time","Engenharia de Dados","2024"
"q7vc6xe3w0xueg3p4pwoiq7vc6xecwb7","cargo_no_time","Cientista de Dados","2024"
"q7vc6xe3w0xueg3p4pwoiq7vc6xecwb7","cargo_no_time","Analista de BI","2024"
"dn1q92yvirevykbwgt59dn1q92cvidda","cargo_no_time","Analista de Dados","2024"
"dn1q92yvirevykbwgt59dn1q92cvidda","cargo_no_time","Cientista de Dados","2024"
"dn1q92yvirevykbwgt59dn1q92cvidda","cargo_no_time","Analista de BI","2024"
"dn1q92yvirevykbwgt59dn1q92cvidda","cargo_no_time","ML/AI Engineer","2024"
"owp6hlo3yd1c3gjhijowp6hlo3y4hwpm","cargo_no_time","Engenharia de Dados","2024"
"owp6hlo3yd1c3gjhijowp6hlo3y4hwpm","cargo_no_time","Analista de Dados","2024"
"owp6hlo3yd1c3gjhijowp6hlo3y4hwpm","cargo_no_time","Analista de BI","2024"
"0dcdskfrknppsydsimha0dcdskb7hi6q","cargo_no_time","Analytics Engineer","2024"
"0dcdskfrknppsydsimha0dcdskb7hi6q","cargo_no_time","Analista de Dados","2024"
"0dcdskfrknppsydsimha0dcdskb7hi6q","cargo_no_time","Cientista de Dados","2024"
"0dcdskfrknppsydsimha0dcdskb7hi6q","cargo_no_time","ML/AI Engineer","2024"
"lnrq6le7apxi5rinlnrq6lw2njqcs7gf","cargo_no_time","Analytics Engineer","2024"
"lnrq6le7apxi5rinlnrq6lw2njqcs7gf","cargo_no_time","Engenharia de Dados","2024"
"lnrq6le7apxi5rinlnrq6lw2njqcs7gf","cargo_no_time","Analista de Dados","2024"
"lnrq6le7apxi5rinlnrq6lw2njqcs7gf","cargo_no_time","Cientista de Dados","2024"
"lnrq6le7apxi5rinlnrq6lw2njqcs7gf","cargo_no_time","Analista de BI","2024"
"9eqg692lw3khh22i09eqg69250vnbrsc","cargo_no_time","Analista de Dados","2024"
"9eqg692lw3khh22i09eqg69250vnbrsc","cargo_no_time","Analista de BI","2024"
"9eqg692lw3khh22i09eqg69250vnbrsc","cargo_no_time","Data Product Manager","2024"
"9eqg692lw3khh22i09eqg69250vnbrsc","cargo_no_time","Business Analyst","2024"
"rtcvtakeuv2urkgbdrtcvw4k5i8nmc5h","cargo_no_time","Cientista de Dados","2025"
"tzj0g5i7oncz8g2nu9otzj0ovgw57915","cargo_no_time","Analista de Dados","2025"
"tzj0g5i7oncz8g2nu9otzj0ovgw57915","cargo_no_time","DBA","2025"
"tzj0g5i7oncz8g2nu9otzj0ovgw57915","cargo_no_time","Business Analyst","2025"
"fqjn4uqby7xp8qltg00yfqjn4u5oh481","cargo_no_time","Analista de Dados","2025"
"fqjn4uqby7xp8qltg00yfqjn4u5oh481","cargo_no_time","Cientista de Dados","2025"
"fqjn4uqby7xp8qltg00yfqjn4u5oh481","cargo_no_time","Analista de BI","2025"
"fqjn4uqby7xp8qltg00yfqjn4u5oh481","cargo_no_time","Arquiteto de Dados","2025"
"fqjn4uqby7xp8qltg00yfqjn4u5oh481","cargo_no_time","Business Analyst","2025"
"yp8mbk8o05ou4h5ky3yvyp8m4692ub4o","cargo_no_time","Analista de Dados","2025"
"o9z5a2kebmbpxy2ggmo9z5a2ks7g8btr","cargo_no_time","Analista de BI","2025"
"iejlldgt6ubhted7mtl8qiejll8tkntu","cargo_no_time","Engenharia de Dados","2025"
"iejlldgt6ubhted7mtl8qiejll8tkntu","cargo_no_time","Cientista de Dados","2025"
"iejlldgt6ubhted7mtl8qiejll8tkntu","cargo_no_time","ML/AI Engineer","2025"
"6toxx8d6djzxgc6ktzl6toxary60dqza","cargo_no_time","Engenharia de Dados","2025"
"6toxx8d6djzxgc6ktzl6toxary60dqza","cargo_no_time","Analista de Dados","2025"
"6toxx8d6djzxgc6ktzl6toxary60dqza","cargo_no_time","Analista de BI","2025"
"xw80dm6yvs1hki1xw80dni2mo2ra50el","cargo_no_time","Engenharia de Dados","2025"
"xw80dm6yvs1hki1xw80dni2mo2ra50el","cargo_no_time","Cientista de Dados","2025"
"xw80dm6yvs1hki1xw80dni2mo2ra50el","cargo_no_time","ML/AI Engineer","2025"
"g4dyxr6whe3fnwer1uxg4dyiovddnsda","cargo_no_time","Analytics Engineer","2025"
"g4dyxr6whe3fnwer1uxg4dyiovddnsda","cargo_no_time","Engenharia de Dados","2025"
"g4dyxr6whe3fnwer1uxg4dyiovddnsda","cargo_no_time","Analista de Dados","2025"
"g4dyxr6whe3fnwer1uxg4dyiovddnsda","cargo_no_time","DBA","2025"
"s64wfkpbuvqa3zllb00ixs64wfkfohov","cargo_no_time","Arquiteto de Dados","2025"
"sg5jq7ugvayr4kkw89s55h4sg5jq7oi4","cargo_no_time","Engenharia de Dados","2025"
"sg5jq7ugvayr4kkw89s55h4sg5jq7oi4","cargo_no_time","Analista de Dados","2025"
"sg5jq7ugvayr4kkw89s55h4sg5jq7oi4","cargo_no_time","Cientista de Dados","2025"
"sg5jq7ugvayr4kkw89s55h4sg5jq7oi4","cargo_no_time","Arquiteto de Dados","2025"
"nc2lfaauequ8wyp0z67pnc2lfaaygbf8","cargo_no_time","Analytics Engineer","2025"
"nc2lfaauequ8wyp0z67pnc2lfaaygbf8","cargo_no_time","Engenharia de Dados","2025"
"nc2lfaauequ8wyp0z67pnc2lfaaygbf8","cargo_no_time","Cientista de Dados","2025"
"nc2lfaauequ8wyp0z67pnc2lfaaygbf8","cargo_no_time","Arquiteto de Dados","2025"
"nc2lfaauequ8wyp0z67pnc2lfaaygbf8","cargo_no_time","Data Product Manager","2025"
"nc2lfaauequ8wyp0z67pnc2lfaaygbf8","cargo_no_time","ML/AI Engineer","2025"
"9c6yfhu1wekvhqtv1r9kb9c6yl2dcrqe","cargo_no_time","Analytics Engineer","2025"
"9c6yfhu1wekvhqtv1r9kb9c6yl2dcrqe","cargo_no_time","Analista de Dados","2025"
"9c6yfhu1wekvhqtv1r9kb9c6yl2dcrqe","cargo_no_time","Cientista de Dados","2025"
"9c6yfhu1wekvhqtv1r9kb9c6yl2dcrqe","cargo_no_time","Analista de BI","2025"
"9c6yfhu1wekvhqtv1r9kb9c6yl2dcrqe","cargo_no_time","Arquiteto de Dados","2025"
"9c6yfhu1wekvhqtv1r9kb9c6yl2dcrqe","cargo_no_time","Business Analyst","2025"
"9c6yfhu1wekvhqtv1r9kb9c6yl2dcrqe","cargo_no_time","ML/AI Engineer","2025"
"huchpewg7e7oqw15ob6huhzicndrls5q","cargo_no_time","Analista de Dados","2025"
"huchpewg7e7oqw15ob6huhzicndrls5q","cargo_no_time","Analista de BI","2025"
"huchpewg7e7oqw15ob6huhzicndrls5q","cargo_no_time","Business Analyst","2025"
"l0zopaodmc36jwajal0zopab7mnhpzbj","cargo_no_time","Analista de Dados","2025"
"l0zopaodmc36jwajal0zopab7mnhpzbj","cargo_no_time","Analista de BI","2025"
"l0zopaodmc36jwajal0zopab7mnhpzbj","cargo_no_time","Business Analyst","2025"
"7sm0z1lxqs1rq2l307sm0z1ldwi1n7dn","cargo_no_time","Engenharia de Dados","2025"
"7sm0z1lxqs1rq2l307sm0z1ldwi1n7dn","cargo_no_time","Analista de BI","2025"
"zg7riqbdjlqe86tsd7zg7rihyricu1bb","cargo_no_time","Engenharia de Dados","2025"
"zg7riqbdjlqe86tsd7zg7rihyricu1bb","cargo_no_time","Cientista de Dados","2025"
"zg7riqbdjlqe86tsd7zg7rihyricu1bb","cargo_no_time","Analista de BI","2025"
"9glcyb5wacdktgz1zu9gle0zpzzjermo","cargo_no_time","Analista de Dados","2025"
"9glcyb5wacdktgz1zu9gle0zpzzjermo","cargo_no_time","Cientista de Dados","2025"
"9glcyb5wacdktgz1zu9gle0zpzzjermo","cargo_no_time","Analista de BI","2025"
"9glcyb5wacdktgz1zu9gle0zpzzjermo","cargo_no_time","ML/AI Engineer","2025"
"28k2pz9po1iz23zz28k22k8gsxk9ca3r","cargo_no_time","Cientista de Dados","2025"
"vrc8wbg90r6tyieb5aivrc8w86x9mbw5","cargo_no_time","Engenharia de Dados","2025"
"644i1afix8ycubu0w644i1ay0xr6p8qv","cargo_no_time","Analista de Dados","2025"
"vrc8wbg90r6tyieb5aivrc8w86x9mbw5","cargo_no_time","Cientista de Dados","2025"
"vrc8wbg90r6tyieb5aivrc8w86x9mbw5","cargo_no_time","Analista de BI","2025"
"644i1afix8ycubu0w644i1ay0xr6p8qv","cargo_no_time","Cientista de Dados","2025"
"644i1afix8ycubu0w644i1ay0xr6p8qv","cargo_no_time","Analista de BI","2025"
"vrc8wbg90r6tyieb5aivrc8w86x9mbw5","cargo_no_time","Data Product Manager","2025"
"vrc8wbg90r6tyieb5aivrc8w86x9mbw5","cargo_no_time","ML/AI Engineer","2025"
"wv1pu9mws45ifspg03c1twdwv1pu9mwr","cargo_no_time","Analytics Engineer","2025"
"wv1pu9mws45ifspg03c1twdwv1pu9mwr","cargo_no_time","Engenharia de Dados","2025"
"w6cvq2eynj1e9qwtw6cvr98avnru1yn7","cargo_no_time","Analytics Engineer","2025"
"w6cvq2eynj1e9qwtw6cvr98avnru1yn7","cargo_no_time","Engenharia de Dados","2025"
"w6cvq2eynj1e9qwtw6cvr98avnru1yn7","cargo_no_time","Analista de Dados","2025"
"w6cvq2eynj1e9qwtw6cvr98avnru1yn7","cargo_no_time","Cientista de Dados","2025"
"w6cvq2eynj1e9qwtw6cvr98avnru1yn7","cargo_no_time","ML/AI Engineer","2025"
"uruvxp6tlpbh7sburuvtfijw9aesbec6","cargo_no_time","Analytics Engineer","2025"
"uruvxp6tlpbh7sburuvtfijw9aesbec6","cargo_no_time","Engenharia de Dados","2025"
"uruvxp6tlpbh7sburuvtfijw9aesbec6","cargo_no_time","Analista de Dados","2025"
"uruvxp6tlpbh7sburuvtfijw9aesbec6","cargo_no_time","Cientista de Dados","2025"
"scxxlquf356n56u8qbubwscxxlquz4cn","cargo_no_time","Engenharia de Dados","2025"
"scxxlquf356n56u8qbubwscxxlquz4cn","cargo_no_time","Analista de Dados","2025"
"scxxlquf356n56u8qbubwscxxlquz4cn","cargo_no_time","Cientista de Dados","2025"
"wv1pu9mws45ifspg03c1twdwv1pu9mwr","cargo_no_time","Analista de Dados","2025"
"wv1pu9mws45ifspg03c1twdwv1pu9mwr","cargo_no_time","Cientista de Dados","2025"
"wv1pu9mws45ifspg03c1twdwv1pu9mwr","cargo_no_time","Analista de BI","2025"
"wv1pu9mws45ifspg03c1twdwv1pu9mwr","cargo_no_time","Arquiteto de Dados","2025"
"wv1pu9mws45ifspg03c1twdwv1pu9mwr","cargo_no_time","Data Product Manager","2025"
"wv1pu9mws45ifspg03c1twdwv1pu9mwr","cargo_no_time","ML/AI Engineer","2025"
"h4r5gfzqsvm871d7f9b1h4r5gfvs09ye","cargo_no_time","Engenharia de Dados","2025"
"h4r5gfzqsvm871d7f9b1h4r5gfvs09ye","cargo_no_time","Analista de Dados","2025"
"scxxlquf356n56u8qbubwscxxlquz4cn","cargo_no_time","Analista de BI","2025"
"scxxlquf356n56u8qbubwscxxlquz4cn","cargo_no_time","Arquiteto de Dados","2025"
"scxxlquf356n56u8qbubwscxxlquz4cn","cargo_no_time","Data Product Manager","2025"
"scxxlquf356n56u8qbubwscxxlquz4cn","cargo_no_time","ML/AI Engineer","2025"
"1vl5p4t7xp7szf1vl5qmia3e92at85qm","cargo_no_time","Analytics Engineer","2025"
"1vl5p4t7xp7szf1vl5qmia3e92at85qm","cargo_no_time","Engenharia de Dados","2025"
"1vl5p4t7xp7szf1vl5qmia3e92at85qm","cargo_no_time","Cientista de Dados","2025"
"1vl5p4t7xp7szf1vl5qmia3e92at85qm","cargo_no_time","Arquiteto de Dados","2025"
"1vl5p4t7xp7szf1vl5qmia3e92at85qm","cargo_no_time","Data Product Manager","2025"
"1vl5p4t7xp7szf1vl5qmia3e92at85qm","cargo_no_time","ML/AI Engineer","2025"
"7tagz0jqps4yto8aaj7tagsh8a5etly7","cargo_no_time","Analista de Dados","2025"
"k6u2w04u4tacwaodbu5gwk6u2wdofnj7","cargo_no_time","Cientista de Dados","2025"
"gpqvtgdipxlpep7jdn5c0xgpqvtg9rq1","cargo_no_time","Analista de Dados","2025"
"gpqvtgdipxlpep7jdn5c0xgpqvtg9rq1","cargo_no_time","Cientista de Dados","2025"
"gpqvtgdipxlpep7jdn5c0xgpqvtg9rq1","cargo_no_time","DBA","2025"
"gpqvtgdipxlpep7jdn5c0xgpqvtg9rq1","cargo_no_time","Analista de BI","2025"
"h4r5gfzqsvm871d7f9b1h4r5gfvs09ye","cargo_no_time","Cientista de Dados","2025"
"h4r5gfzqsvm871d7f9b1h4r5gfvs09ye","cargo_no_time","DBA","2025"
"h4r5gfzqsvm871d7f9b1h4r5gfvs09ye","cargo_no_time","Analista de BI","2025"
"h4r5gfzqsvm871d7f9b1h4r5gfvs09ye","cargo_no_time","Business Analyst","2025"
"h4r5gfzqsvm871d7f9b1h4r5gfvs09ye","cargo_no_time","ML/AI Engineer","2025"
"d67lejvvovycgtvprfm6ch1o7d67lej3","cargo_no_time","Engenharia de Dados","2025"
"d67lejvvovycgtvprfm6ch1o7d67lej3","cargo_no_time","Analista de Dados","2025"
"d67lejvvovycgtvprfm6ch1o7d67lej3","cargo_no_time","Cientista de Dados","2025"
"d67lejvvovycgtvprfm6ch1o7d67lej3","cargo_no_time","Analista de BI","2025"
"d67lejvvovycgtvprfm6ch1o7d67lej3","cargo_no_time","ML/AI Engineer","2025"
"57s4w6lvhovipmcc557sy4yco7ocxtce","cargo_no_time","Engenharia de Dados","2025"
"57s4w6lvhovipmcc557sy4yco7ocxtce","cargo_no_time","Analista de Dados","2025"
"57s4w6lvhovipmcc557sy4yco7ocxtce","cargo_no_time","Cientista de Dados","2025"
"57s4w6lvhovipmcc557sy4yco7ocxtce","cargo_no_time","Analista de BI","2025"
"57s4w6lvhovipmcc557sy4yco7ocxtce","cargo_no_time","Business Analyst","2025"
"he98irlldjra8o5nbxvveehe98irztiu","cargo_no_time","Analytics Engineer","2025"
"xb06nai3zl6o24a988vaxb06nahnwfjd","cargo_no_time","Engenharia de Dados","2025"
"xb06nai3zl6o24a988vaxb06nahnwfjd","cargo_no_time","Cientista de Dados","2025"
"xb06nai3zl6o24a988vaxb06nahnwfjd","cargo_no_time","Analista de BI","2025"
"xxyyjjc2lzf74xxyyjw1h26up2xzbcw1","cargo_no_time","Engenharia de Dados","2025"
"xxyyjjc2lzf74xxyyjw1h26up2xzbcw1","cargo_no_time","Analista de Dados","2025"
"xxyyjjc2lzf74xxyyjw1h26up2xzbcw1","cargo_no_time","Arquiteto de Dados","2025"
"wpvbs3ujnanf0fbipbywpvbs31hn7e1s","cargo_no_time","Engenharia de Dados","2025"
"wpvbs3ujnanf0fbipbywpvbs31hn7e1s","cargo_no_time","Analista de Dados","2025"
"wt14nl7xgp5q97wt14nlohldi8201fs3","cargo_no_time","ML/AI Engineer","2025"
"t2r0rcye1215ojlvlbwpt2r0r209i4el","cargo_no_time","Engenharia de Dados","2025"
"t2r0rcye1215ojlvlbwpt2r0r209i4el","cargo_no_time","Arquiteto de Dados","2025"
"t2r0rcye1215ojlvlbwpt2r0r209i4el","cargo_no_time","ML/AI Engineer","2025"
"bq1fhjhbc7f04rf0hvxbq1fhjh8ozv48","cargo_no_time","Engenharia de Dados","2025"
"bq1fhjhbc7f04rf0hvxbq1fhjh8ozv48","cargo_no_time","Analista de Dados","2025"
"bq1fhjhbc7f04rf0hvxbq1fhjh8ozv48","cargo_no_time","Cientista de Dados","2025"
"bq1fhjhbc7f04rf0hvxbq1fhjh8ozv48","cargo_no_time","Analista de BI","2025"
"bq1fhjhbc7f04rf0hvxbq1fhjh8ozv48","cargo_no_time","Arquiteto de Dados","2025"
"bq1fhjhbc7f04rf0hvxbq1fhjh8ozv48","cargo_no_time","Business Analyst","2025"
"bq1fhjhbc7f04rf0hvxbq1fhjh8ozv48","cargo_no_time","ML/AI Engineer","2025"
"zd6wip6vz4afowj3z1jszd6wip6vdsn4","cargo_no_time","Analytics Engineer","2025"
"zd6wip6vz4afowj3z1jszd6wip6vdsn4","cargo_no_time","Engenharia de Dados","2025"
"zd6wip6vz4afowj3z1jszd6wip6vdsn4","cargo_no_time","Analista de Dados","2025"
"zd6wip6vz4afowj3z1jszd6wip6vdsn4","cargo_no_time","Cientista de Dados","2025"
"zd6wip6vz4afowj3z1jszd6wip6vdsn4","cargo_no_time","DBA","2025"
"zd6wip6vz4afowj3z1jszd6wip6vdsn4","cargo_no_time","Analista de BI","2025"
"zd6wip6vz4afowj3z1jszd6wip6vdsn4","cargo_no_time","Arquiteto de Dados","2025"
"zd6wip6vz4afowj3z1jszd6wip6vdsn4","cargo_no_time","Data Product Manager","2025"
"zd6wip6vz4afowj3z1jszd6wip6vdsn4","cargo_no_time","Business Analyst","2025"
"zd6wip6vz4afowj3z1jszd6wip6vdsn4","cargo_no_time","ML/AI Engineer","2025"
"j3lkwkscntblrj3lkwksw4kz8g9bxnvg","cargo_no_time","Engenharia de Dados","2025"
"j3lkwkscntblrj3lkwksw4kz8g9bxnvg","cargo_no_time","Analista de BI","2025"
"oh8hl71r5b03j9eyeoh8hl71dz5pp9uy","cargo_no_time","Analytics Engineer","2025"
"he98irlldjra8o5nbxvveehe98irztiu","cargo_no_time","Analista de BI","2025"
"yut8l5qr5sz7zp87zgpfziyut8l5qrfc","cargo_no_time","Analytics Engineer","2025"
"yut8l5qr5sz7zp87zgpfziyut8l5qrfc","cargo_no_time","Engenharia de Dados","2025"
"yut8l5qr5sz7zp87zgpfziyut8l5qrfc","cargo_no_time","Analista de BI","2025"
"yut8l5qr5sz7zp87zgpfziyut8l5qrfc","cargo_no_time","Data Product Manager","2025"
"zoqs2vdr2jk6qae6zoqs267si05unsxt","cargo_no_time","Analytics Engineer","2025"
"zoqs2vdr2jk6qae6zoqs267si05unsxt","cargo_no_time","Engenharia de Dados","2025"
"zoqs2vdr2jk6qae6zoqs267si05unsxt","cargo_no_time","Analista de Dados","2025"
"zoqs2vdr2jk6qae6zoqs267si05unsxt","cargo_no_time","Cientista de Dados","2025"
"zoqs2vdr2jk6qae6zoqs267si05unsxt","cargo_no_time","DBA","2025"
"zoqs2vdr2jk6qae6zoqs267si05unsxt","cargo_no_time","Analista de BI","2025"
"zoqs2vdr2jk6qae6zoqs267si05unsxt","cargo_no_time","Business Analyst","2025"
"zoqs2vdr2jk6qae6zoqs267si05unsxt","cargo_no_time","ML/AI Engineer","2025"
"a69ol5hmv9fsuwfa691u3fk9he9k54gm","cargo_no_time","Analista de Dados","2025"
"a69ol5hmv9fsuwfa691u3fk9he9k54gm","cargo_no_time","Cientista de Dados","2025"
"a69ol5hmv9fsuwfa691u3fk9he9k54gm","cargo_no_time","Analista de BI","2025"
"a69ol5hmv9fsuwfa691u3fk9he9k54gm","cargo_no_time","Business Analyst","2025"
"exx2xzcbyai1tafs3o6me9x5exx2xzcj","cargo_no_time","Engenharia de Dados","2025"
"exx2xzcbyai1tafs3o6me9x5exx2xzcj","cargo_no_time","Analista de Dados","2025"
"exx2xzcbyai1tafs3o6me9x5exx2xzcj","cargo_no_time","Analista de BI","2025"
"exx2xzcbyai1tafs3o6me9x5exx2xzcj","cargo_no_time","ML/AI Engineer","2025"
"xhh0ftu0mkr93xh8sd1v4rqwp6ofe08s","cargo_no_time","Analytics Engineer","2025"
"xhh0ftu0mkr93xh8sd1v4rqwp6ofe08s","cargo_no_time","Engenharia de Dados","2025"
"xhh0ftu0mkr93xh8sd1v4rqwp6ofe08s","cargo_no_time","Analista de Dados","2025"
"xhh0ftu0mkr93xh8sd1v4rqwp6ofe08s","cargo_no_time","Arquiteto de Dados","2025"
"w1flmzm1489zugk6t5s6w1flmzupt9sh","cargo_no_time","Analytics Engineer","2025"
"w1flmzm1489zugk6t5s6w1flmzupt9sh","cargo_no_time","Engenharia de Dados","2025"
"w1flmzm1489zugk6t5s6w1flmzupt9sh","cargo_no_time","Analista de Dados","2025"
"w1flmzm1489zugk6t5s6w1flmzupt9sh","cargo_no_time","Cientista de Dados","2025"
"w1flmzm1489zugk6t5s6w1flmzupt9sh","cargo_no_time","DBA","2025"
"w1flmzm1489zugk6t5s6w1flmzupt9sh","cargo_no_time","Analista de BI","2025"
"w1flmzm1489zugk6t5s6w1flmzupt9sh","cargo_no_time","Arquiteto de Dados","2025"
"w1flmzm1489zugk6t5s6w1flmzupt9sh","cargo_no_time","Data Product Manager","2025"
"w1flmzm1489zugk6t5s6w1flmzupt9sh","cargo_no_time","Business Analyst","2025"
"w1flmzm1489zugk6t5s6w1flmzupt9sh","cargo_no_time","ML/AI Engineer","2025"
"trk844qh6cuyi780puptrk84fqver1g9","cargo_no_time","Analista de BI","2025"
"mp9kflyo12rttdyxlmp9rc926z546qji","cargo_no_time","Analytics Engineer","2025"
"mp9kflyo12rttdyxlmp9rc926z546qji","cargo_no_time","Cientista de Dados","2025"
"mp9kflyo12rttdyxlmp9rc926z546qji","cargo_no_time","Business Analyst","2025"
"mp9kflyo12rttdyxlmp9rc926z546qji","cargo_no_time","ML/AI Engineer","2025"
"a3xww42in62avaejhfmo6a3xw2p9mr9w","cargo_no_time","Engenharia de Dados","2025"
"a3xww42in62avaejhfmo6a3xw2p9mr9w","cargo_no_time","Analista de Dados","2025"
"a3xww42in62avaejhfmo6a3xw2p9mr9w","cargo_no_time","Cientista de Dados","2025"
"a3xww42in62avaejhfmo6a3xw2p9mr9w","cargo_no_time","DBA","2025"
"6btl11i4aew90v6btl552v39zu2d937k","cargo_no_time","Analytics Engineer","2025"
"6btl11i4aew90v6btl552v39zu2d937k","cargo_no_time","Analista de Dados","2025"
"6btl11i4aew90v6btl552v39zu2d937k","cargo_no_time","Cientista de Dados","2025"
"6btl11i4aew90v6btl552v39zu2d937k","cargo_no_time","Analista de BI","2025"
"6btl11i4aew90v6btl552v39zu2d937k","cargo_no_time","Business Analyst","2025"
"zavijl10wdiptxr53k2zavijmbspkqbr","cargo_no_time","Engenharia de Dados","2025"
"zavijl10wdiptxr53k2zavijmbspkqbr","cargo_no_time","Analista de Dados","2025"
"zavijl10wdiptxr53k2zavijmbspkqbr","cargo_no_time","Arquiteto de Dados","2025"
"zavijl10wdiptxr53k2zavijmbspkqbr","cargo_no_time","Data Product Manager","2025"
"zavijl10wdiptxr53k2zavijmbspkqbr","cargo_no_time","Business Analyst","2025"
"bptcng2s21m7a35bptcnhymzbnrriqm7","cargo_no_time","Analista de Dados","2025"
"pmflmasfhoopkocjog8elypmflmasfuk","cargo_no_time","Engenharia de Dados","2025"
"pmflmasfhoopkocjog8elypmflmasfuk","cargo_no_time","Cientista de Dados","2025"
"pmflmasfhoopkocjog8elypmflmasfuk","cargo_no_time","ML/AI Engineer","2025"
"ru6ktsio277k4k1t7ru6q5mabugj1qft","cargo_no_time","Analista de BI","2025"
"ro8h1fhmd9thnfftumyro8h1fhm66pla","cargo_no_time","Analytics Engineer","2025"
"ro8h1fhmd9thnfftumyro8h1fhm66pla","cargo_no_time","Engenharia de Dados","2025"
"ro8h1fhmd9thnfftumyro8h1fhm66pla","cargo_no_time","Analista de Dados","2025"
"ro8h1fhmd9thnfftumyro8h1fhm66pla","cargo_no_time","Cientista de Dados","2025"
"ro8h1fhmd9thnfftumyro8h1fhm66pla","cargo_no_time","Analista de BI","2025"
"ro8h1fhmd9thnfftumyro8h1fhm66pla","cargo_no_time","Arquiteto de Dados","2025"
"ro8h1fhmd9thnfftumyro8h1fhm66pla","cargo_no_time","Business Analyst","2025"
"fjbum3eay0yghinnz3cfjbum3t94g4z1","cargo_no_time","Analista de Dados","2025"
"fjbum3eay0yghinnz3cfjbum3t94g4z1","cargo_no_time","Cientista de Dados","2025"
"fjbum3eay0yghinnz3cfjbum3t94g4z1","cargo_no_time","Analista de BI","2025"
"fjbum3eay0yghinnz3cfjbum3t94g4z1","cargo_no_time","Arquiteto de Dados","2025"
"fjbum3eay0yghinnz3cfjbum3t94g4z1","cargo_no_time","Business Analyst","2025"
"z2ks0bpf1cbipqf4uin6luz2ks0bphjr","cargo_no_time","Analytics Engineer","2025"
"z2ks0bpf1cbipqf4uin6luz2ks0bphjr","cargo_no_time","Analista de Dados","2025"
"z2ks0bpf1cbipqf4uin6luz2ks0bphjr","cargo_no_time","Cientista de Dados","2025"
"z2ks0bpf1cbipqf4uin6luz2ks0bphjr","cargo_no_time","Data Product Manager","2025"
"dml5cxw0j20k98za6hdml5cau1a24203","cargo_no_time","Analista de Dados","2025"
"vahcte9bqmp2r8joivahcte97rqletng","cargo_no_time","Engenharia de Dados","2025"
"vahcte9bqmp2r8joivahcte97rqletng","cargo_no_time","Analista de Dados","2025"
"vahcte9bqmp2r8joivahcte97rqletng","cargo_no_time","Cientista de Dados","2025"
"vahcte9bqmp2r8joivahcte97rqletng","cargo_no_time","Analista de BI","2025"
"vahcte9bqmp2r8joivahcte97rqletng","cargo_no_time","Business Analyst","2025"
"xdzra3jv6v3ts63xdzr5o8qyd7dhkdr7","cargo_no_time","Engenharia de Dados","2025"
"xdzra3jv6v3ts63xdzr5o8qyd7dhkdr7","cargo_no_time","Analista de Dados","2025"
"xdzra3jv6v3ts63xdzr5o8qyd7dhkdr7","cargo_no_time","Cientista de Dados","2025"
"oh8hl71r5b03j9eyeoh8hl71dz5pp9uy","cargo_no_time","Engenharia de Dados","2025"
"oh8hl71r5b03j9eyeoh8hl71dz5pp9uy","cargo_no_time","Analista de Dados","2025"
"oh8hl71r5b03j9eyeoh8hl71dz5pp9uy","cargo_no_time","Cientista de Dados","2025"
"oh8hl71r5b03j9eyeoh8hl71dz5pp9uy","cargo_no_time","Analista de BI","2025"
"oh8hl71r5b03j9eyeoh8hl71dz5pp9uy","cargo_no_time","Business Analyst","2025"
"oh8hl71r5b03j9eyeoh8hl71dz5pp9uy","cargo_no_time","ML/AI Engineer","2025"
"oehsgm2jllgv6xnxsgnoehsgm21l3v8q","cargo_no_time","Analytics Engineer","2025"
"oehsgm2jllgv6xnxsgnoehsgm21l3v8q","cargo_no_time","Engenharia de Dados","2025"
"oehsgm2jllgv6xnxsgnoehsgm21l3v8q","cargo_no_time","Analista de Dados","2025"
"oehsgm2jllgv6xnxsgnoehsgm21l3v8q","cargo_no_time","Cientista de Dados","2025"
"oehsgm2jllgv6xnxsgnoehsgm21l3v8q","cargo_no_time","DBA","2025"
"oehsgm2jllgv6xnxsgnoehsgm21l3v8q","cargo_no_time","Analista de BI","2025"
"oehsgm2jllgv6xnxsgnoehsgm21l3v8q","cargo_no_time","Arquiteto de Dados","2025"
"oehsgm2jllgv6xnxsgnoehsgm21l3v8q","cargo_no_time","ML/AI Engineer","2025"
"k4cnxafo1pj2d9k6k4cnu0ehzvklp25a","cargo_no_time","Analytics Engineer","2025"
"k4cnxafo1pj2d9k6k4cnu0ehzvklp25a","cargo_no_time","Engenharia de Dados","2025"
"k4cnxafo1pj2d9k6k4cnu0ehzvklp25a","cargo_no_time","Analista de Dados","2025"
"k4cnxafo1pj2d9k6k4cnu0ehzvklp25a","cargo_no_time","DBA","2025"
"k4cnxafo1pj2d9k6k4cnu0ehzvklp25a","cargo_no_time","Analista de BI","2025"
"2w39r8nkuawudtwewh2w39r8nk6ega9e","cargo_no_time","Analytics Engineer","2025"
"2w39r8nkuawudtwewh2w39r8nk6ega9e","cargo_no_time","Engenharia de Dados","2025"
"2w39r8nkuawudtwewh2w39r8nk6ega9e","cargo_no_time","Analista de Dados","2025"
"2w39r8nkuawudtwewh2w39r8nk6ega9e","cargo_no_time","Cientista de Dados","2025"
"2w39r8nkuawudtwewh2w39r8nk6ega9e","cargo_no_time","Data Product Manager","2025"
"2w39r8nkuawudtwewh2w39r8nk6ega9e","cargo_no_time","ML/AI Engineer","2025"
"y850qsbihu5anvp84y850qsj3dttudfw","cargo_no_time","DBA","2025"
"y850qsbihu5anvp84y850qsj3dttudfw","cargo_no_time","Analista de BI","2025"
"y850qsbihu5anvp84y850qsj3dttudfw","cargo_no_time","Business Analyst","2025"
"e4ta8cl80sp922vt1uuae4ta8car7lbi","cargo_no_time","Analista de Dados","2025"
"e4ta8cl80sp922vt1uuae4ta8car7lbi","cargo_no_time","Cientista de Dados","2025"
"e4ta8cl80sp922vt1uuae4ta8car7lbi","cargo_no_time","Analista de BI","2025"
"e4ta8cl80sp922vt1uuae4ta8car7lbi","cargo_no_time","Arquiteto de Dados","2025"
"4efgm3qdfhxph9qfmlp3tt4efgm3xbwb","cargo_no_time","Analista de Dados","2025"
"n6su7xnv8jozh6phn6su7m4tvxrtsur4","cargo_no_time","Analista de Dados","2025"
"n6su7xnv8jozh6phn6su7m4tvxrtsur4","cargo_no_time","Cientista de Dados","2025"
"vmk5ily912u4fff47ioalvmk5irli0u4","cargo_no_time","Engenharia de Dados","2025"
"vmk5ily912u4fff47ioalvmk5irli0u4","cargo_no_time","Analista de Dados","2025"
"vmk5ily912u4fff47ioalvmk5irli0u4","cargo_no_time","Analista de BI","2025"
"vmk5ily912u4fff47ioalvmk5irli0u4","cargo_no_time","Arquiteto de Dados","2025"
"fcp9sr6ey4ihdafcqkb55mdou1415gqk","cargo_no_time","Analista de Dados","2025"
"abmekan5kzbabmz1jdk7nf65i1bsa04i","cargo_no_time","Analista de Dados","2025"
"abmekan5kzbabmz1jdk7nf65i1bsa04i","cargo_no_time","Cientista de Dados","2025"
"abmekan5kzbabmz1jdk7nf65i1bsa04i","cargo_no_time","DBA","2025"
"abmekan5kzbabmz1jdk7nf65i1bsa04i","cargo_no_time","Analista de BI","2025"
"abmekan5kzbabmz1jdk7nf65i1bsa04i","cargo_no_time","Business Analyst","2025"
"jkodzjz4p4zu7oa05n4bmjkodzjzvtnq","cargo_no_time","Engenharia de Dados","2025"
"jkodzjz4p4zu7oa05n4bmjkodzjzvtnq","cargo_no_time","Analista de Dados","2025"
"jkodzjz4p4zu7oa05n4bmjkodzjzvtnq","cargo_no_time","Cientista de Dados","2025"
"jkodzjz4p4zu7oa05n4bmjkodzjzvtnq","cargo_no_time","ML/AI Engineer","2025"
"un7c8dnfb258q3v0xcfysun7c8dnwd2b","cargo_no_time","Engenharia de Dados","2025"
"un7c8dnfb258q3v0xcfysun7c8dnwd2b","cargo_no_time","Analista de Dados","2025"
"un7c8dnfb258q3v0xcfysun7c8dnwd2b","cargo_no_time","Cientista de Dados","2025"
"un7c8dnfb258q3v0xcfysun7c8dnwd2b","cargo_no_time","ML/AI Engineer","2025"
"97015uqygh8vg45s9706qkm6ia2uc53e","cargo_no_time","Engenharia de Dados","2025"
"dntpltt2wzm4bvuutezrzdntplnvn5v9","cargo_no_time","Analytics Engineer","2025"
"dntpltt2wzm4bvuutezrzdntplnvn5v9","cargo_no_time","Engenharia de Dados","2025"
"dntpltt2wzm4bvuutezrzdntplnvn5v9","cargo_no_time","Business Analyst","2025"
"bzn32qzpjzdo9nbzn32qzyrhxbtuuqms","cargo_no_time","Engenharia de Dados","2025"
"bzn32qzpjzdo9nbzn32qzyrhxbtuuqms","cargo_no_time","Analista de Dados","2025"
"bzn32qzpjzdo9nbzn32qzyrhxbtuuqms","cargo_no_time","Cientista de Dados","2025"
"bzn32qzpjzdo9nbzn32qzyrhxbtuuqms","cargo_no_time","ML/AI Engineer","2025"
"irxtcxlpbpia4wtqtyiew5cirxtcx6k5","cargo_no_time","Analytics Engineer","2025"
"irxtcxlpbpia4wtqtyiew5cirxtcx6k5","cargo_no_time","Engenharia de Dados","2025"
"irxtcxlpbpia4wtqtyiew5cirxtcx6k5","cargo_no_time","Analista de Dados","2025"
"irxtcxlpbpia4wtqtyiew5cirxtcx6k5","cargo_no_time","Cientista de Dados","2025"
"irxtcxlpbpia4wtqtyiew5cirxtcx6k5","cargo_no_time","Analista de BI","2025"
"irxtcxlpbpia4wtqtyiew5cirxtcx6k5","cargo_no_time","Arquiteto de Dados","2025"
"irxtcxlpbpia4wtqtyiew5cirxtcx6k5","cargo_no_time","Data Product Manager","2025"
"irxtcxlpbpia4wtqtyiew5cirxtcx6k5","cargo_no_time","Business Analyst","2025"
"irxtcxlpbpia4wtqtyiew5cirxtcx6k5","cargo_no_time","ML/AI Engineer","2025"
"uyzmwaqz0f6anytny11cuyzmav3t2rtm","cargo_no_time","Analista de Dados","2025"
"ykrfityego7o38g6yay5pykrfitkd8e0","cargo_no_time","Analytics Engineer","2025"
"ykrfityego7o38g6yay5pykrfitkd8e0","cargo_no_time","Engenharia de Dados","2025"
"ykrfityego7o38g6yay5pykrfitkd8e0","cargo_no_time","Analista de Dados","2025"
"ykrfityego7o38g6yay5pykrfitkd8e0","cargo_no_time","Cientista de Dados","2025"
"ykrfityego7o38g6yay5pykrfitkd8e0","cargo_no_time","Analista de BI","2025"
"ykrfityego7o38g6yay5pykrfitkd8e0","cargo_no_time","Business Analyst","2025"
"ykrfityego7o38g6yay5pykrfitkd8e0","cargo_no_time","ML/AI Engineer","2025"
"2jmtrm7x0cb495ux2m2jmtrai6aiot7r","cargo_no_time","Analista de Dados","2025"
"2jmtrm7x0cb495ux2m2jmtrai6aiot7r","cargo_no_time","DBA","2025"
"2jmtrm7x0cb495ux2m2jmtrai6aiot7r","cargo_no_time","Analista de BI","2025"
"2jmtrm7x0cb495ux2m2jmtrai6aiot7r","cargo_no_time","Arquiteto de Dados","2025"
"2jmtrm7x0cb495ux2m2jmtrai6aiot7r","cargo_no_time","Data Product Manager","2025"
"2jmtrm7x0cb495ux2m2jmtrai6aiot7r","cargo_no_time","Business Analyst","2025"
"1s5ale5woqkx5tr1sdlpsup1vcn3th74","cargo_no_time","Analytics Engineer","2025"
"1s5ale5woqkx5tr1sdlpsup1vcn3th74","cargo_no_time","Engenharia de Dados","2025"
"1s5ale5woqkx5tr1sdlpsup1vcn3th74","cargo_no_time","Analista de Dados","2025"
"1s5ale5woqkx5tr1sdlpsup1vcn3th74","cargo_no_time","Cientista de Dados","2025"
"1s5ale5woqkx5tr1sdlpsup1vcn3th74","cargo_no_time","DBA","2025"
"1s5ale5woqkx5tr1sdlpsup1vcn3th74","cargo_no_time","Analista de BI","2025"
"1s5ale5woqkx5tr1sdlpsup1vcn3th74","cargo_no_time","Arquiteto de Dados","2025"
"1s5ale5woqkx5tr1sdlpsup1vcn3th74","cargo_no_time","Data Product Manager","2025"
"1s5ale5woqkx5tr1sdlpsup1vcn3th74","cargo_no_time","Business Analyst","2025"
"1s5ale5woqkx5tr1sdlpsup1vcn3th74","cargo_no_time","ML/AI Engineer","2025"
"9s0zj0qv9ge3tudop9s0zj7ok11r2w9o","cargo_no_time","Engenharia de Dados","2025"
"9s0zj0qv9ge3tudop9s0zj7ok11r2w9o","cargo_no_time","Analista de Dados","2025"
"9s0zj0qv9ge3tudop9s0zj7ok11r2w9o","cargo_no_time","Cientista de Dados","2025"
"9s0zj0qv9ge3tudop9s0zj7ok11r2w9o","cargo_no_time","Analista de BI","2025"
"9s0zj0qv9ge3tudop9s0zj7ok11r2w9o","cargo_no_time","Arquiteto de Dados","2025"
"3s6kg832hnjdc0c3s6kg451bo2817t0e","cargo_no_time","Engenharia de Dados","2025"
"3s6kg832hnjdc0c3s6kg451bo2817t0e","cargo_no_time","Analista de BI","2025"
"sq96dz1bmu37csrstzusq96dz6mkr8zk","cargo_no_time","Analista de Dados","2025"
"fjuisbp0ddlxlfjuv83rlu01zr1pyhzc","cargo_no_time","Engenharia de Dados","2025"
"fjuisbp0ddlxlfjuv83rlu01zr1pyhzc","cargo_no_time","Analista de BI","2025"
"fjuisbp0ddlxlfjuv83rlu01zr1pyhzc","cargo_no_time","Business Analyst","2025"
"jmzodyrjiaohxyjeujrjmzodyklmbxjv","cargo_no_time","Cientista de Dados","2025"
"jmzodyrjiaohxyjeujrjmzodyklmbxjv","cargo_no_time","Business Analyst","2025"
"jmzodyrjiaohxyjeujrjmzodyklmbxjv","cargo_no_time","ML/AI Engineer","2025"
"s444kpxsbk7hy6qa2oz7i4s444kpxsb0","cargo_no_time","Engenharia de Dados","2025"
"s444kpxsbk7hy6qa2oz7i4s444kpxsb0","cargo_no_time","Analista de Dados","2025"
"s444kpxsbk7hy6qa2oz7i4s444kpxsb0","cargo_no_time","Cientista de Dados","2025"
"s444kpxsbk7hy6qa2oz7i4s444kpxsb0","cargo_no_time","Arquiteto de Dados","2025"
"s444kpxsbk7hy6qa2oz7i4s444kpxsb0","cargo_no_time","ML/AI Engineer","2025"
"z4457rosfrdms1r0417z4457rfyu1izs","cargo_no_time","Engenharia de Dados","2025"
"z4457rosfrdms1r0417z4457rfyu1izs","cargo_no_time","Analista de Dados","2025"
"z4457rosfrdms1r0417z4457rfyu1izs","cargo_no_time","Analista de BI","2025"
"z4457rosfrdms1r0417z4457rfyu1izs","cargo_no_time","Business Analyst","2025"
"gn98s3czy8z8itmj0tkgn98s38bppk7s","cargo_no_time","Engenharia de Dados","2025"
"gn98s3czy8z8itmj0tkgn98s38bppk7s","cargo_no_time","Analista de Dados","2025"
"gn98s3czy8z8itmj0tkgn98s38bppk7s","cargo_no_time","Analista de BI","2025"
"gn98s3czy8z8itmj0tkgn98s38bppk7s","cargo_no_time","Arquiteto de Dados","2025"
"gn98s3czy8z8itmj0tkgn98s38bppk7s","cargo_no_time","Business Analyst","2025"
"4gepxrdgmnpy8876tz4gepxiahqoj4c5","cargo_no_time","Engenharia de Dados","2025"
"4gepxrdgmnpy8876tz4gepxiahqoj4c5","cargo_no_time","Analista de BI","2025"
"5k67v1y0c8co65k509wognaoitbjb4j0","cargo_no_time","Analytics Engineer","2025"
"5k67v1y0c8co65k509wognaoitbjb4j0","cargo_no_time","Engenharia de Dados","2025"
"5k67v1y0c8co65k509wognaoitbjb4j0","cargo_no_time","Analista de Dados","2025"
"5k67v1y0c8co65k509wognaoitbjb4j0","cargo_no_time","Cientista de Dados","2025"
"5k67v1y0c8co65k509wognaoitbjb4j0","cargo_no_time","Data Product Manager","2025"
"5k67v1y0c8co65k509wognaoitbjb4j0","cargo_no_time","Business Analyst","2025"
"5k67v1y0c8co65k509wognaoitbjb4j0","cargo_no_time","ML/AI Engineer","2025"
"eqa40jp501tx2lgutu2sxcweqa40jpi3","cargo_no_time","Engenharia de Dados","2025"
"eqa40jp501tx2lgutu2sxcweqa40jpi3","cargo_no_time","Cientista de Dados","2025"
"eqa40jp501tx2lgutu2sxcweqa40jpi3","cargo_no_time","Analista de BI","2025"
"eqa40jp501tx2lgutu2sxcweqa40jpi3","cargo_no_time","Business Analyst","2025"
"99zf3pe3eg7dffb9g999zfijztp5mw9h","cargo_no_time","Analytics Engineer","2025"
"99zf3pe3eg7dffb9g999zfijztp5mw9h","cargo_no_time","Engenharia de Dados","2025"
"99zf3pe3eg7dffb9g999zfijztp5mw9h","cargo_no_time","Cientista de Dados","2025"
"99zf3pe3eg7dffb9g999zfijztp5mw9h","cargo_no_time","DBA","2025"
"99zf3pe3eg7dffb9g999zfijztp5mw9h","cargo_no_time","Arquiteto de Dados","2025"
"99zf3pe3eg7dffb9g999zfijztp5mw9h","cargo_no_time","Data Product Manager","2025"
"99zf3pe3eg7dffb9g999zfijztp5mw9h","cargo_no_time","Business Analyst","2025"
"99zf3pe3eg7dffb9g999zfijztp5mw9h","cargo_no_time","ML/AI Engineer","2025"
"8ns7y4w5h77ammpksu8ns7q6hjh8es7r","cargo_no_time","Engenharia de Dados","2025"
"8ns7y4w5h77ammpksu8ns7q6hjh8es7r","cargo_no_time","Cientista de Dados","2025"
"8ns7y4w5h77ammpksu8ns7q6hjh8es7r","cargo_no_time","Arquiteto de Dados","2025"
"8ns7y4w5h77ammpksu8ns7q6hjh8es7r","cargo_no_time","Business Analyst","2025"
"clfp9dtix3l651fsv8opclfp9dti15y4","cargo_no_time","Analytics Engineer","2025"
"clfp9dtix3l651fsv8opclfp9dti15y4","cargo_no_time","Engenharia de Dados","2025"
"clfp9dtix3l651fsv8opclfp9dti15y4","cargo_no_time","Analista de Dados","2025"
"clfp9dtix3l651fsv8opclfp9dti15y4","cargo_no_time","Cientista de Dados","2025"
"clfp9dtix3l651fsv8opclfp9dti15y4","cargo_no_time","Analista de BI","2025"
"clfp9dtix3l651fsv8opclfp9dti15y4","cargo_no_time","Arquiteto de Dados","2025"
"clfp9dtix3l651fsv8opclfp9dti15y4","cargo_no_time","ML/AI Engineer","2025"
"0yvq8ucvatptan1ye032hl0yvq8ucgy5","cargo_no_time","Analytics Engineer","2025"
"0yvq8ucvatptan1ye032hl0yvq8ucgy5","cargo_no_time","Engenharia de Dados","2025"
"0yvq8ucvatptan1ye032hl0yvq8ucgy5","cargo_no_time","Analista de Dados","2025"
"0yvq8ucvatptan1ye032hl0yvq8ucgy5","cargo_no_time","Cientista de Dados","2025"
"0yvq8ucvatptan1ye032hl0yvq8ucgy5","cargo_no_time","Arquiteto de Dados","2025"
"0yvq8ucvatptan1ye032hl0yvq8ucgy5","cargo_no_time","Data Product Manager","2025"
"0yvq8ucvatptan1ye032hl0yvq8ucgy5","cargo_no_time","ML/AI Engineer","2025"
"uawmsh9514bmliomhgmcuawmsh907gxu","cargo_no_time","Business Analyst","2025"
"qmw4e4zmr085blqmem0nennsdsr312ji","cargo_no_time","Engenharia de Dados","2025"
"qmw4e4zmr085blqmem0nennsdsr312ji","cargo_no_time","Analista de Dados","2025"
"qmw4e4zmr085blqmem0nennsdsr312ji","cargo_no_time","DBA","2025"
"qmw4e4zmr085blqmem0nennsdsr312ji","cargo_no_time","Arquiteto de Dados","2025"
"qmw4e4zmr085blqmem0nennsdsr312ji","cargo_no_time","Data Product Manager","2025"
"5pap04c03xiu5fs89i5papjgvxkokc5e","cargo_no_time","Analytics Engineer","2025"
"5pap04c03xiu5fs89i5papjgvxkokc5e","cargo_no_time","Engenharia de Dados","2025"
"5pap04c03xiu5fs89i5papjgvxkokc5e","cargo_no_time","Analista de Dados","2025"
"5pap04c03xiu5fs89i5papjgvxkokc5e","cargo_no_time","Cientista de Dados","2025"
"5pap04c03xiu5fs89i5papjgvxkokc5e","cargo_no_time","Analista de BI","2025"
"5pap04c03xiu5fs89i5papjgvxkokc5e","cargo_no_time","Arquiteto de Dados","2025"
"5pap04c03xiu5fs89i5papjgvxkokc5e","cargo_no_time","Business Analyst","2025"
"nwlewzjy0il2yiu1w2knwlev1kwru7so","cargo_no_time","Engenharia de Dados","2025"
"nwlewzjy0il2yiu1w2knwlev1kwru7so","cargo_no_time","Analista de Dados","2025"
"nwlewzjy0il2yiu1w2knwlev1kwru7so","cargo_no_time","Analista de BI","2025"
"faqdkgmsbxyd8io7dev938s4vfaqdkgm","cargo_no_time","Analytics Engineer","2025"
"faqdkgmsbxyd8io7dev938s4vfaqdkgm","cargo_no_time","Engenharia de Dados","2025"
"faqdkgmsbxyd8io7dev938s4vfaqdkgm","cargo_no_time","Cientista de Dados","2025"
"faqdkgmsbxyd8io7dev938s4vfaqdkgm","cargo_no_time","Analista de BI","2025"
"faqdkgmsbxyd8io7dev938s4vfaqdkgm","cargo_no_time","Arquiteto de Dados","2025"
"faqdkgmsbxyd8io7dev938s4vfaqdkgm","cargo_no_time","ML/AI Engineer","2025"
"36d0k61nvd6v53c1tax8u2547zrkk8l6","cargo_no_time","Analytics Engineer","2025"
"36d0k61nvd6v53c1tax8u2547zrkk8l6","cargo_no_time","Engenharia de Dados","2025"
"36d0k61nvd6v53c1tax8u2547zrkk8l6","cargo_no_time","Analista de Dados","2025"
"36d0k61nvd6v53c1tax8u2547zrkk8l6","cargo_no_time","Cientista de Dados","2025"
"36d0k61nvd6v53c1tax8u2547zrkk8l6","cargo_no_time","DBA","2025"
"36d0k61nvd6v53c1tax8u2547zrkk8l6","cargo_no_time","Analista de BI","2025"
"36d0k61nvd6v53c1tax8u2547zrkk8l6","cargo_no_time","Arquiteto de Dados","2025"
"36d0k61nvd6v53c1tax8u2547zrkk8l6","cargo_no_time","Data Product Manager","2025"
"36d0k61nvd6v53c1tax8u2547zrkk8l6","cargo_no_time","Business Analyst","2025"
"36d0k61nvd6v53c1tax8u2547zrkk8l6","cargo_no_time","ML/AI Engineer","2025"
"izbtzaoq0tmwowq2npizbtzazr7428js","cargo_no_time","Analytics Engineer","2025"
"izbtzaoq0tmwowq2npizbtzazr7428js","cargo_no_time","Engenharia de Dados","2025"
"izbtzaoq0tmwowq2npizbtzazr7428js","cargo_no_time","Analista de Dados","2025"
"izbtzaoq0tmwowq2npizbtzazr7428js","cargo_no_time","Cientista de Dados","2025"
"izbtzaoq0tmwowq2npizbtzazr7428js","cargo_no_time","Analista de BI","2025"
"izbtzaoq0tmwowq2npizbtzazr7428js","cargo_no_time","ML/AI Engineer","2025"
"ce58z4shtlbpy3ch0ma5ce58zur0nn1e","cargo_no_time","Engenharia de Dados","2025"
"ce58z4shtlbpy3ch0ma5ce58zur0nn1e","cargo_no_time","Cientista de Dados","2025"
"ce58z4shtlbpy3ch0ma5ce58zur0nn1e","cargo_no_time","Business Analyst","2025"
"e4vlutilm1s3yrp107tke4vluti6hrrc","cargo_no_time","Analytics Engineer","2025"
"e4vlutilm1s3yrp107tke4vluti6hrrc","cargo_no_time","Analista de Dados","2025"
"e4vlutilm1s3yrp107tke4vluti6hrrc","cargo_no_time","Business Analyst","2025"
"6zefeyp1p6mpzk1k6zefezx9jiiwizpg","cargo_no_time","Engenharia de Dados","2025"
"6zefeyp1p6mpzk1k6zefezx9jiiwizpg","cargo_no_time","Analista de BI","2025"
"6zefeyp1p6mpzk1k6zefezx9jiiwizpg","cargo_no_time","Business Analyst","2025"
"bdrabdndnbfhybdragolll7u5ys41aug","cargo_no_time","Analista de BI","2025"
"r7xc4gungbc9j4gwr7xc4gij1l4es120","cargo_no_time","Analista de Dados","2025"
"r7xc4gungbc9j4gwr7xc4gij1l4es120","cargo_no_time","Analista de BI","2025"
"r7xc4gungbc9j4gwr7xc4gij1l4es120","cargo_no_time","Business Analyst","2025"
"8mxvlzyerv9428m8v8mxvlwum84ve5b7","cargo_no_time","Analytics Engineer","2025"
"8mxvlzyerv9428m8v8mxvlwum84ve5b7","cargo_no_time","Engenharia de Dados","2025"
"8mxvlzyerv9428m8v8mxvlwum84ve5b7","cargo_no_time","Analista de Dados","2025"
"8mxvlzyerv9428m8v8mxvlwum84ve5b7","cargo_no_time","Cientista de Dados","2025"
"8mxvlzyerv9428m8v8mxvlwum84ve5b7","cargo_no_time","DBA","2025"
"8mxvlzyerv9428m8v8mxvlwum84ve5b7","cargo_no_time","Analista de BI","2025"
"8mxvlzyerv9428m8v8mxvlwum84ve5b7","cargo_no_time","Arquiteto de Dados","2025"
"8mxvlzyerv9428m8v8mxvlwum84ve5b7","cargo_no_time","Data Product Manager","2025"
"8mxvlzyerv9428m8v8mxvlwum84ve5b7","cargo_no_time","Business Analyst","2025"
"8mxvlzyerv9428m8v8mxvlwum84ve5b7","cargo_no_time","ML/AI Engineer","2025"
"gifxrr5ydud0p9ngifxrr5z7363kncco","cargo_no_time","Analista de Dados","2025"
"rwpejbngtoxnoq16gel2e3srwpejbvq6","cargo_no_time","Analista de Dados","2025"
"rwpejbngtoxnoq16gel2e3srwpejbvq6","cargo_no_time","Analista de BI","2025"
"rwpejbngtoxnoq16gel2e3srwpejbvq6","cargo_no_time","Business Analyst","2025"
"7i0i796ugawt7i0ihhy2pvzrge8dnzjp","cargo_no_time","Analista de Dados","2025"
"7i0i796ugawt7i0ihhy2pvzrge8dnzjp","cargo_no_time","Business Analyst","2025"
"h06k0g0j83h4qu4y1tc0h06k0ayx3ufx","cargo_no_time","Engenharia de Dados","2025"
"h06k0g0j83h4qu4y1tc0h06k0ayx3ufx","cargo_no_time","Cientista de Dados","2025"
"h06k0g0j83h4qu4y1tc0h06k0ayx3ufx","cargo_no_time","ML/AI Engineer","2025"
"s6uio3uc2xr4z94juzls6uio3u0tmb42","cargo_no_time","Engenharia de Dados","2023"
"s6uio3uc2xr4z94juzls6uio3u0tmb42","cargo_no_time","Cientista de Dados","2023"
"hnmyswhhkdy4tvyrbe36nyhnmyswhgep","cargo_no_time","Analista de Dados","2023"
"hnmyswhhkdy4tvyrbe36nyhnmyswhgep","cargo_no_time","DBA","2023"
"9h3jas3d7ta7hy9ii9h3jamji8iywpos","cargo_no_time","Analytics Engineer","2023"
"9h3jas3d7ta7hy9ii9h3jamji8iywpos","cargo_no_time","Engenharia de Dados","2023"
"9h3jas3d7ta7hy9ii9h3jamji8iywpos","cargo_no_time","Analista de Dados","2023"
"9h3jas3d7ta7hy9ii9h3jamji8iywpos","cargo_no_time","Cientista de Dados","2023"
"9h3jas3d7ta7hy9ii9h3jamji8iywpos","cargo_no_time","Business Analyst","2023"
"gf3ehpn3as57ae7tagf3ehpu3k9ozbdm","cargo_no_time","Engenharia de Dados","2023"
"gf3ehpn3as57ae7tagf3ehpu3k9ozbdm","cargo_no_time","Analista de Dados","2023"
"gf3ehpn3as57ae7tagf3ehpu3k9ozbdm","cargo_no_time","Cientista de Dados","2023"
"gf3ehpn3as57ae7tagf3ehpu3k9ozbdm","cargo_no_time","Analista de BI","2023"
"e8wrq8k2heh22xc1se8wrq72jxed3pe0","cargo_no_time","Engenharia de Dados","2023"
"e8wrq8k2heh22xc1se8wrq72jxed3pe0","cargo_no_time","Analista de BI","2023"
"e8wrq8k2heh22xc1se8wrq72jxed3pe0","cargo_no_time","Data Product Manager","2023"
"h1bw07yq9de2sk8h1bw9u85tu5hs46y0","cargo_no_time","Engenharia de Dados","2023"
"h1bw07yq9de2sk8h1bw9u85tu5hs46y0","cargo_no_time","Analista de Dados","2023"
"h1bw07yq9de2sk8h1bw9u85tu5hs46y0","cargo_no_time","Cientista de Dados","2023"
"a33be5c2h0hqaj1xpa33be5coxlcly96","cargo_no_time","Analista de Dados","2023"
"a33be5c2h0hqaj1xpa33be5coxlcly96","cargo_no_time","DBA","2023"
"a33be5c2h0hqaj1xpa33be5coxlcly96","cargo_no_time","Analista de BI","2023"
"a33be5c2h0hqaj1xpa33be5coxlcly96","cargo_no_time","Business Analyst","2023"
"sd59qvmz3yqrb0o6sd59qvhkrwlcbqzw","cargo_no_time","Analista de Dados","2023"
"6rat3lgphbcn1uun6raeax5skjwnfsae","cargo_no_time","Engenharia de Dados","2023"
"6rat3lgphbcn1uun6raeax5skjwnfsae","cargo_no_time","Cientista de Dados","2023"
"6rat3lgphbcn1uun6raeax5skjwnfsae","cargo_no_time","DBA","2023"
"6rat3lgphbcn1uun6raeax5skjwnfsae","cargo_no_time","Analista de BI","2023"
"6rat3lgphbcn1uun6raeax5skjwnfsae","cargo_no_time","Arquiteto de Dados","2023"
"tu7hgzrzt9qp6ufmianpttu7hgzvy1nt","cargo_no_time","Analytics Engineer","2023"
"tu7hgzrzt9qp6ufmianpttu7hgzvy1nt","cargo_no_time","Engenharia de Dados","2023"
"tu7hgzrzt9qp6ufmianpttu7hgzvy1nt","cargo_no_time","Analista de Dados","2023"
"tu7hgzrzt9qp6ufmianpttu7hgzvy1nt","cargo_no_time","Cientista de Dados","2023"
"tu7hgzrzt9qp6ufmianpttu7hgzvy1nt","cargo_no_time","Analista de BI","2023"
"tu7hgzrzt9qp6ufmianpttu7hgzvy1nt","cargo_no_time","Arquiteto de Dados","2023"
"tu7hgzrzt9qp6ufmianpttu7hgzvy1nt","cargo_no_time","Data Product Manager","2023"
"tu7hgzrzt9qp6ufmianpttu7hgzvy1nt","cargo_no_time","Business Analyst","2023"
"zbqkyopyupbevak73qitktzbqkyxfer7","cargo_no_time","Analista de Dados","2023"
"zbqkyopyupbevak73qitktzbqkyxfer7","cargo_no_time","Cientista de Dados","2023"
"zbqkyopyupbevak73qitktzbqkyxfer7","cargo_no_time","DBA","2023"
"vawqt9ieir4klaw42vawq4nj9uvwy87p","cargo_no_time","Business Analyst","2023"
"mram3jjxbzf3o61x9e80mrawhd8btic5","cargo_no_time","Engenharia de Dados","2023"
"mram3jjxbzf3o61x9e80mrawhd8btic5","cargo_no_time","Analista de Dados","2023"
"mram3jjxbzf3o61x9e80mrawhd8btic5","cargo_no_time","Cientista de Dados","2023"
"mram3jjxbzf3o61x9e80mrawhd8btic5","cargo_no_time","Arquiteto de Dados","2023"
"i0hjb0wh930vdpu4b0m04qi0hjb0e7wd","cargo_no_time","Engenharia de Dados","2023"
"i0hjb0wh930vdpu4b0m04qi0hjb0e7wd","cargo_no_time","Analista de Dados","2023"
"i0hjb0wh930vdpu4b0m04qi0hjb0e7wd","cargo_no_time","Cientista de Dados","2023"
"xlahvo82ndzrswfm6txla9xx64o7nejf","cargo_no_time","Analytics Engineer","2023"
"xlahvo82ndzrswfm6txla9xx64o7nejf","cargo_no_time","Engenharia de Dados","2023"
"xlahvo82ndzrswfm6txla9xx64o7nejf","cargo_no_time","Analista de Dados","2023"
"xlahvo82ndzrswfm6txla9xx64o7nejf","cargo_no_time","Cientista de Dados","2023"
"xlahvo82ndzrswfm6txla9xx64o7nejf","cargo_no_time","Data Product Manager","2023"
"396q6xw7y7ehdv539qdgdspnqsmpjqdg","cargo_no_time","Analytics Engineer","2023"
"396q6xw7y7ehdv539qdgdspnqsmpjqdg","cargo_no_time","Engenharia de Dados","2023"
"396q6xw7y7ehdv539qdgdspnqsmpjqdg","cargo_no_time","Analista de Dados","2023"
"396q6xw7y7ehdv539qdgdspnqsmpjqdg","cargo_no_time","Cientista de Dados","2023"
"396q6xw7y7ehdv539qdgdspnqsmpjqdg","cargo_no_time","Analista de BI","2023"
"396q6xw7y7ehdv539qdgdspnqsmpjqdg","cargo_no_time","Arquiteto de Dados","2023"
"396q6xw7y7ehdv539qdgdspnqsmpjqdg","cargo_no_time","Data Product Manager","2023"
"xupf6hqwasqzatuqk6xupf6446mi7td3","cargo_no_time","Analytics Engineer","2023"
"xupf6hqwasqzatuqk6xupf6446mi7td3","cargo_no_time","Engenharia de Dados","2023"
"xupf6hqwasqzatuqk6xupf6446mi7td3","cargo_no_time","Analista de Dados","2023"
"xupf6hqwasqzatuqk6xupf6446mi7td3","cargo_no_time","Cientista de Dados","2023"
"xupf6hqwasqzatuqk6xupf6446mi7td3","cargo_no_time","Analista de BI","2023"
"tbea41xetbbp2ptbea45uyj1cjr2zcci","cargo_no_time","Engenharia de Dados","2023"
"tbea41xetbbp2ptbea45uyj1cjr2zcci","cargo_no_time","Arquiteto de Dados","2023"
"tbea41xetbbp2ptbea45uyj1cjr2zcci","cargo_no_time","Data Product Manager","2023"
"1nmrjqcdg2rk07d4ucbaz1nmrjqcdxu1","cargo_no_time","Engenharia de Dados","2023"
"1nmrjqcdg2rk07d4ucbaz1nmrjqcdxu1","cargo_no_time","Analista de Dados","2023"
"1nmrjqcdg2rk07d4ucbaz1nmrjqcdxu1","cargo_no_time","Business Analyst","2023"
"dqvjegfas55vvdpvicqwdqvjuql12ipl","cargo_no_time","Analista de BI","2023"
"dqvjegfas55vvdpvicqwdqvjuql12ipl","cargo_no_time","Business Analyst","2023"
"8gl4mvqxflqsk6ip8gl43tw2wixbfo7m","cargo_no_time","Analytics Engineer","2023"
"8gl4mvqxflqsk6ip8gl43tw2wixbfo7m","cargo_no_time","Engenharia de Dados","2023"
"8gl4mvqxflqsk6ip8gl43tw2wixbfo7m","cargo_no_time","Analista de Dados","2023"
"8gl4mvqxflqsk6ip8gl43tw2wixbfo7m","cargo_no_time","Cientista de Dados","2023"
"8gl4mvqxflqsk6ip8gl43tw2wixbfo7m","cargo_no_time","Analista de BI","2023"
"8gl4mvqxflqsk6ip8gl43tw2wixbfo7m","cargo_no_time","Arquiteto de Dados","2023"
"8gl4mvqxflqsk6ip8gl43tw2wixbfo7m","cargo_no_time","Business Analyst","2023"
"ucbaz1elcd3es9kmvfgwducbaz1l8hxy","cargo_no_time","Analista de Dados","2023"
"ucbaz1elcd3es9kmvfgwducbaz1l8hxy","cargo_no_time","Business Analyst","2023"
"7lzf69hcv874whpafg57lzf691e4kizv","cargo_no_time","Analista de Dados","2023"
"yprnjqhuud283pqw3u3yprnjqq3otp07","cargo_no_time","Engenharia de Dados","2023"
"vkrfuhdo2dwn190nvkrvdiluyz37b9hj","cargo_no_time","Analista de Dados","2023"
"vkrfuhdo2dwn190nvkrvdiluyz37b9hj","cargo_no_time","Analista de BI","2023"
"vkrfuhdo2dwn190nvkrvdiluyz37b9hj","cargo_no_time","Business Analyst","2023"
"zg2cstulponfnwhoo47zg2cst61715lm","cargo_no_time","Engenharia de Dados","2023"
"zg2cstulponfnwhoo47zg2cst61715lm","cargo_no_time","Analista de Dados","2023"
"zg2cstulponfnwhoo47zg2cst61715lm","cargo_no_time","Cientista de Dados","2023"
"zg2cstulponfnwhoo47zg2cst61715lm","cargo_no_time","DBA","2023"
"zg2cstulponfnwhoo47zg2cst61715lm","cargo_no_time","Analista de BI","2023"
"zg2cstulponfnwhoo47zg2cst61715lm","cargo_no_time","Arquiteto de Dados","2023"
"h1cdji4uuuwcll5zhh1cdjsu33m0rqbm","cargo_no_time","Engenharia de Dados","2023"
"h1cdji4uuuwcll5zhh1cdjsu33m0rqbm","cargo_no_time","Analista de Dados","2023"
"h1cdji4uuuwcll5zhh1cdjsu33m0rqbm","cargo_no_time","Cientista de Dados","2023"
"h1cdji4uuuwcll5zhh1cdjsu33m0rqbm","cargo_no_time","Analista de BI","2023"
"h1cdji4uuuwcll5zhh1cdjsu33m0rqbm","cargo_no_time","Business Analyst","2023"
"ia62tvfwqo9ns42ua70wia62tvfrase1","cargo_no_time","Engenharia de Dados","2023"
"ia62tvfwqo9ns42ua70wia62tvfrase1","cargo_no_time","Analista de Dados","2023"
"ia62tvfwqo9ns42ua70wia62tvfrase1","cargo_no_time","Cientista de Dados","2023"
"ia62tvfwqo9ns42ua70wia62tvfrase1","cargo_no_time","Analista de BI","2023"
"ia62tvfwqo9ns42ua70wia62tvfrase1","cargo_no_time","Arquiteto de Dados","2023"
"q6d2e7vf445cxpuahn3c0bq6d2e7vroi","cargo_no_time","Analytics Engineer","2023"
"q6d2e7vf445cxpuahn3c0bq6d2e7vroi","cargo_no_time","Engenharia de Dados","2023"
"q6d2e7vf445cxpuahn3c0bq6d2e7vroi","cargo_no_time","Analista de Dados","2023"
"q6d2e7vf445cxpuahn3c0bq6d2e7vroi","cargo_no_time","Cientista de Dados","2023"
"q6d2e7vf445cxpuahn3c0bq6d2e7vroi","cargo_no_time","Arquiteto de Dados","2023"
"q6d2e7vf445cxpuahn3c0bq6d2e7vroi","cargo_no_time","Data Product Manager","2023"
"q6d2e7vf445cxpuahn3c0bq6d2e7vroi","cargo_no_time","Business Analyst","2023"
"almczfhcca1tov16almcs3ao2u6o1kzz","cargo_no_time","Analista de Dados","2023"
"h7o07bmct31m6vv8ic7h7o07bhaw8ib6","cargo_no_time","Engenharia de Dados","2023"
"h7o07bmct31m6vv8ic7h7o07bhaw8ib6","cargo_no_time","Cientista de Dados","2023"
"h7o07bmct31m6vv8ic7h7o07bhaw8ib6","cargo_no_time","DBA","2023"
"h7o07bmct31m6vv8ic7h7o07bhaw8ib6","cargo_no_time","Arquiteto de Dados","2023"
"qorgj24cmt344jgrd9qorganldyidlwr","cargo_no_time","Analista de Dados","2023"
"qorgj24cmt344jgrd9qorganldyidlwr","cargo_no_time","Cientista de Dados","2023"
"ttfth4i8qihw9t8ttftguq2fnlm0o8g1","cargo_no_time","Analista de BI","2023"
"y42cneqjt3q6ny44parakbvpq6igjmj4","cargo_no_time","Analytics Engineer","2023"
"y42cneqjt3q6ny44parakbvpq6igjmj4","cargo_no_time","Cientista de Dados","2023"
"y42cneqjt3q6ny44parakbvpq6igjmj4","cargo_no_time","Analista de BI","2023"
"dl5zf6udidhzdl5kbbh4gsr2b67bzjuk","cargo_no_time","Analista de Dados","2023"
"ngty0q8l14v4rwdwz4ngty0q8pwg826f","cargo_no_time","Analytics Engineer","2023"
"ngty0q8l14v4rwdwz4ngty0q8pwg826f","cargo_no_time","Arquiteto de Dados","2023"
"qxfn5cg7eq6mi0df0jzt1qxfn5983ijn","cargo_no_time","Engenharia de Dados","2023"
"qxfn5cg7eq6mi0df0jzt1qxfn5983ijn","cargo_no_time","Analista de Dados","2023"
"qxfn5cg7eq6mi0df0jzt1qxfn5983ijn","cargo_no_time","Cientista de Dados","2023"
"qxfn5cg7eq6mi0df0jzt1qxfn5983ijn","cargo_no_time","Analista de BI","2023"
"6l41vvravl3i6pk0xym6l41vvhq7m3js","cargo_no_time","Analytics Engineer","2023"
"6l41vvravl3i6pk0xym6l41vvhq7m3js","cargo_no_time","Engenharia de Dados","2023"
"6l41vvravl3i6pk0xym6l41vvhq7m3js","cargo_no_time","Analista de Dados","2023"
"6l41vvravl3i6pk0xym6l41vvhq7m3js","cargo_no_time","Cientista de Dados","2023"
"6l41vvravl3i6pk0xym6l41vvhq7m3js","cargo_no_time","Data Product Manager","2023"
"2o7ogbxud4lg1yd2o7dfebryn868e1qz","cargo_no_time","Analytics Engineer","2023"
"2o7ogbxud4lg1yd2o7dfebryn868e1qz","cargo_no_time","Engenharia de Dados","2023"
"2o7ogbxud4lg1yd2o7dfebryn868e1qz","cargo_no_time","Analista de Dados","2023"
"2o7ogbxud4lg1yd2o7dfebryn868e1qz","cargo_no_time","Cientista de Dados","2023"
"2o7ogbxud4lg1yd2o7dfebryn868e1qz","cargo_no_time","Analista de BI","2023"
"2o7ogbxud4lg1yd2o7dfebryn868e1qz","cargo_no_time","Arquiteto de Dados","2023"
"2o7ogbxud4lg1yd2o7dfebryn868e1qz","cargo_no_time","Business Analyst","2023"
"66z0oltjodrdoeroasz66z0ol92pcwyp","cargo_no_time","Engenharia de Dados","2023"
"66z0oltjodrdoeroasz66z0ol92pcwyp","cargo_no_time","Analista de Dados","2023"
"66z0oltjodrdoeroasz66z0ol92pcwyp","cargo_no_time","Cientista de Dados","2023"
"66z0oltjodrdoeroasz66z0ol92pcwyp","cargo_no_time","Analista de BI","2023"
"66z0oltjodrdoeroasz66z0ol92pcwyp","cargo_no_time","Arquiteto de Dados","2023"
"4xoyz29294hxdyd4xoyz2uglq55ska68","cargo_no_time","Business Analyst","2023"
"mt2rp2h4hybh6ex71j8mt2rpi3aqamq5","cargo_no_time","Analytics Engineer","2023"
"mt2rp2h4hybh6ex71j8mt2rpi3aqamq5","cargo_no_time","Engenharia de Dados","2023"
"mt2rp2h4hybh6ex71j8mt2rpi3aqamq5","cargo_no_time","Analista de Dados","2023"
"mt2rp2h4hybh6ex71j8mt2rpi3aqamq5","cargo_no_time","DBA","2023"
"mt2rp2h4hybh6ex71j8mt2rpi3aqamq5","cargo_no_time","Analista de BI","2023"
"mt2rp2h4hybh6ex71j8mt2rpi3aqamq5","cargo_no_time","Arquiteto de Dados","2023"
"mt2rp2h4hybh6ex71j8mt2rpi3aqamq5","cargo_no_time","Business Analyst","2023"
"7zvo3yu4d2y7c3lpas7zvo4ecuxnlbqo","cargo_no_time","Analista de Dados","2023"
"7zvo3yu4d2y7c3lpas7zvo4ecuxnlbqo","cargo_no_time","DBA","2023"
"7zvo3yu4d2y7c3lpas7zvo4ecuxnlbqo","cargo_no_time","Business Analyst","2023"
"f9jdt8uu1sean5of9jdt8ix95xyji1n2","cargo_no_time","Analista de Dados","2023"
"f9jdt8uu1sean5of9jdt8ix95xyji1n2","cargo_no_time","Analista de BI","2023"
"s01ifnm0uh92gaus01ihr1m0jsa1e1iw","cargo_no_time","Analytics Engineer","2023"
"s01ifnm0uh92gaus01ihr1m0jsa1e1iw","cargo_no_time","Engenharia de Dados","2023"
"s01ifnm0uh92gaus01ihr1m0jsa1e1iw","cargo_no_time","Cientista de Dados","2023"
"s01ifnm0uh92gaus01ihr1m0jsa1e1iw","cargo_no_time","Arquiteto de Dados","2023"
"lfp9othpqc57cck900xglfp917lppwne","cargo_no_time","Analytics Engineer","2023"
"lfp9othpqc57cck900xglfp917lppwne","cargo_no_time","Engenharia de Dados","2023"
"lfp9othpqc57cck900xglfp917lppwne","cargo_no_time","Analista de BI","2023"
"lfp9othpqc57cck900xglfp917lppwne","cargo_no_time","Arquiteto de Dados","2023"
"qb0058ziimhxb1iy6qb0zqi5n8ntls9k","cargo_no_time","Analista de Dados","2023"
"qb0058ziimhxb1iy6qb0zqi5n8ntls9k","cargo_no_time","Analista de BI","2023"
"qb0058ziimhxb1iy6qb0zqi5n8ntls9k","cargo_no_time","Business Analyst","2023"
"2etuy27198nnsh8lzq2etuhxf0pborpg","cargo_no_time","Engenharia de Dados","2023"
"2etuy27198nnsh8lzq2etuhxf0pborpg","cargo_no_time","Cientista de Dados","2023"
"2etuy27198nnsh8lzq2etuhxf0pborpg","cargo_no_time","Arquiteto de Dados","2023"
"y51qoodkidtea4hu59ey51qooux3zp6k","cargo_no_time","Analytics Engineer","2023"
"y51qoodkidtea4hu59ey51qooux3zp6k","cargo_no_time","Analista de BI","2023"
"1n3ts0dsvfhbzzp1n3s7r3bya0sv050k","cargo_no_time","Analytics Engineer","2023"
"1n3ts0dsvfhbzzp1n3s7r3bya0sv050k","cargo_no_time","Engenharia de Dados","2023"
"1n3ts0dsvfhbzzp1n3s7r3bya0sv050k","cargo_no_time","Analista de Dados","2023"
"1n3ts0dsvfhbzzp1n3s7r3bya0sv050k","cargo_no_time","Cientista de Dados","2023"
"1n3ts0dsvfhbzzp1n3s7r3bya0sv050k","cargo_no_time","Analista de BI","2023"
"1n3ts0dsvfhbzzp1n3s7r3bya0sv050k","cargo_no_time","Arquiteto de Dados","2023"
"1n3ts0dsvfhbzzp1n3s7r3bya0sv050k","cargo_no_time","Data Product Manager","2023"
"s87jp3q7egtxk8dars87jp38x3hw3n9x","cargo_no_time","Analytics Engineer","2023"
"s87jp3q7egtxk8dars87jp38x3hw3n9x","cargo_no_time","Engenharia de Dados","2023"
"s87jp3q7egtxk8dars87jp38x3hw3n9x","cargo_no_time","Analista de Dados","2023"
"s87jp3q7egtxk8dars87jp38x3hw3n9x","cargo_no_time","Cientista de Dados","2023"
"s87jp3q7egtxk8dars87jp38x3hw3n9x","cargo_no_time","Analista de BI","2023"
"s87jp3q7egtxk8dars87jp38x3hw3n9x","cargo_no_time","Arquiteto de Dados","2023"
"s87jp3q7egtxk8dars87jp38x3hw3n9x","cargo_no_time","Data Product Manager","2023"
"4vr7132yc9a5wswjq5ncms4vr71nf20v","cargo_no_time","Analytics Engineer","2023"
"4vr7132yc9a5wswjq5ncms4vr71nf20v","cargo_no_time","Engenharia de Dados","2023"
"4vr7132yc9a5wswjq5ncms4vr71nf20v","cargo_no_time","Analista de Dados","2023"
"4vr7132yc9a5wswjq5ncms4vr71nf20v","cargo_no_time","Cientista de Dados","2023"
"4vr7132yc9a5wswjq5ncms4vr71nf20v","cargo_no_time","DBA","2023"
"4vr7132yc9a5wswjq5ncms4vr71nf20v","cargo_no_time","Analista de BI","2023"
"4vr7132yc9a5wswjq5ncms4vr71nf20v","cargo_no_time","Arquiteto de Dados","2023"
"4vr7132yc9a5wswjq5ncms4vr71nf20v","cargo_no_time","Data Product Manager","2023"
"4vr7132yc9a5wswjq5ncms4vr71nf20v","cargo_no_time","Business Analyst","2023"
"0yuwrhed0dsnrkdgy5n0yuwrhdx09xly","cargo_no_time","Engenharia de Dados","2023"
"0yuwrhed0dsnrkdgy5n0yuwrhdx09xly","cargo_no_time","Analista de Dados","2023"
"0yuwrhed0dsnrkdgy5n0yuwrhdx09xly","cargo_no_time","Cientista de Dados","2023"
"0yuwrhed0dsnrkdgy5n0yuwrhdx09xly","cargo_no_time","DBA","2023"
"0yuwrhed0dsnrkdgy5n0yuwrhdx09xly","cargo_no_time","Arquiteto de Dados","2023"
"0yuwrhed0dsnrkdgy5n0yuwrhdx09xly","cargo_no_time","Business Analyst","2023"
"y22u22ijw2hf56y22u2nrgbe5h4ttnrk","cargo_no_time","Cientista de Dados","2023"
"iip9gtso8iggorhiip9l9zi9926qe101","cargo_no_time","Analista de Dados","2023"
"5uuk3djm4t1q7uu5uuk3d7jhwu3ifdcr","cargo_no_time","Analytics Engineer","2023"
"5uuk3djm4t1q7uu5uuk3d7jhwu3ifdcr","cargo_no_time","Engenharia de Dados","2023"
"5uuk3djm4t1q7uu5uuk3d7jhwu3ifdcr","cargo_no_time","Analista de Dados","2023"
"5uuk3djm4t1q7uu5uuk3d7jhwu3ifdcr","cargo_no_time","Cientista de Dados","2023"
"5uuk3djm4t1q7uu5uuk3d7jhwu3ifdcr","cargo_no_time","Data Product Manager","2023"
"hj1k4wp3a8myhiur0ni2hj1k4nk6ojdi","cargo_no_time","Analista de Dados","2023"
"hj1k4wp3a8myhiur0ni2hj1k4nk6ojdi","cargo_no_time","Business Analyst","2023"
"z77l3rctsnfecyn17s3sz77l3rjk5u4g","cargo_no_time","Analista de Dados","2023"
"z77l3rctsnfecyn17s3sz77l3rjk5u4g","cargo_no_time","Cientista de Dados","2023"
"z77l3rctsnfecyn17s3sz77l3rjk5u4g","cargo_no_time","Analista de BI","2023"
"z77l3rctsnfecyn17s3sz77l3rjk5u4g","cargo_no_time","Arquiteto de Dados","2023"
"z77l3rctsnfecyn17s3sz77l3rjk5u4g","cargo_no_time","Business Analyst","2023"
"vc98m22xgspm31jqvc98jp0c4fw15l51","cargo_no_time","Analytics Engineer","2023"
"vc98m22xgspm31jqvc98jp0c4fw15l51","cargo_no_time","Engenharia de Dados","2023"
"vc98m22xgspm31jqvc98jp0c4fw15l51","cargo_no_time","Analista de Dados","2023"
"vc98m22xgspm31jqvc98jp0c4fw15l51","cargo_no_time","Cientista de Dados","2023"
"vc98m22xgspm31jqvc98jp0c4fw15l51","cargo_no_time","Analista de BI","2023"
"vc98m22xgspm31jqvc98jp0c4fw15l51","cargo_no_time","Business Analyst","2023"
"w8n7o6fzsvmp4eorwa2w8n7o6faje06r","cargo_no_time","Engenharia de Dados","2023"
"w8n7o6fzsvmp4eorwa2w8n7o6faje06r","cargo_no_time","Cientista de Dados","2023"
"w8n7o6fzsvmp4eorwa2w8n7o6faje06r","cargo_no_time","Data Product Manager","2023"
"2qmr35cqpg4nvi932qmr35cqlh50eux9","cargo_no_time","Analytics Engineer","2023"
"2qmr35cqpg4nvi932qmr35cqlh50eux9","cargo_no_time","Engenharia de Dados","2023"
"2qmr35cqpg4nvi932qmr35cqlh50eux9","cargo_no_time","Analista de Dados","2023"
"2qmr35cqpg4nvi932qmr35cqlh50eux9","cargo_no_time","Cientista de Dados","2023"
"2qmr35cqpg4nvi932qmr35cqlh50eux9","cargo_no_time","DBA","2023"
"2qmr35cqpg4nvi932qmr35cqlh50eux9","cargo_no_time","Analista de BI","2023"
"2qmr35cqpg4nvi932qmr35cqlh50eux9","cargo_no_time","Arquiteto de Dados","2023"
"zli29j3rhi88th4iro7zli29jdnmczki","cargo_no_time","Analytics Engineer","2023"
"zli29j3rhi88th4iro7zli29jdnmczki","cargo_no_time","Engenharia de Dados","2023"
"zli29j3rhi88th4iro7zli29jdnmczki","cargo_no_time","Cientista de Dados","2023"
"zli29j3rhi88th4iro7zli29jdnmczki","cargo_no_time","DBA","2023"
"zli29j3rhi88th4iro7zli29jdnmczki","cargo_no_time","Arquiteto de Dados","2023"
"zli29j3rhi88th4iro7zli29jdnmczki","cargo_no_time","Data Product Manager","2023"
"whyz2hk80g1k9a4x0whyzk5bwu72802e","cargo_no_time","Analista de Dados","2023"
"whyz2hk80g1k9a4x0whyzk5bwu72802e","cargo_no_time","Business Analyst","2023"
"4291thx0wpxlkua429198nj1s1v9693h","cargo_no_time","Analista de Dados","2023"
"4291thx0wpxlkua429198nj1s1v9693h","cargo_no_time","Business Analyst","2023"
"6c7srspb80r43pyu0kwwlb6c7srsq7xz","cargo_no_time","Analytics Engineer","2023"
"6c7srspb80r43pyu0kwwlb6c7srsq7xz","cargo_no_time","Engenharia de Dados","2023"
"6c7srspb80r43pyu0kwwlb6c7srsq7xz","cargo_no_time","Analista de Dados","2023"
"6c7srspb80r43pyu0kwwlb6c7srsq7xz","cargo_no_time","Cientista de Dados","2023"
"6c7srspb80r43pyu0kwwlb6c7srsq7xz","cargo_no_time","Analista de BI","2023"
"6c7srspb80r43pyu0kwwlb6c7srsq7xz","cargo_no_time","Arquiteto de Dados","2023"
"6c7srspb80r43pyu0kwwlb6c7srsq7xz","cargo_no_time","Business Analyst","2023"
"yd2oav4rpjpjohlzhm5yd2o4mfeigj4y","cargo_no_time","Analista de Dados","2023"
"yd2oav4rpjpjohlzhm5yd2o4mfeigj4y","cargo_no_time","Cientista de Dados","2023"
"yd2oav4rpjpjohlzhm5yd2o4mfeigj4y","cargo_no_time","DBA","2023"
"yd2oav4rpjpjohlzhm5yd2o4mfeigj4y","cargo_no_time","Analista de BI","2023"
"yd2oav4rpjpjohlzhm5yd2o4mfeigj4y","cargo_no_time","Arquiteto de Dados","2023"
"yd2oav4rpjpjohlzhm5yd2o4mfeigj4y","cargo_no_time","Data Product Manager","2023"
"yd2oav4rpjpjohlzhm5yd2o4mfeigj4y","cargo_no_time","Business Analyst","2023"
"1c78wjlqt11tx0di751c78wxk3k353co","cargo_no_time","Analista de Dados","2023"
"gshh2ff6lu3073xogfgshh2oqua85mpf","cargo_no_time","Analista de Dados","2023"
"gshh2ff6lu3073xogfgshh2oqua85mpf","cargo_no_time","Cientista de Dados","2023"
"gshh2ff6lu3073xogfgshh2oqua85mpf","cargo_no_time","Analista de BI","2023"
"gshh2ff6lu3073xogfgshh2oqua85mpf","cargo_no_time","Arquiteto de Dados","2023"
"gshh2ff6lu3073xogfgshh2oqua85mpf","cargo_no_time","Business Analyst","2023"
"eg6qtdxy3elfg7eg6qt0o4905flmn3w2","cargo_no_time","Analytics Engineer","2023"
"eg6qtdxy3elfg7eg6qt0o4905flmn3w2","cargo_no_time","Engenharia de Dados","2023"
"eg6qtdxy3elfg7eg6qt0o4905flmn3w2","cargo_no_time","Analista de Dados","2023"
"eg6qtdxy3elfg7eg6qt0o4905flmn3w2","cargo_no_time","Cientista de Dados","2023"
"eg6qtdxy3elfg7eg6qt0o4905flmn3w2","cargo_no_time","Arquiteto de Dados","2023"
"eg6qtdxy3elfg7eg6qt0o4905flmn3w2","cargo_no_time","Data Product Manager","2023"
"4jeeeu1xv526uee5t4jeeewp5lw9muim","cargo_no_time","Engenharia de Dados","2023"
"4jeeeu1xv526uee5t4jeeewp5lw9muim","cargo_no_time","Analista de Dados","2023"
"4jeeeu1xv526uee5t4jeeewp5lw9muim","cargo_no_time","Cientista de Dados","2023"
"4jeeeu1xv526uee5t4jeeewp5lw9muim","cargo_no_time","DBA","2023"
"4jeeeu1xv526uee5t4jeeewp5lw9muim","cargo_no_time","Analista de BI","2023"
"4jeeeu1xv526uee5t4jeeewp5lw9muim","cargo_no_time","Arquiteto de Dados","2023"
"y6pt7ebud20iy6pti4uest88cwurqjpi","cargo_no_time","Analytics Engineer","2023"
"y6pt7ebud20iy6pti4uest88cwurqjpi","cargo_no_time","Engenharia de Dados","2023"
"y6pt7ebud20iy6pti4uest88cwurqjpi","cargo_no_time","Analista de Dados","2023"
"y6pt7ebud20iy6pti4uest88cwurqjpi","cargo_no_time","Cientista de Dados","2023"
"meppdb6m4c54exlcq29vjemeppdb6r2w","cargo_no_time","Engenharia de Dados","2023"
"meppdb6m4c54exlcq29vjemeppdb6r2w","cargo_no_time","Analista de Dados","2023"
"meppdb6m4c54exlcq29vjemeppdb6r2w","cargo_no_time","Cientista de Dados","2023"
"meppdb6m4c54exlcq29vjemeppdb6r2w","cargo_no_time","DBA","2023"
"meppdb6m4c54exlcq29vjemeppdb6r2w","cargo_no_time","Analista de BI","2023"
"meppdb6m4c54exlcq29vjemeppdb6r2w","cargo_no_time","Arquiteto de Dados","2023"
"8rxod91hxmoue3s85328rxod91h9hli3","cargo_no_time","Analista de Dados","2023"
"8rxod91hxmoue3s85328rxod91h9hli3","cargo_no_time","Business Analyst","2023"
"rltrkf5sj17z7kiprltrkal07avr4y10","cargo_no_time","Engenharia de Dados","2023"
"rltrkf5sj17z7kiprltrkal07avr4y10","cargo_no_time","Analista de Dados","2023"
"hisegdfnlmu79k76ihise0ymn2xw4a51","cargo_no_time","Engenharia de Dados","2023"
"hisegdfnlmu79k76ihise0ymn2xw4a51","cargo_no_time","Analista de Dados","2023"
"r2c3edggb16geqajr2c3ed69llauollg","cargo_no_time","Analista de Dados","2023"
"r2c3edggb16geqajr2c3ed69llauollg","cargo_no_time","DBA","2023"
"r2c3edggb16geqajr2c3ed69llauollg","cargo_no_time","Analista de BI","2023"
"r2c3edggb16geqajr2c3ed69llauollg","cargo_no_time","Business Analyst","2023"
"0p2u2nceqzym6fssl92n180p2u2n4uss","cargo_no_time","Engenharia de Dados","2023"
"0p2u2nceqzym6fssl92n180p2u2n4uss","cargo_no_time","Analista de Dados","2023"
"vodjm3y01ny2u60vodjm5b6p65u6rzhk","cargo_no_time","Engenharia de Dados","2023"
"vodjm3y01ny2u60vodjm5b6p65u6rzhk","cargo_no_time","Cientista de Dados","2023"
"vodjm3y01ny2u60vodjm5b6p65u6rzhk","cargo_no_time","Analista de BI","2023"
"in4o54ndpkcoyin4o59oqynm7npbtxaw","cargo_no_time","Engenharia de Dados","2023"
"in4o54ndpkcoyin4o59oqynm7npbtxaw","cargo_no_time","Cientista de Dados","2023"
"ebaep53qv69l0i2vebaets0q6nj049y1","cargo_no_time","Engenharia de Dados","2023"
"ebaep53qv69l0i2vebaets0q6nj049y1","cargo_no_time","Analista de Dados","2023"
"ebaep53qv69l0i2vebaets0q6nj049y1","cargo_no_time","Analista de BI","2023"
"3hujmdlk1q6kiana4s3hujm2nl44gnud","cargo_no_time","Engenharia de Dados","2023"
"3hujmdlk1q6kiana4s3hujm2nl44gnud","cargo_no_time","Analista de Dados","2023"
"3hujmdlk1q6kiana4s3hujm2nl44gnud","cargo_no_time","Cientista de Dados","2023"
"3hujmdlk1q6kiana4s3hujm2nl44gnud","cargo_no_time","Business Analyst","2023"
"z1euk9bauog0wliqqez1euk9dgzn3um6","cargo_no_time","Analytics Engineer","2023"
"z1euk9bauog0wliqqez1euk9dgzn3um6","cargo_no_time","Engenharia de Dados","2023"
"z1euk9bauog0wliqqez1euk9dgzn3um6","cargo_no_time","Analista de Dados","2023"
"z1euk9bauog0wliqqez1euk9dgzn3um6","cargo_no_time","Cientista de Dados","2023"
"z1euk9bauog0wliqqez1euk9dgzn3um6","cargo_no_time","Analista de BI","2023"
"z1euk9bauog0wliqqez1euk9dgzn3um6","cargo_no_time","Arquiteto de Dados","2023"
"z1euk9bauog0wliqqez1euk9dgzn3um6","cargo_no_time","Data Product Manager","2023"
"glxrm84lh3pz0kk3ajgglxrmxtc0kenb","cargo_no_time","Engenharia de Dados","2023"
"glxrm84lh3pz0kk3ajgglxrmxtc0kenb","cargo_no_time","Analista de Dados","2023"
"glxrm84lh3pz0kk3ajgglxrmxtc0kenb","cargo_no_time","Cientista de Dados","2023"
"cgbrm3lpb9p8m5ewlxipgcgbrm5w33n0","cargo_no_time","Analista de Dados","2023"
"cgbrm3lpb9p8m5ewlxipgcgbrm5w33n0","cargo_no_time","Cientista de Dados","2023"
"cgbrm3lpb9p8m5ewlxipgcgbrm5w33n0","cargo_no_time","Analista de BI","2023"
"n9zeaqmnic0m81prn9zeoomfncrcaxte","cargo_no_time","Analista de Dados","2023"
"n9zeaqmnic0m81prn9zeoomfncrcaxte","cargo_no_time","Cientista de Dados","2023"
"zs48klzoavehhhizs4giz7zezrenkt5s","cargo_no_time","Analista de Dados","2023"
"54wscqo5bgkxs1i65bi954wscq84augo","cargo_no_time","Analytics Engineer","2025"
"54wscqo5bgkxs1i65bi954wscq84augo","cargo_no_time","Engenharia de Dados","2025"
"bcxvcmli6sz9utvgdx4x8bcxvcmlif8x","cargo_no_time","Engenharia de Dados","2025"
"0bb3tmiavc8odqz33eojlr0bb3to0mtu","cargo_no_time","Analytics Engineer","2023"
"bcxvcmli6sz9utvgdx4x8bcxvcmlif8x","cargo_no_time","Cientista de Dados","2025"
"bcxvcmli6sz9utvgdx4x8bcxvcmlif8x","cargo_no_time","ML/AI Engineer","2025"
"lte4g7p4t2yohuk5ilte4g7p8qnge6o6","cargo_no_time","Engenharia de Dados","2025"
"lte4g7p4t2yohuk5ilte4g7p8qnge6o6","cargo_no_time","Analista de Dados","2025"
"0bb3tmiavc8odqz33eojlr0bb3to0mtu","cargo_no_time","Analista de Dados","2023"
"0bb3tmiavc8odqz33eojlr0bb3to0mtu","cargo_no_time","Cientista de Dados","2023"
"lte4g7p4t2yohuk5ilte4g7p8qnge6o6","cargo_no_time","Arquiteto de Dados","2025"
"hq4r7xl5rfazo3xbzvhq4ra6m6capilx","cargo_no_time","Engenharia de Dados","2025"
"hq4r7xl5rfazo3xbzvhq4ra6m6capilx","cargo_no_time","DBA","2025"
"hq4r7xl5rfazo3xbzvhq4ra6m6capilx","cargo_no_time","Analista de BI","2025"
"hq4r7xl5rfazo3xbzvhq4ra6m6capilx","cargo_no_time","Business Analyst","2025"
"iu2vxfe7qsjq5ga6qmiu2vyj8shiwed7","cargo_no_time","Analista de BI","2025"
"aczn995qtrvn4fvi5aczgv5msj6i8s9g","cargo_no_time","Cientista de Dados","2025"
"9e2jrxyoyk1cwj4d5qhsg3f19e2jrxyr","cargo_no_time","Engenharia de Dados","2025"
"5jblgbcyqhmxsl5jbwxtpnp1v0s31qb9","cargo_no_time","Engenharia de Dados","2023"
"5jblgbcyqhmxsl5jbwxtpnp1v0s31qb9","cargo_no_time","Cientista de Dados","2023"
"pdu8qxadh2cdnam8pdu8xemu6x1loanz","cargo_no_time","Engenharia de Dados","2023"
"pdu8qxadh2cdnam8pdu8xemu6x1loanz","cargo_no_time","Cientista de Dados","2023"
"9e2jrxyoyk1cwj4d5qhsg3f19e2jrxyr","cargo_no_time","Analista de Dados","2025"
"9e2jrxyoyk1cwj4d5qhsg3f19e2jrxyr","cargo_no_time","DBA","2025"
"9e2jrxyoyk1cwj4d5qhsg3f19e2jrxyr","cargo_no_time","Analista de BI","2025"
"9e2jrxyoyk1cwj4d5qhsg3f19e2jrxyr","cargo_no_time","Arquiteto de Dados","2025"
"9e2jrxyoyk1cwj4d5qhsg3f19e2jrxyr","cargo_no_time","Business Analyst","2025"
"xarja3eyjzoby8g064a9xarjaakixpuq","cargo_no_time","Analytics Engineer","2025"
"xarja3eyjzoby8g064a9xarjaakixpuq","cargo_no_time","Engenharia de Dados","2025"
"xarja3eyjzoby8g064a9xarjaakixpuq","cargo_no_time","Cientista de Dados","2025"
"xarja3eyjzoby8g064a9xarjaakixpuq","cargo_no_time","Analista de BI","2025"
"xarja3eyjzoby8g064a9xarjaakixpuq","cargo_no_time","ML/AI Engineer","2025"
"sq84mu1z3pch0uvsq8qr7rotvsnwyr2c","cargo_no_time","Analytics Engineer","2025"
"sq84mu1z3pch0uvsq8qr7rotvsnwyr2c","cargo_no_time","Engenharia de Dados","2025"
"sq84mu1z3pch0uvsq8qr7rotvsnwyr2c","cargo_no_time","Analista de Dados","2025"
"sq84mu1z3pch0uvsq8qr7rotvsnwyr2c","cargo_no_time","Cientista de Dados","2025"
"sq84mu1z3pch0uvsq8qr7rotvsnwyr2c","cargo_no_time","DBA","2025"
"sq84mu1z3pch0uvsq8qr7rotvsnwyr2c","cargo_no_time","Analista de BI","2025"
"w1vjeecdlxx0pxx4yj9weiww1vjestoo","cargo_no_time","Engenharia de Dados","2023"
"mwv328d0ymg5ssmw4psrjav2r7oeas4p","cargo_no_time","Analista de Dados","2023"
"mwv328d0ymg5ssmw4psrjav2r7oeas4p","cargo_no_time","Analista de BI","2023"
"mwv328d0ymg5ssmw4psrjav2r7oeas4p","cargo_no_time","Arquiteto de Dados","2023"
"mwv328d0ymg5ssmw4psrjav2r7oeas4p","cargo_no_time","Business Analyst","2023"
"rkmah4y8izc3bcwrrkmah435b95clcl5","cargo_no_time","Analytics Engineer","2023"
"rkmah4y8izc3bcwrrkmah435b95clcl5","cargo_no_time","Engenharia de Dados","2023"
"rkmah4y8izc3bcwrrkmah435b95clcl5","cargo_no_time","Arquiteto de Dados","2023"
"4hnok63wtc2bfieak0inlv4hnok6elsp","cargo_no_time","Engenharia de Dados","2023"
"4hnok63wtc2bfieak0inlv4hnok6elsp","cargo_no_time","Cientista de Dados","2023"
"4hnok63wtc2bfieak0inlv4hnok6elsp","cargo_no_time","Analista de BI","2023"
"4hnok63wtc2bfieak0inlv4hnok6elsp","cargo_no_time","Arquiteto de Dados","2023"
"ge9jxxl4kk8kg1yn9tk11ysr7fge9jxx","cargo_no_time","Analista de Dados","2023"
"ge9jxxl4kk8kg1yn9tk11ysr7fge9jxx","cargo_no_time","Cientista de Dados","2023"
"ge9jxxl4kk8kg1yn9tk11ysr7fge9jxx","cargo_no_time","Analista de BI","2023"
"y2ecaqpqimr7ffozxypy2ecab5lbz16t","cargo_no_time","Engenharia de Dados","2023"
"y2ecaqpqimr7ffozxypy2ecab5lbz16t","cargo_no_time","Analista de Dados","2023"
"y2ecaqpqimr7ffozxypy2ecab5lbz16t","cargo_no_time","Analista de BI","2023"
"k8g70i5n3xx1zm11qmsdfz4uoiixe411","cargo_no_time","Engenharia de Dados","2023"
"k8g70i5n3xx1zm11qmsdfz4uoiixe411","cargo_no_time","Cientista de Dados","2023"
"k8g70i5n3xx1zm11qmsdfz4uoiixe411","cargo_no_time","Analista de BI","2023"
"k8g70i5n3xx1zm11qmsdfz4uoiixe411","cargo_no_time","Business Analyst","2023"
"m8bwsdngqbex3ou5oapm8bwsglam42r9","cargo_no_time","Engenharia de Dados","2023"
"m8bwsdngqbex3ou5oapm8bwsglam42r9","cargo_no_time","Cientista de Dados","2023"
"sq84mu1z3pch0uvsq8qr7rotvsnwyr2c","cargo_no_time","Arquiteto de Dados","2025"
"sq84mu1z3pch0uvsq8qr7rotvsnwyr2c","cargo_no_time","Data Product Manager","2025"
"sq84mu1z3pch0uvsq8qr7rotvsnwyr2c","cargo_no_time","Business Analyst","2025"
"sq84mu1z3pch0uvsq8qr7rotvsnwyr2c","cargo_no_time","ML/AI Engineer","2025"
"e9lvk7ckrdop9olrcge9lvkfvj9qs1de","cargo_no_time","Engenharia de Dados","2025"
"e9lvk7ckrdop9olrcge9lvkfvj9qs1de","cargo_no_time","Analista de Dados","2025"
"e9lvk7ckrdop9olrcge9lvkfvj9qs1de","cargo_no_time","Cientista de Dados","2025"
"e9lvk7ckrdop9olrcge9lvkfvj9qs1de","cargo_no_time","Analista de BI","2025"
"0lgugwe8deyg52ilwit0lmn0jek2g4ox","cargo_no_time","Engenharia de Dados","2025"
"0lgugwe8deyg52ilwit0lmn0jek2g4ox","cargo_no_time","Analista de Dados","2025"
"0lgugwe8deyg52ilwit0lmn0jek2g4ox","cargo_no_time","Cientista de Dados","2025"
"0lgugwe8deyg52ilwit0lmn0jek2g4ox","cargo_no_time","ML/AI Engineer","2025"
"a0u1wqj0bkzyzrxpb297jy1a0u1wq27b","cargo_no_time","Business Analyst","2025"
"4oy5he5db8ic40gwk71b4oy5herl6hkc","cargo_no_time","Analista de Dados","2025"
"kzmwu7n4940195jjbqkzmwu3lw3ppmh8","cargo_no_time","Engenharia de Dados","2025"
"kzmwu7n4940195jjbqkzmwu3lw3ppmh8","cargo_no_time","Analista de Dados","2025"
"kzmwu7n4940195jjbqkzmwu3lw3ppmh8","cargo_no_time","Business Analyst","2025"
"cyw6wdqjvktzx5fo9fcyw6wdfvzamxvq","cargo_no_time","Engenharia de Dados","2025"
"cyw6wdqjvktzx5fo9fcyw6wdfvzamxvq","cargo_no_time","Analista de Dados","2025"
"cyw6wdqjvktzx5fo9fcyw6wdfvzamxvq","cargo_no_time","Cientista de Dados","2025"
"wi4x75ompoad5jwi4v7x1jkxxr2lpvu6","cargo_no_time","Analytics Engineer","2025"
"wi4x75ompoad5jwi4v7x1jkxxr2lpvu6","cargo_no_time","Engenharia de Dados","2025"
"wi4x75ompoad5jwi4v7x1jkxxr2lpvu6","cargo_no_time","Analista de Dados","2025"
"wi4x75ompoad5jwi4v7x1jkxxr2lpvu6","cargo_no_time","Cientista de Dados","2025"
"wi4x75ompoad5jwi4v7x1jkxxr2lpvu6","cargo_no_time","Arquiteto de Dados","2025"
"wi4x75ompoad5jwi4v7x1jkxxr2lpvu6","cargo_no_time","Data Product Manager","2025"
"wi4x75ompoad5jwi4v7x1jkxxr2lpvu6","cargo_no_time","ML/AI Engineer","2025"
"xdtv70gffrnucpjxdtv70vgp1zklusxy","cargo_no_time","Engenharia de Dados","2025"
"xdtv70gffrnucpjxdtv70vgp1zklusxy","cargo_no_time","Analista de Dados","2025"
"xdtv70gffrnucpjxdtv70vgp1zklusxy","cargo_no_time","Analista de BI","2025"
"xdtv70gffrnucpjxdtv70vgp1zklusxy","cargo_no_time","Business Analyst","2025"
"b9v8s9c6xn0id3xbj3llywnb9v8s9uwo","cargo_no_time","Engenharia de Dados","2025"
"m8bwsdngqbex3ou5oapm8bwsglam42r9","cargo_no_time","Analista de BI","2023"
"m8bwsdngqbex3ou5oapm8bwsglam42r9","cargo_no_time","Data Product Manager","2023"
"eurd8mesmjpkdof50heurd9jyboacqql","cargo_no_time","Engenharia de Dados","2023"
"eurd8mesmjpkdof50heurd9jyboacqql","cargo_no_time","Analista de Dados","2023"
"eurd8mesmjpkdof50heurd9jyboacqql","cargo_no_time","Cientista de Dados","2023"
"eurd8mesmjpkdof50heurd9jyboacqql","cargo_no_time","Business Analyst","2023"
"1ogf8n4avyhrbrhg8e1ogf8n4cbbbz0x","cargo_no_time","Engenharia de Dados","2023"
"1ogf8n4avyhrbrhg8e1ogf8n4cbbbz0x","cargo_no_time","Analista de Dados","2023"
"1ogf8n4avyhrbrhg8e1ogf8n4cbbbz0x","cargo_no_time","Cientista de Dados","2023"
"1ogf8n4avyhrbrhg8e1ogf8n4cbbbz0x","cargo_no_time","Analista de BI","2023"
"bamrw0nw2u12kdzbamfrhbimz1bib7aq","cargo_no_time","Analista de BI","2023"
"63q85iw4s2rq5v4863q85ig5nxh305o3","cargo_no_time","Analytics Engineer","2023"
"63q85iw4s2rq5v4863q85ig5nxh305o3","cargo_no_time","Engenharia de Dados","2023"
"63q85iw4s2rq5v4863q85ig5nxh305o3","cargo_no_time","Cientista de Dados","2023"
"63q85iw4s2rq5v4863q85ig5nxh305o3","cargo_no_time","Analista de BI","2023"
"63q85iw4s2rq5v4863q85ig5nxh305o3","cargo_no_time","Arquiteto de Dados","2023"
"63q85iw4s2rq5v4863q85ig5nxh305o3","cargo_no_time","Data Product Manager","2023"
"kyvemj7ig49wdxuvtkboekyvemj7ax5w","cargo_no_time","Analista de Dados","2023"
"kyvemj7ig49wdxuvtkboekyvemj7ax5w","cargo_no_time","Analista de BI","2023"
"kyvemj7ig49wdxuvtkboekyvemj7ax5w","cargo_no_time","Business Analyst","2023"
"6j3e3cz6rrh06oux16j3e3kvztit0avi","cargo_no_time","Engenharia de Dados","2023"
"6j3e3cz6rrh06oux16j3e3kvztit0avi","cargo_no_time","Analista de Dados","2023"
"6j3e3cz6rrh06oux16j3e3kvztit0avi","cargo_no_time","Cientista de Dados","2023"
"6j3e3cz6rrh06oux16j3e3kvztit0avi","cargo_no_time","Analista de BI","2023"
"zfys5ofsbi53z8cqk0nzfys5ofvribvj","cargo_no_time","Analista de Dados","2023"
"zfys5ofsbi53z8cqk0nzfys5ofvribvj","cargo_no_time","Analista de BI","2023"
"zfys5ofsbi53z8cqk0nzfys5ofvribvj","cargo_no_time","Business Analyst","2023"
"p4vuzc80lo0e6pz3p4vuz0272jsmz4zs","cargo_no_time","Analista de Dados","2023"
"p4vuzc80lo0e6pz3p4vuz0272jsmz4zs","cargo_no_time","Analista de BI","2023"
"p4vuzc80lo0e6pz3p4vuz0272jsmz4zs","cargo_no_time","Business Analyst","2023"
"03hoy11ga4jko92xixsfb03hogk1wpa8","cargo_no_time","Analytics Engineer","2023"
"03hoy11ga4jko92xixsfb03hogk1wpa8","cargo_no_time","Engenharia de Dados","2023"
"b9v8s9c6xn0id3xbj3llywnb9v8s9uwo","cargo_no_time","Cientista de Dados","2025"
"b9v8s9c6xn0id3xbj3llywnb9v8s9uwo","cargo_no_time","ML/AI Engineer","2025"
"jd295wnlrvtoywlqpjd2950d7b2cki51","cargo_no_time","Analytics Engineer","2025"
"jd295wnlrvtoywlqpjd2950d7b2cki51","cargo_no_time","Analista de Dados","2025"
"jd295wnlrvtoywlqpjd2950d7b2cki51","cargo_no_time","DBA","2025"
"jd295wnlrvtoywlqpjd2950d7b2cki51","cargo_no_time","Analista de BI","2025"
"jd295wnlrvtoywlqpjd2950d7b2cki51","cargo_no_time","Business Analyst","2025"
"p3irhlz26qmxqn29kf7bp3irhlz2zhe9","cargo_no_time","Engenharia de Dados","2025"
"p3irhlz26qmxqn29kf7bp3irhlz2zhe9","cargo_no_time","Analista de Dados","2025"
"p3irhlz26qmxqn29kf7bp3irhlz2zhe9","cargo_no_time","Cientista de Dados","2025"
"p3irhlz26qmxqn29kf7bp3irhlz2zhe9","cargo_no_time","Analista de BI","2025"
"p3irhlz26qmxqn29kf7bp3irhlz2zhe9","cargo_no_time","Data Product Manager","2025"
"p3irhlz26qmxqn29kf7bp3irhlz2zhe9","cargo_no_time","ML/AI Engineer","2025"
"uohdwb37n6rwqbnx6myo18uohdwb6lnn","cargo_no_time","Engenharia de Dados","2025"
"uohdwb37n6rwqbnx6myo18uohdwb6lnn","cargo_no_time","Analista de Dados","2025"
"uohdwb37n6rwqbnx6myo18uohdwb6lnn","cargo_no_time","Cientista de Dados","2025"
"uohdwb37n6rwqbnx6myo18uohdwb6lnn","cargo_no_time","Analista de BI","2025"
"uohdwb37n6rwqbnx6myo18uohdwb6lnn","cargo_no_time","Arquiteto de Dados","2025"
"1y3rimn969rjm0q6wu1y3rimna3vog0z","cargo_no_time","Engenharia de Dados","2025"
"1y3rimn969rjm0q6wu1y3rimna3vog0z","cargo_no_time","Analista de Dados","2025"
"1y3rimn969rjm0q6wu1y3rimna3vog0z","cargo_no_time","Cientista de Dados","2025"
"1y3rimn969rjm0q6wu1y3rimna3vog0z","cargo_no_time","Analista de BI","2025"
"1y3rimn969rjm0q6wu1y3rimna3vog0z","cargo_no_time","Arquiteto de Dados","2025"
"1y3rimn969rjm0q6wu1y3rimna3vog0z","cargo_no_time","ML/AI Engineer","2025"
"mq72q8n9cqjmk06x854k5g0mq72q8cby","cargo_no_time","Analista de BI","2025"
"mj9knjs7tkqve3mjotx8kd46lj2ypqu2","cargo_no_time","Analytics Engineer","2025"
"mj9knjs7tkqve3mjotx8kd46lj2ypqu2","cargo_no_time","Engenharia de Dados","2025"
"mj9knjs7tkqve3mjotx8kd46lj2ypqu2","cargo_no_time","Analista de Dados","2025"
"mj9knjs7tkqve3mjotx8kd46lj2ypqu2","cargo_no_time","Cientista de Dados","2025"
"mj9knjs7tkqve3mjotx8kd46lj2ypqu2","cargo_no_time","Arquiteto de Dados","2025"
"mj9knjs7tkqve3mjotx8kd46lj2ypqu2","cargo_no_time","Business Analyst","2025"
"mj9knjs7tkqve3mjotx8kd46lj2ypqu2","cargo_no_time","ML/AI Engineer","2025"
"hebc6b5tx6wlmuga5gz1zhhebc6brvhi","cargo_no_time","Cientista de Dados","2025"
"hebc6b5tx6wlmuga5gz1zhhebc6brvhi","cargo_no_time","Analista de BI","2025"
"zq26dcmv0amapy7zq26d2cnf8n0vdep8","cargo_no_time","Analytics Engineer","2025"
"zq26dcmv0amapy7zq26d2cnf8n0vdep8","cargo_no_time","Engenharia de Dados","2025"
"zq26dcmv0amapy7zq26d2cnf8n0vdep8","cargo_no_time","Analista de Dados","2025"
"zq26dcmv0amapy7zq26d2cnf8n0vdep8","cargo_no_time","Cientista de Dados","2025"
"zq26dcmv0amapy7zq26d2cnf8n0vdep8","cargo_no_time","DBA","2025"
"zq26dcmv0amapy7zq26d2cnf8n0vdep8","cargo_no_time","Analista de BI","2025"
"zq26dcmv0amapy7zq26d2cnf8n0vdep8","cargo_no_time","Data Product Manager","2025"
"zq26dcmv0amapy7zq26d2cnf8n0vdep8","cargo_no_time","Business Analyst","2025"
"zq26dcmv0amapy7zq26d2cnf8n0vdep8","cargo_no_time","ML/AI Engineer","2025"
"h4nodn9kjrq2o76brfyh4nod3zx3sjac","cargo_no_time","Analytics Engineer","2025"
"h4nodn9kjrq2o76brfyh4nod3zx3sjac","cargo_no_time","Engenharia de Dados","2025"
"h4nodn9kjrq2o76brfyh4nod3zx3sjac","cargo_no_time","Cientista de Dados","2025"
"h4nodn9kjrq2o76brfyh4nod3zx3sjac","cargo_no_time","Analista de BI","2025"
"h4nodn9kjrq2o76brfyh4nod3zx3sjac","cargo_no_time","Arquiteto de Dados","2025"
"h4nodn9kjrq2o76brfyh4nod3zx3sjac","cargo_no_time","Data Product Manager","2025"
"h4nodn9kjrq2o76brfyh4nod3zx3sjac","cargo_no_time","ML/AI Engineer","2025"
"d9a2durf6r3kgv88ad9abkidalarm9m5","cargo_no_time","Analytics Engineer","2025"
"d9a2durf6r3kgv88ad9abkidalarm9m5","cargo_no_time","Engenharia de Dados","2025"
"d9a2durf6r3kgv88ad9abkidalarm9m5","cargo_no_time","Analista de Dados","2025"
"d9a2durf6r3kgv88ad9abkidalarm9m5","cargo_no_time","Cientista de Dados","2025"
"d9a2durf6r3kgv88ad9abkidalarm9m5","cargo_no_time","DBA","2025"
"d9a2durf6r3kgv88ad9abkidalarm9m5","cargo_no_time","Arquiteto de Dados","2025"
"d9a2durf6r3kgv88ad9abkidalarm9m5","cargo_no_time","Data Product Manager","2025"
"d9a2durf6r3kgv88ad9abkidalarm9m5","cargo_no_time","ML/AI Engineer","2025"
"03hoy11ga4jko92xixsfb03hogk1wpa8","cargo_no_time","Analista de Dados","2023"
"03hoy11ga4jko92xixsfb03hogk1wpa8","cargo_no_time","Cientista de Dados","2023"
"03hoy11ga4jko92xixsfb03hogk1wpa8","cargo_no_time","Analista de BI","2023"
"03hoy11ga4jko92xixsfb03hogk1wpa8","cargo_no_time","Arquiteto de Dados","2023"
"03hoy11ga4jko92xixsfb03hogk1wpa8","cargo_no_time","Data Product Manager","2023"
"03hoy11ga4jko92xixsfb03hogk1wpa8","cargo_no_time","Business Analyst","2023"
"wuewo4okyv18zffypgd6wuew0p0q1iln","cargo_no_time","Engenharia de Dados","2023"
"wuewo4okyv18zffypgd6wuew0p0q1iln","cargo_no_time","Cientista de Dados","2023"
"g481a9u902nkrr2g48nibxrup9iv7woj","cargo_no_time","Cientista de Dados","2023"
"g481a9u902nkrr2g48nibxrup9iv7woj","cargo_no_time","Analista de BI","2023"
"g481a9u902nkrr2g48nibxrup9iv7woj","cargo_no_time","Business Analyst","2023"
"b9fj09w4hmdo3k81b9fj09vrooq3nu9w","cargo_no_time","Analytics Engineer","2023"
"b9fj09w4hmdo3k81b9fj09vrooq3nu9w","cargo_no_time","Engenharia de Dados","2023"
"b9fj09w4hmdo3k81b9fj09vrooq3nu9w","cargo_no_time","Analista de Dados","2023"
"b9fj09w4hmdo3k81b9fj09vrooq3nu9w","cargo_no_time","Cientista de Dados","2023"
"b9fj09w4hmdo3k81b9fj09vrooq3nu9w","cargo_no_time","DBA","2023"
"b9fj09w4hmdo3k81b9fj09vrooq3nu9w","cargo_no_time","Analista de BI","2023"
"b9fj09w4hmdo3k81b9fj09vrooq3nu9w","cargo_no_time","Arquiteto de Dados","2023"
"fvetep58u1pmyfvetnmnrcjbp8s6ubsx","cargo_no_time","Analista de Dados","2023"
"fvetep58u1pmyfvetnmnrcjbp8s6ubsx","cargo_no_time","Analista de BI","2023"
"y8apw0hgo720rr64hly8apwdh4jqy1ov","cargo_no_time","Analytics Engineer","2023"
"y8apw0hgo720rr64hly8apwdh4jqy1ov","cargo_no_time","Engenharia de Dados","2023"
"y8apw0hgo720rr64hly8apwdh4jqy1ov","cargo_no_time","Analista de Dados","2023"
"y8apw0hgo720rr64hly8apwdh4jqy1ov","cargo_no_time","Cientista de Dados","2023"
"y8apw0hgo720rr64hly8apwdh4jqy1ov","cargo_no_time","Data Product Manager","2023"
"xcxwoplhang5w8ybz6t6xcxwoplhaexf","cargo_no_time","Engenharia de Dados","2023"
"xcxwoplhang5w8ybz6t6xcxwoplhaexf","cargo_no_time","Analista de Dados","2023"
"xcxwoplhang5w8ybz6t6xcxwoplhaexf","cargo_no_time","Cientista de Dados","2023"
"rzo8us3v3ca09r01rzo8ub8qi98d9c2q","cargo_no_time","Engenharia de Dados","2023"
"rzo8us3v3ca09r01rzo8ub8qi98d9c2q","cargo_no_time","Analista de Dados","2023"
"rzo8us3v3ca09r01rzo8ub8qi98d9c2q","cargo_no_time","Analista de BI","2023"
"9d2l9mexkiv11wj1yzo9d2l92o1llx3i","cargo_no_time","Engenharia de Dados","2023"
"tn8qckj930fulz56tn8qwzepf9kltlph","cargo_no_time","Engenharia de Dados","2023"
"tn8qckj930fulz56tn8qwzepf9kltlph","cargo_no_time","Analista de Dados","2023"
"tn8qckj930fulz56tn8qwzepf9kltlph","cargo_no_time","Analista de BI","2023"
"rcdgr2ffpiivmheesrcdgmyu1w4ww2pa","cargo_no_time","Analytics Engineer","2023"
"rcdgr2ffpiivmheesrcdgmyu1w4ww2pa","cargo_no_time","Engenharia de Dados","2023"
"rcdgr2ffpiivmheesrcdgmyu1w4ww2pa","cargo_no_time","Analista de Dados","2023"
"rcdgr2ffpiivmheesrcdgmyu1w4ww2pa","cargo_no_time","Cientista de Dados","2023"
"rcdgr2ffpiivmheesrcdgmyu1w4ww2pa","cargo_no_time","DBA","2023"
"rcdgr2ffpiivmheesrcdgmyu1w4ww2pa","cargo_no_time","Analista de BI","2023"
"rcdgr2ffpiivmheesrcdgmyu1w4ww2pa","cargo_no_time","Business Analyst","2023"
"ed0nxycazyv97w9o3ed0nxccwrnnh9ij","cargo_no_time","Analista de Dados","2025"
"ed0nxycazyv97w9o3ed0nxccwrnnh9ij","cargo_no_time","Cientista de Dados","2025"
"ed0nxycazyv97w9o3ed0nxccwrnnh9ij","cargo_no_time","DBA","2025"
"ed0nxycazyv97w9o3ed0nxccwrnnh9ij","cargo_no_time","Analista de BI","2025"
"ed0nxycazyv97w9o3ed0nxccwrnnh9ij","cargo_no_time","Data Product Manager","2025"
"zp474vksv8pk3b79r0qizp474eazy8rx","cargo_no_time","Analytics Engineer","2025"
"zp474vksv8pk3b79r0qizp474eazy8rx","cargo_no_time","Engenharia de Dados","2025"
"zp474vksv8pk3b79r0qizp474eazy8rx","cargo_no_time","Analista de Dados","2025"
"zp474vksv8pk3b79r0qizp474eazy8rx","cargo_no_time","Cientista de Dados","2025"
"zp474vksv8pk3b79r0qizp474eazy8rx","cargo_no_time","Analista de BI","2025"
"zp474vksv8pk3b79r0qizp474eazy8rx","cargo_no_time","Arquiteto de Dados","2025"
"zp474vksv8pk3b79r0qizp474eazy8rx","cargo_no_time","Business Analyst","2025"
"12jt0xag5n55c2nl912yxlfruf3ste6r","cargo_no_time","Analytics Engineer","2025"
"12jt0xag5n55c2nl912yxlfruf3ste6r","cargo_no_time","Engenharia de Dados","2025"
"12jt0xag5n55c2nl912yxlfruf3ste6r","cargo_no_time","Analista de Dados","2025"
"12jt0xag5n55c2nl912yxlfruf3ste6r","cargo_no_time","Cientista de Dados","2025"
"12jt0xag5n55c2nl912yxlfruf3ste6r","cargo_no_time","Arquiteto de Dados","2025"
"12jt0xag5n55c2nl912yxlfruf3ste6r","cargo_no_time","Data Product Manager","2025"
"12jt0xag5n55c2nl912yxlfruf3ste6r","cargo_no_time","ML/AI Engineer","2025"
"nn4fmauv6o0vnwn08nnoj9pg7rsdwxj4","cargo_no_time","Analytics Engineer","2025"
"nn4fmauv6o0vnwn08nnoj9pg7rsdwxj4","cargo_no_time","Engenharia de Dados","2025"
"nn4fmauv6o0vnwn08nnoj9pg7rsdwxj4","cargo_no_time","Data Product Manager","2025"
"nn4fmauv6o0vnwn08nnoj9pg7rsdwxj4","cargo_no_time","ML/AI Engineer","2025"
"tv99d4btqhl9yli71ntv99d43ydrf79s","cargo_no_time","Engenharia de Dados","2025"
"b6xtghyzu54e528kdpyb6xtg6l6yb070","cargo_no_time","Engenharia de Dados","2025"
"b6xtghyzu54e528kdpyb6xtg6l6yb070","cargo_no_time","Analista de Dados","2025"
"b6xtghyzu54e528kdpyb6xtg6l6yb070","cargo_no_time","Cientista de Dados","2025"
"b6xtghyzu54e528kdpyb6xtg6l6yb070","cargo_no_time","DBA","2025"
"b6xtghyzu54e528kdpyb6xtg6l6yb070","cargo_no_time","Arquiteto de Dados","2025"
"b6xtghyzu54e528kdpyb6xtg6l6yb070","cargo_no_time","Data Product Manager","2025"
"b6xtghyzu54e528kdpyb6xtg6l6yb070","cargo_no_time","Business Analyst","2025"
"arrwkwcera9hpmvgiyarrwkw19jlbroh","cargo_no_time","Engenharia de Dados","2025"
"arrwkwcera9hpmvgiyarrwkw19jlbroh","cargo_no_time","Analista de Dados","2025"
"arrwkwcera9hpmvgiyarrwkw19jlbroh","cargo_no_time","Cientista de Dados","2025"
"arrwkwcera9hpmvgiyarrwkw19jlbroh","cargo_no_time","Arquiteto de Dados","2025"
"arrwkwcera9hpmvgiyarrwkw19jlbroh","cargo_no_time","Data Product Manager","2025"
"arrwkwcera9hpmvgiyarrwkw19jlbroh","cargo_no_time","Business Analyst","2025"
"f0a17ox5ed1d8zoxguho3f0a17tus9hc","cargo_no_time","Analytics Engineer","2025"
"f0a17ox5ed1d8zoxguho3f0a17tus9hc","cargo_no_time","Engenharia de Dados","2025"
"f0a17ox5ed1d8zoxguho3f0a17tus9hc","cargo_no_time","Analista de Dados","2025"
"f0a17ox5ed1d8zoxguho3f0a17tus9hc","cargo_no_time","Analista de BI","2025"
"f0a17ox5ed1d8zoxguho3f0a17tus9hc","cargo_no_time","Arquiteto de Dados","2025"
"jiyyp4uoex3n4huup5fjiyyp4uh0eeq4","cargo_no_time","Analista de Dados","2025"
"x1z04tqt3vx1z2osehvtgnw35es2os10","cargo_no_time","Analytics Engineer","2025"
"x1z04tqt3vx1z2osehvtgnw35es2os10","cargo_no_time","Engenharia de Dados","2025"
"x1z04tqt3vx1z2osehvtgnw35es2os10","cargo_no_time","Analista de Dados","2025"
"x1z04tqt3vx1z2osehvtgnw35es2os10","cargo_no_time","Cientista de Dados","2025"
"x1z04tqt3vx1z2osehvtgnw35es2os10","cargo_no_time","Analista de BI","2025"
"x1z04tqt3vx1z2osehvtgnw35es2os10","cargo_no_time","Arquiteto de Dados","2025"
"x1z04tqt3vx1z2osehvtgnw35es2os10","cargo_no_time","Data Product Manager","2025"
"x1z04tqt3vx1z2osehvtgnw35es2os10","cargo_no_time","Business Analyst","2025"
"x1z04tqt3vx1z2osehvtgnw35es2os10","cargo_no_time","ML/AI Engineer","2025"
"4uvr80od9copaz80d7o4uvr8c5uj2qbs","cargo_no_time","Analista de BI","2025"
"lg2hpmg41vkm5l245lg2eomqganc762i","cargo_no_time","Engenharia de Dados","2025"
"lg2hpmg41vkm5l245lg2eomqganc762i","cargo_no_time","Analista de Dados","2025"
"lg2hpmg41vkm5l245lg2eomqganc762i","cargo_no_time","Cientista de Dados","2025"
"lg2hpmg41vkm5l245lg2eomqganc762i","cargo_no_time","Analista de BI","2025"
"lg2hpmg41vkm5l245lg2eomqganc762i","cargo_no_time","Business Analyst","2025"
"lg2hpmg41vkm5l245lg2eomqganc762i","cargo_no_time","ML/AI Engineer","2025"
"uz0pzjrsy2iq402yeuz0pxh9lyujphm2","cargo_no_time","Analytics Engineer","2025"
"uz0pzjrsy2iq402yeuz0pxh9lyujphm2","cargo_no_time","Engenharia de Dados","2025"
"uz0pzjrsy2iq402yeuz0pxh9lyujphm2","cargo_no_time","Analista de Dados","2025"
"uz0pzjrsy2iq402yeuz0pxh9lyujphm2","cargo_no_time","Analista de BI","2025"
"uz0pzjrsy2iq402yeuz0pxh9lyujphm2","cargo_no_time","Arquiteto de Dados","2025"
"uz0pzjrsy2iq402yeuz0pxh9lyujphm2","cargo_no_time","Business Analyst","2025"
"2p4edht19pwnvd32p4es8dim9zh5tvwq","cargo_no_time","Cientista de Dados","2025"
"2p4edht19pwnvd32p4es8dim9zh5tvwq","cargo_no_time","Business Analyst","2025"
"llkv4guodhy1qpuofgz2llkv4jswv6rj","cargo_no_time","Engenharia de Dados","2025"
"llkv4guodhy1qpuofgz2llkv4jswv6rj","cargo_no_time","Analista de Dados","2025"
"llkv4guodhy1qpuofgz2llkv4jswv6rj","cargo_no_time","Analista de BI","2025"
"kltp2t0rdkppm5087kltp2v1fyr4bj7f","cargo_no_time","Analytics Engineer","2025"
"kltp2t0rdkppm5087kltp2v1fyr4bj7f","cargo_no_time","Engenharia de Dados","2025"
"kltp2t0rdkppm5087kltp2v1fyr4bj7f","cargo_no_time","Analista de Dados","2025"
"kltp2t0rdkppm5087kltp2v1fyr4bj7f","cargo_no_time","Cientista de Dados","2025"
"kltp2t0rdkppm5087kltp2v1fyr4bj7f","cargo_no_time","DBA","2025"
"kltp2t0rdkppm5087kltp2v1fyr4bj7f","cargo_no_time","ML/AI Engineer","2025"
"7o4z2naz678rrpm1vy7o4lxn6dd5d80n","cargo_no_time","Engenharia de Dados","2025"
"7o4z2naz678rrpm1vy7o4lxn6dd5d80n","cargo_no_time","Analista de BI","2025"
"6k1cf37ziigvl1mll0yv6k18fmyh7xa0","cargo_no_time","Analytics Engineer","2025"
"6k1cf37ziigvl1mll0yv6k18fmyh7xa0","cargo_no_time","Engenharia de Dados","2025"
"6k1cf37ziigvl1mll0yv6k18fmyh7xa0","cargo_no_time","Business Analyst","2025"
"8rcg13yy6wvo0yuf6vj8rcg16cm4z5xx","cargo_no_time","Analytics Engineer","2025"
"8rcg13yy6wvo0yuf6vj8rcg16cm4z5xx","cargo_no_time","Analista de Dados","2025"
"8rcg13yy6wvo0yuf6vj8rcg16cm4z5xx","cargo_no_time","Analista de BI","2025"
"l0zvgt8it1yhs57wnl0zvg8luma5c4wq","cargo_no_time","Analytics Engineer","2025"
"l0zvgt8it1yhs57wnl0zvg8luma5c4wq","cargo_no_time","Engenharia de Dados","2025"
"l0zvgt8it1yhs57wnl0zvg8luma5c4wq","cargo_no_time","Analista de Dados","2025"
"l0zvgt8it1yhs57wnl0zvg8luma5c4wq","cargo_no_time","Analista de BI","2025"
"l0zvgt8it1yhs57wnl0zvg8luma5c4wq","cargo_no_time","Data Product Manager","2025"
"l0zvgt8it1yhs57wnl0zvg8luma5c4wq","cargo_no_time","ML/AI Engineer","2025"
"8ygqnulxmupyfdlrx6g8ygqnua4uskfr","cargo_no_time","Engenharia de Dados","2025"
"8ygqnulxmupyfdlrx6g8ygqnua4uskfr","cargo_no_time","Analista de Dados","2025"
"8ygqnulxmupyfdlrx6g8ygqnua4uskfr","cargo_no_time","Cientista de Dados","2025"
"zhqg131r43emrmgs3jzhqg1kcecj55d3","cargo_no_time","Engenharia de Dados","2025"
"zhqg131r43emrmgs3jzhqg1kcecj55d3","cargo_no_time","Cientista de Dados","2025"
"zhqg131r43emrmgs3jzhqg1kcecj55d3","cargo_no_time","ML/AI Engineer","2025"
"tg4uyb1tw6tp0gmtg4ueiljac3pbpgk6","cargo_no_time","DBA","2025"
"tg4uyb1tw6tp0gmtg4ueiljac3pbpgk6","cargo_no_time","Analista de BI","2025"
"tg4uyb1tw6tp0gmtg4ueiljac3pbpgk6","cargo_no_time","Arquiteto de Dados","2025"
"tg4uyb1tw6tp0gmtg4ueiljac3pbpgk6","cargo_no_time","Business Analyst","2025"
"edpxaggjfwo6njedpoxmypivvjoy5dpw","cargo_no_time","Engenharia de Dados","2025"
"edpxaggjfwo6njedpoxmypivvjoy5dpw","cargo_no_time","DBA","2025"
"edpxaggjfwo6njedpoxmypivvjoy5dpw","cargo_no_time","Data Product Manager","2025"
"i2328m956ye2i23wj7r5a99y9zg3eoyw","cargo_no_time","Analista de Dados","2025"
"i2328m956ye2i23wj7r5a99y9zg3eoyw","cargo_no_time","Cientista de Dados","2025"
"i2328m956ye2i23wj7r5a99y9zg3eoyw","cargo_no_time","DBA","2025"
"fj29yzaeg6qlo8q7p5kfj29y6b8va3nm","cargo_no_time","Analytics Engineer","2025"
"fj29yzaeg6qlo8q7p5kfj29y6b8va3nm","cargo_no_time","Engenharia de Dados","2025"
"fj29yzaeg6qlo8q7p5kfj29y6b8va3nm","cargo_no_time","Analista de Dados","2025"
"fj29yzaeg6qlo8q7p5kfj29y6b8va3nm","cargo_no_time","Cientista de Dados","2025"
"fj29yzaeg6qlo8q7p5kfj29y6b8va3nm","cargo_no_time","Analista de BI","2025"
"fj29yzaeg6qlo8q7p5kfj29y6b8va3nm","cargo_no_time","ML/AI Engineer","2025"
"7nfuntcumx7q7nfd8uujunijm6rvkydd","cargo_no_time","Analytics Engineer","2025"
"7nfuntcumx7q7nfd8uujunijm6rvkydd","cargo_no_time","Engenharia de Dados","2025"
"7nfuntcumx7q7nfd8uujunijm6rvkydd","cargo_no_time","Analista de Dados","2025"
"7nfuntcumx7q7nfd8uujunijm6rvkydd","cargo_no_time","Cientista de Dados","2025"
"7nfuntcumx7q7nfd8uujunijm6rvkydd","cargo_no_time","DBA","2025"
"7nfuntcumx7q7nfd8uujunijm6rvkydd","cargo_no_time","Arquiteto de Dados","2025"
"7nfuntcumx7q7nfd8uujunijm6rvkydd","cargo_no_time","Data Product Manager","2025"
"7nfuntcumx7q7nfd8uujunijm6rvkydd","cargo_no_time","ML/AI Engineer","2025"
"3cvmgiby667rd922mn2zhn3cvmgib5sh","cargo_no_time","Analytics Engineer","2025"
"3cvmgiby667rd922mn2zhn3cvmgib5sh","cargo_no_time","Engenharia de Dados","2025"
"3cvmgiby667rd922mn2zhn3cvmgib5sh","cargo_no_time","Analista de Dados","2025"
"3cvmgiby667rd922mn2zhn3cvmgib5sh","cargo_no_time","Cientista de Dados","2025"
"3cvmgiby667rd922mn2zhn3cvmgib5sh","cargo_no_time","DBA","2025"
"3cvmgiby667rd922mn2zhn3cvmgib5sh","cargo_no_time","Arquiteto de Dados","2025"
"3cvmgiby667rd922mn2zhn3cvmgib5sh","cargo_no_time","ML/AI Engineer","2025"
"x9njnda0c2brg0x1gh98wpx9njndh1xb","cargo_no_time","Analytics Engineer","2025"
"x9njnda0c2brg0x1gh98wpx9njndh1xb","cargo_no_time","Engenharia de Dados","2025"
"x9njnda0c2brg0x1gh98wpx9njndh1xb","cargo_no_time","Analista de Dados","2025"
"x9njnda0c2brg0x1gh98wpx9njndh1xb","cargo_no_time","DBA","2025"
"x9njnda0c2brg0x1gh98wpx9njndh1xb","cargo_no_time","Analista de BI","2025"
"x9njnda0c2brg0x1gh98wpx9njndh1xb","cargo_no_time","Arquiteto de Dados","2025"
"x9njnda0c2brg0x1gh98wpx9njndh1xb","cargo_no_time","Data Product Manager","2025"
"x9njnda0c2brg0x1gh98wpx9njndh1xb","cargo_no_time","Business Analyst","2025"
"7um056rsrtdbjw5jw0c7um0x7lrtr9sd","cargo_no_time","Cientista de Dados","2025"
"5186toxroplrmepzy5186toyjwik1igk","cargo_no_time","Engenharia de Dados","2025"
"5186toxroplrmepzy5186toyjwik1igk","cargo_no_time","Cientista de Dados","2025"
"5186toxroplrmepzy5186toyjwik1igk","cargo_no_time","Analista de BI","2025"
"5186toxroplrmepzy5186toyjwik1igk","cargo_no_time","Arquiteto de Dados","2025"
"5186toxroplrmepzy5186toyjwik1igk","cargo_no_time","Business Analyst","2025"
"tkxzsc4gybbi5bj1tkxzsg8ss06xcn5t","cargo_no_time","Analytics Engineer","2025"
"tkxzsc4gybbi5bj1tkxzsg8ss06xcn5t","cargo_no_time","Engenharia de Dados","2025"
"tkxzsc4gybbi5bj1tkxzsg8ss06xcn5t","cargo_no_time","Analista de Dados","2025"
"tkxzsc4gybbi5bj1tkxzsg8ss06xcn5t","cargo_no_time","Cientista de Dados","2025"
"tkxzsc4gybbi5bj1tkxzsg8ss06xcn5t","cargo_no_time","DBA","2025"
"tkxzsc4gybbi5bj1tkxzsg8ss06xcn5t","cargo_no_time","Analista de BI","2025"
"tkxzsc4gybbi5bj1tkxzsg8ss06xcn5t","cargo_no_time","Arquiteto de Dados","2025"
"tkxzsc4gybbi5bj1tkxzsg8ss06xcn5t","cargo_no_time","Data Product Manager","2025"
"tkxzsc4gybbi5bj1tkxzsg8ss06xcn5t","cargo_no_time","Business Analyst","2025"
"tkxzsc4gybbi5bj1tkxzsg8ss06xcn5t","cargo_no_time","ML/AI Engineer","2025"
"yo7io1l6fdwdmokklzyo7io2us61jqs9","cargo_no_time","Analista de BI","2025"
"0bxu850aosxq7gi5xl0bxu850af5gmrd","cargo_no_time","Engenharia de Dados","2025"
"0bxu850aosxq7gi5xl0bxu850af5gmrd","cargo_no_time","Analista de Dados","2025"
"0bxu850aosxq7gi5xl0bxu850af5gmrd","cargo_no_time","Cientista de Dados","2025"
"0bxu850aosxq7gi5xl0bxu850af5gmrd","cargo_no_time","DBA","2025"
"dnek3smnae94mq2q7gs1jpndnek3szh5","cargo_no_time","Analytics Engineer","2025"
"dnek3smnae94mq2q7gs1jpndnek3szh5","cargo_no_time","Engenharia de Dados","2025"
"dnek3smnae94mq2q7gs1jpndnek3szh5","cargo_no_time","Cientista de Dados","2025"
"dnek3smnae94mq2q7gs1jpndnek3szh5","cargo_no_time","DBA","2025"
"dnek3smnae94mq2q7gs1jpndnek3szh5","cargo_no_time","Analista de BI","2025"
"dnek3smnae94mq2q7gs1jpndnek3szh5","cargo_no_time","ML/AI Engineer","2025"
"1w1mp9qqneu2cpd8byr1w1mt4mqh1m8l","cargo_no_time","Engenharia de Dados","2025"
"1w1mp9qqneu2cpd8byr1w1mt4mqh1m8l","cargo_no_time","Analista de Dados","2025"
"1w1mp9qqneu2cpd8byr1w1mt4mqh1m8l","cargo_no_time","Cientista de Dados","2025"
"1w1mp9qqneu2cpd8byr1w1mt4mqh1m8l","cargo_no_time","Analista de BI","2025"
"1w1mp9qqneu2cpd8byr1w1mt4mqh1m8l","cargo_no_time","Data Product Manager","2025"
"1w1mp9qqneu2cpd8byr1w1mt4mqh1m8l","cargo_no_time","Business Analyst","2025"
"1w1mp9qqneu2cpd8byr1w1mt4mqh1m8l","cargo_no_time","ML/AI Engineer","2025"
"8kjseakw2uoyqvo5v8kjsq8j2r8imgvp","cargo_no_time","Analytics Engineer","2025"
"8kjseakw2uoyqvo5v8kjsq8j2r8imgvp","cargo_no_time","Engenharia de Dados","2025"
"8kjseakw2uoyqvo5v8kjsq8j2r8imgvp","cargo_no_time","Cientista de Dados","2025"
"8kjseakw2uoyqvo5v8kjsq8j2r8imgvp","cargo_no_time","Arquiteto de Dados","2025"
"8kjseakw2uoyqvo5v8kjsq8j2r8imgvp","cargo_no_time","Business Analyst","2025"
"8kjseakw2uoyqvo5v8kjsq8j2r8imgvp","cargo_no_time","ML/AI Engineer","2025"
"vb2nrxp814mu0qzi7dc4tvb2nrxp014k","cargo_no_time","Engenharia de Dados","2025"
"vb2nrxp814mu0qzi7dc4tvb2nrxp014k","cargo_no_time","Analista de Dados","2025"
"vb2nrxp814mu0qzi7dc4tvb2nrxp014k","cargo_no_time","Cientista de Dados","2025"
"h9z1ykseqcvgb6ch9z1yki2dj9u6z6ee","cargo_no_time","Analytics Engineer","2025"
"h9z1ykseqcvgb6ch9z1yki2dj9u6z6ee","cargo_no_time","Engenharia de Dados","2025"
"h9z1ykseqcvgb6ch9z1yki2dj9u6z6ee","cargo_no_time","Analista de Dados","2025"
"h9z1ykseqcvgb6ch9z1yki2dj9u6z6ee","cargo_no_time","Cientista de Dados","2025"
"h9z1ykseqcvgb6ch9z1yki2dj9u6z6ee","cargo_no_time","Analista de BI","2025"
"x0dpu70l1a6ku9xplx0dp2lfibuum7tx","cargo_no_time","Engenharia de Dados","2025"
"x0dpu70l1a6ku9xplx0dp2lfibuum7tx","cargo_no_time","Analista de Dados","2025"
"x0dpu70l1a6ku9xplx0dp2lfibuum7tx","cargo_no_time","Cientista de Dados","2025"
"x0dpu70l1a6ku9xplx0dp2lfibuum7tx","cargo_no_time","ML/AI Engineer","2025"
"qn31db0zu6jw156w3w0duqn31dbxuxpx","cargo_no_time","Engenharia de Dados","2025"
"qn31db0zu6jw156w3w0duqn31dbxuxpx","cargo_no_time","Analista de Dados","2025"
"qn31db0zu6jw156w3w0duqn31dbxuxpx","cargo_no_time","Analista de BI","2025"
"qn31db0zu6jw156w3w0duqn31dbxuxpx","cargo_no_time","Arquiteto de Dados","2025"
"fqryjm0jn7gwhgcfqrynwrg9hw1kyy1s","cargo_no_time","Analytics Engineer","2025"
"fqryjm0jn7gwhgcfqrynwrg9hw1kyy1s","cargo_no_time","Engenharia de Dados","2025"
"fqryjm0jn7gwhgcfqrynwrg9hw1kyy1s","cargo_no_time","Analista de Dados","2025"
"fqryjm0jn7gwhgcfqrynwrg9hw1kyy1s","cargo_no_time","Cientista de Dados","2025"
"fqryjm0jn7gwhgcfqrynwrg9hw1kyy1s","cargo_no_time","Data Product Manager","2025"
"fqryjm0jn7gwhgcfqrynwrg9hw1kyy1s","cargo_no_time","ML/AI Engineer","2025"
"z8jvft956q7hhmfix58hgm1z8jvft95s","cargo_no_time","Analytics Engineer","2025"
"z8jvft956q7hhmfix58hgm1z8jvft95s","cargo_no_time","Engenharia de Dados","2025"
"z8jvft956q7hhmfix58hgm1z8jvft95s","cargo_no_time","Analista de Dados","2025"
"z8jvft956q7hhmfix58hgm1z8jvft95s","cargo_no_time","Cientista de Dados","2025"
"z8jvft956q7hhmfix58hgm1z8jvft95s","cargo_no_time","Data Product Manager","2025"
"qte3wv67heakgl5qte3whyu2pd34mw4i","cargo_no_time","Engenharia de Dados","2025"
"qte3wv67heakgl5qte3whyu2pd34mw4i","cargo_no_time","Analista de Dados","2025"
"qte3wv67heakgl5qte3whyu2pd34mw4i","cargo_no_time","Analista de BI","2025"
"qte3wv67heakgl5qte3whyu2pd34mw4i","cargo_no_time","Arquiteto de Dados","2025"
"qte3wv67heakgl5qte3whyu2pd34mw4i","cargo_no_time","Business Analyst","2025"
"qte3wv67heakgl5qte3whyu2pd34mw4i","cargo_no_time","ML/AI Engineer","2025"
"v3imflwednxnaeudvk06iv3imflwsit7","cargo_no_time","Analytics Engineer","2025"
"v3imflwednxnaeudvk06iv3imflwsit7","cargo_no_time","Cientista de Dados","2025"
"v3imflwednxnaeudvk06iv3imflwsit7","cargo_no_time","Analista de BI","2025"
"v3imflwednxnaeudvk06iv3imflwsit7","cargo_no_time","Data Product Manager","2025"
"j3tk8ei7dwkvuq13sc6j3tk8eiqc5vab","cargo_no_time","Analytics Engineer","2025"
"j3tk8ei7dwkvuq13sc6j3tk8eiqc5vab","cargo_no_time","Engenharia de Dados","2025"
"j3tk8ei7dwkvuq13sc6j3tk8eiqc5vab","cargo_no_time","Cientista de Dados","2025"
"j3tk8ei7dwkvuq13sc6j3tk8eiqc5vab","cargo_no_time","Analista de BI","2025"
"j3tk8ei7dwkvuq13sc6j3tk8eiqc5vab","cargo_no_time","Data Product Manager","2025"
"j3tk8ei7dwkvuq13sc6j3tk8eiqc5vab","cargo_no_time","ML/AI Engineer","2025"
"jm9d9rkeffiibqkujm9dk0euqnzg24zg","cargo_no_time","Engenharia de Dados","2025"
"jm9d9rkeffiibqkujm9dk0euqnzg24zg","cargo_no_time","Analista de BI","2025"
"jm9d9rkeffiibqkujm9dk0euqnzg24zg","cargo_no_time","Arquiteto de Dados","2025"
"jm9d9rkeffiibqkujm9dk0euqnzg24zg","cargo_no_time","ML/AI Engineer","2025"
"9cfgl0xbf13lu15gon2eb19cfgl0x79q","cargo_no_time","Analista de BI","2025"
"5pxwmdz9nj4zwd52brte8o5pxwmf6zal","cargo_no_time","Analytics Engineer","2025"
"5pxwmdz9nj4zwd52brte8o5pxwmf6zal","cargo_no_time","Engenharia de Dados","2025"
"5pxwmdz9nj4zwd52brte8o5pxwmf6zal","cargo_no_time","Analista de Dados","2025"
"5pxwmdz9nj4zwd52brte8o5pxwmf6zal","cargo_no_time","Cientista de Dados","2025"
"5pxwmdz9nj4zwd52brte8o5pxwmf6zal","cargo_no_time","Business Analyst","2025"
"5pxwmdz9nj4zwd52brte8o5pxwmf6zal","cargo_no_time","ML/AI Engineer","2025"
"do4pbobu8t0ckxt8kdo4pbomrapwlgbo","cargo_no_time","Analytics Engineer","2025"
"do4pbobu8t0ckxt8kdo4pbomrapwlgbo","cargo_no_time","Engenharia de Dados","2025"
"do4pbobu8t0ckxt8kdo4pbomrapwlgbo","cargo_no_time","Analista de Dados","2025"
"do4pbobu8t0ckxt8kdo4pbomrapwlgbo","cargo_no_time","Cientista de Dados","2025"
"do4pbobu8t0ckxt8kdo4pbomrapwlgbo","cargo_no_time","Analista de BI","2025"
"do4pbobu8t0ckxt8kdo4pbomrapwlgbo","cargo_no_time","Arquiteto de Dados","2025"
"do4pbobu8t0ckxt8kdo4pbomrapwlgbo","cargo_no_time","Business Analyst","2025"
"glghpqh5n1d0pegad0vglghpqkusbb19","cargo_no_time","Analista de BI","2025"
"xnfavvje6btqksrgphcuxnfavv8k3xv8","cargo_no_time","Engenharia de Dados","2025"
"xnfavvje6btqksrgphcuxnfavv8k3xv8","cargo_no_time","Analista de Dados","2025"
"xnfavvje6btqksrgphcuxnfavv8k3xv8","cargo_no_time","Cientista de Dados","2025"
"xnfavvje6btqksrgphcuxnfavv8k3xv8","cargo_no_time","Analista de BI","2025"
"xnfavvje6btqksrgphcuxnfavv8k3xv8","cargo_no_time","Business Analyst","2025"
"r080ecy1tvuetyf7r8tor080eck7zd38","cargo_no_time","Analytics Engineer","2025"
"r080ecy1tvuetyf7r8tor080eck7zd38","cargo_no_time","Engenharia de Dados","2025"
"r080ecy1tvuetyf7r8tor080eck7zd38","cargo_no_time","Analista de Dados","2025"
"r080ecy1tvuetyf7r8tor080eck7zd38","cargo_no_time","Cientista de Dados","2025"
"r080ecy1tvuetyf7r8tor080eck7zd38","cargo_no_time","Arquiteto de Dados","2025"
"r080ecy1tvuetyf7r8tor080eck7zd38","cargo_no_time","Data Product Manager","2025"
"r080ecy1tvuetyf7r8tor080eck7zd38","cargo_no_time","ML/AI Engineer","2025"
"i5z5wys026b9e19ci5z571butbn8wz3k","cargo_no_time","Engenharia de Dados","2025"
"i5z5wys026b9e19ci5z571butbn8wz3k","cargo_no_time","Analista de Dados","2025"
"i5z5wys026b9e19ci5z571butbn8wz3k","cargo_no_time","Cientista de Dados","2025"
"i5z5wys026b9e19ci5z571butbn8wz3k","cargo_no_time","Analista de BI","2025"
"5b1uhyx4d99m5b1uhted40pez8rwvute","cargo_no_time","Analytics Engineer","2025"
"5b1uhyx4d99m5b1uhted40pez8rwvute","cargo_no_time","Engenharia de Dados","2025"
"5b1uhyx4d99m5b1uhted40pez8rwvute","cargo_no_time","Analista de Dados","2025"
"5b1uhyx4d99m5b1uhted40pez8rwvute","cargo_no_time","Cientista de Dados","2025"
"5b1uhyx4d99m5b1uhted40pez8rwvute","cargo_no_time","Arquiteto de Dados","2025"
"5b1uhyx4d99m5b1uhted40pez8rwvute","cargo_no_time","Business Analyst","2025"
"5b1uhyx4d99m5b1uhted40pez8rwvute","cargo_no_time","ML/AI Engineer","2025"
"8t7ge4zdoxba9e24d8t7grk7082oedah","cargo_no_time","Engenharia de Dados","2025"
"8t7ge4zdoxba9e24d8t7grk7082oedah","cargo_no_time","Cientista de Dados","2025"
"3f1to38a65v05kfxbi3f1to38sabx924","cargo_no_time","Business Analyst","2025"
"vo7y7wuaga71s65o6j4v8fn4jvo7y7wu","cargo_no_time","Analytics Engineer","2025"
"vo7y7wuaga71s65o6j4v8fn4jvo7y7wu","cargo_no_time","Engenharia de Dados","2025"
"vo7y7wuaga71s65o6j4v8fn4jvo7y7wu","cargo_no_time","Analista de Dados","2025"
"vo7y7wuaga71s65o6j4v8fn4jvo7y7wu","cargo_no_time","Cientista de Dados","2025"
"vo7y7wuaga71s65o6j4v8fn4jvo7y7wu","cargo_no_time","Analista de BI","2025"
"vo7y7wuaga71s65o6j4v8fn4jvo7y7wu","cargo_no_time","Business Analyst","2025"
"vo7y7wuaga71s65o6j4v8fn4jvo7y7wu","cargo_no_time","ML/AI Engineer","2025"
"xictnxntl1iwxhxyxictnxu2qtuf2xy0","cargo_no_time","Engenharia de Dados","2025"
"xictnxntl1iwxhxyxictnxu2qtuf2xy0","cargo_no_time","Analista de Dados","2025"
"xictnxntl1iwxhxyxictnxu2qtuf2xy0","cargo_no_time","Cientista de Dados","2025"
"xictnxntl1iwxhxyxictnxu2qtuf2xy0","cargo_no_time","Analista de BI","2025"
"xictnxntl1iwxhxyxictnxu2qtuf2xy0","cargo_no_time","Arquiteto de Dados","2025"
"xictnxntl1iwxhxyxictnxu2qtuf2xy0","cargo_no_time","Business Analyst","2025"
"xictnxntl1iwxhxyxictnxu2qtuf2xy0","cargo_no_time","ML/AI Engineer","2025"
"dtdp7vr7nl0envermpfdtdp7vdllii5z","cargo_no_time","Engenharia de Dados","2025"
"dtdp7vr7nl0envermpfdtdp7vdllii5z","cargo_no_time","Analista de Dados","2025"
"3n5ocdro02831zwi8kg3n5ocamqhyvgm","cargo_no_time","Engenharia de Dados","2025"
"3n5ocdro02831zwi8kg3n5ocamqhyvgm","cargo_no_time","Analista de Dados","2025"
"3n5ocdro02831zwi8kg3n5ocamqhyvgm","cargo_no_time","Cientista de Dados","2025"
"3n5ocdro02831zwi8kg3n5ocamqhyvgm","cargo_no_time","Analista de BI","2025"
"3n5ocdro02831zwi8kg3n5ocamqhyvgm","cargo_no_time","Data Product Manager","2025"
"3n5ocdro02831zwi8kg3n5ocamqhyvgm","cargo_no_time","Business Analyst","2025"
"s0uvrxtht6npqyhviks0uvrxtazp9m4x","cargo_no_time","Engenharia de Dados","2024"
"s0uvrxtht6npqyhviks0uvrxtazp9m4x","cargo_no_time","Analista de Dados","2024"
"s0uvrxtht6npqyhviks0uvrxtazp9m4x","cargo_no_time","Cientista de Dados","2024"
"s0uvrxtht6npqyhviks0uvrxtazp9m4x","cargo_no_time","Data Product Manager","2024"
"0frkbmuybatbg8hiyhct0frkbmuh0o95","cargo_no_time","Engenharia de Dados","2024"
"0frkbmuybatbg8hiyhct0frkbmuh0o95","cargo_no_time","Analista de Dados","2024"
"0frkbmuybatbg8hiyhct0frkbmuh0o95","cargo_no_time","Cientista de Dados","2024"
"0frkbmuybatbg8hiyhct0frkbmuh0o95","cargo_no_time","Arquiteto de Dados","2024"
"0frkbmuybatbg8hiyhct0frkbmuh0o95","cargo_no_time","Data Product Manager","2024"
"rvxo0eekqrokqrvxozt6j8hbcvz37u6h","cargo_no_time","Engenharia de Dados","2024"
"rvxo0eekqrokqrvxozt6j8hbcvz37u6h","cargo_no_time","Analista de Dados","2024"
"rvxo0eekqrokqrvxozt6j8hbcvz37u6h","cargo_no_time","Cientista de Dados","2024"
"rvxo0eekqrokqrvxozt6j8hbcvz37u6h","cargo_no_time","Data Product Manager","2024"
"nb50leqw50snxa91z1mg5znb50leqwsb","cargo_no_time","Analytics Engineer","2024"
"nb50leqw50snxa91z1mg5znb50leqwsb","cargo_no_time","Engenharia de Dados","2024"
"nb50leqw50snxa91z1mg5znb50leqwsb","cargo_no_time","Analista de Dados","2024"
"nb50leqw50snxa91z1mg5znb50leqwsb","cargo_no_time","Cientista de Dados","2024"
"nb50leqw50snxa91z1mg5znb50leqwsb","cargo_no_time","DBA","2024"
"nb50leqw50snxa91z1mg5znb50leqwsb","cargo_no_time","Analista de BI","2024"
"nb50leqw50snxa91z1mg5znb50leqwsb","cargo_no_time","Arquiteto de Dados","2024"
"nb50leqw50snxa91z1mg5znb50leqwsb","cargo_no_time","Data Product Manager","2024"
"nb50leqw50snxa91z1mg5znb50leqwsb","cargo_no_time","Business Analyst","2024"
"9hy1ly06m24fnsvrdl9hy1ly8enyk4ku","cargo_no_time","Analytics Engineer","2024"
"9hy1ly06m24fnsvrdl9hy1ly8enyk4ku","cargo_no_time","Engenharia de Dados","2024"
"9hy1ly06m24fnsvrdl9hy1ly8enyk4ku","cargo_no_time","Cientista de Dados","2024"
"9hy1ly06m24fnsvrdl9hy1ly8enyk4ku","cargo_no_time","Arquiteto de Dados","2024"
"9hy1ly06m24fnsvrdl9hy1ly8enyk4ku","cargo_no_time","Data Product Manager","2024"
"9hy1ly06m24fnsvrdl9hy1ly8enyk4ku","cargo_no_time","ML/AI Engineer","2024"
"jvvy1hucj9r4w64ka7jvvy1h9fxfwl78","cargo_no_time","Analytics Engineer","2024"
"jvvy1hucj9r4w64ka7jvvy1h9fxfwl78","cargo_no_time","Engenharia de Dados","2024"
"jvvy1hucj9r4w64ka7jvvy1h9fxfwl78","cargo_no_time","Analista de Dados","2024"
"jvvy1hucj9r4w64ka7jvvy1h9fxfwl78","cargo_no_time","Cientista de Dados","2024"
"jvvy1hucj9r4w64ka7jvvy1h9fxfwl78","cargo_no_time","Analista de BI","2024"
"jvvy1hucj9r4w64ka7jvvy1h9fxfwl78","cargo_no_time","Arquiteto de Dados","2024"
"jvvy1hucj9r4w64ka7jvvy1h9fxfwl78","cargo_no_time","Data Product Manager","2024"
"jvvy1hucj9r4w64ka7jvvy1h9fxfwl78","cargo_no_time","Business Analyst","2024"
"jvvy1hucj9r4w64ka7jvvy1h9fxfwl78","cargo_no_time","ML/AI Engineer","2024"
"12err7sdmw82o4vh12e7u6zkx9a73xbu","cargo_no_time","Analytics Engineer","2024"
"12err7sdmw82o4vh12e7u6zkx9a73xbu","cargo_no_time","Engenharia de Dados","2024"
"12err7sdmw82o4vh12e7u6zkx9a73xbu","cargo_no_time","Analista de Dados","2024"
"12err7sdmw82o4vh12e7u6zkx9a73xbu","cargo_no_time","Cientista de Dados","2024"
"12err7sdmw82o4vh12e7u6zkx9a73xbu","cargo_no_time","Data Product Manager","2024"
"12err7sdmw82o4vh12e7u6zkx9a73xbu","cargo_no_time","ML/AI Engineer","2024"
"mft7bz3zcdm40fiowmmft7bzzi1d3zyz","cargo_no_time","Business Analyst","2024"
"y9yle09pg189y16by9yl0zs4rnrs6m0i","cargo_no_time","Engenharia de Dados","2024"
"y9yle09pg189y16by9yl0zs4rnrs6m0i","cargo_no_time","Analista de Dados","2024"
"y9yle09pg189y16by9yl0zs4rnrs6m0i","cargo_no_time","Analista de BI","2024"
"l2rrecr03ya5dl2rjo2zzhhc6sar2qs5","cargo_no_time","Engenharia de Dados","2024"
"l2rrecr03ya5dl2rjo2zzhhc6sar2qs5","cargo_no_time","Analista de Dados","2024"
"l2rrecr03ya5dl2rjo2zzhhc6sar2qs5","cargo_no_time","Cientista de Dados","2024"
"l2rrecr03ya5dl2rjo2zzhhc6sar2qs5","cargo_no_time","DBA","2024"
"l2rrecr03ya5dl2rjo2zzhhc6sar2qs5","cargo_no_time","Analista de BI","2024"
"l2rrecr03ya5dl2rjo2zzhhc6sar2qs5","cargo_no_time","Arquiteto de Dados","2024"
"l2rrecr03ya5dl2rjo2zzhhc6sar2qs5","cargo_no_time","Business Analyst","2024"
"0r96e63nd8clbdk1wa0r96e6sju3gbgk","cargo_no_time","Analytics Engineer","2024"
"0r96e63nd8clbdk1wa0r96e6sju3gbgk","cargo_no_time","Engenharia de Dados","2024"
"0r96e63nd8clbdk1wa0r96e6sju3gbgk","cargo_no_time","Analista de Dados","2024"
"0r96e63nd8clbdk1wa0r96e6sju3gbgk","cargo_no_time","Cientista de Dados","2024"
"0r96e63nd8clbdk1wa0r96e6sju3gbgk","cargo_no_time","DBA","2024"
"0r96e63nd8clbdk1wa0r96e6sju3gbgk","cargo_no_time","Analista de BI","2024"
"0r96e63nd8clbdk1wa0r96e6sju3gbgk","cargo_no_time","Arquiteto de Dados","2024"
"0r96e63nd8clbdk1wa0r96e6sju3gbgk","cargo_no_time","Business Analyst","2024"
"0r96e63nd8clbdk1wa0r96e6sju3gbgk","cargo_no_time","ML/AI Engineer","2024"
"4nq628qotvhhcblok0q4nq628qrzlrcv","cargo_no_time","Analytics Engineer","2024"
"4nq628qotvhhcblok0q4nq628qrzlrcv","cargo_no_time","Engenharia de Dados","2024"
"4nq628qotvhhcblok0q4nq628qrzlrcv","cargo_no_time","Analista de Dados","2024"
"4nq628qotvhhcblok0q4nq628qrzlrcv","cargo_no_time","Cientista de Dados","2024"
"4nq628qotvhhcblok0q4nq628qrzlrcv","cargo_no_time","Analista de BI","2024"
"4nq628qotvhhcblok0q4nq628qrzlrcv","cargo_no_time","Arquiteto de Dados","2024"
"4nq628qotvhhcblok0q4nq628qrzlrcv","cargo_no_time","Data Product Manager","2024"
"4nq628qotvhhcblok0q4nq628qrzlrcv","cargo_no_time","ML/AI Engineer","2024"
"3imd7jc1xowcecgo3imd7x20wmltc3u6","cargo_no_time","Engenharia de Dados","2024"
"3imd7jc1xowcecgo3imd7x20wmltc3u6","cargo_no_time","Analista de Dados","2024"
"3imd7jc1xowcecgo3imd7x20wmltc3u6","cargo_no_time","Cientista de Dados","2024"
"3imd7jc1xowcecgo3imd7x20wmltc3u6","cargo_no_time","Analista de BI","2024"
"3imd7jc1xowcecgo3imd7x20wmltc3u6","cargo_no_time","Arquiteto de Dados","2024"
"3imd7jc1xowcecgo3imd7x20wmltc3u6","cargo_no_time","Data Product Manager","2024"
"3imd7jc1xowcecgo3imd7x20wmltc3u6","cargo_no_time","ML/AI Engineer","2024"
"w057unutp5ihz1w057uyza37rs6iw7kv","cargo_no_time","Engenharia de Dados","2024"
"w057unutp5ihz1w057uyza37rs6iw7kv","cargo_no_time","Cientista de Dados","2024"
"w057unutp5ihz1w057uyza37rs6iw7kv","cargo_no_time","Arquiteto de Dados","2024"
"w057unutp5ihz1w057uyza37rs6iw7kv","cargo_no_time","Data Product Manager","2024"
"335r57q3qxjmdg5iu335r0sttkwmfvib","cargo_no_time","Analytics Engineer","2024"
"335r57q3qxjmdg5iu335r0sttkwmfvib","cargo_no_time","Engenharia de Dados","2024"
"335r57q3qxjmdg5iu335r0sttkwmfvib","cargo_no_time","Analista de Dados","2024"
"335r57q3qxjmdg5iu335r0sttkwmfvib","cargo_no_time","Cientista de Dados","2024"
"7nho6mouf74ro49lu27nho6mjxbf2fmq","cargo_no_time","Analytics Engineer","2024"
"7nho6mouf74ro49lu27nho6mjxbf2fmq","cargo_no_time","Engenharia de Dados","2024"
"7nho6mouf74ro49lu27nho6mjxbf2fmq","cargo_no_time","Analista de Dados","2024"
"7nho6mouf74ro49lu27nho6mjxbf2fmq","cargo_no_time","Cientista de Dados","2024"
"7nho6mouf74ro49lu27nho6mjxbf2fmq","cargo_no_time","Analista de BI","2024"
"7nho6mouf74ro49lu27nho6mjxbf2fmq","cargo_no_time","Arquiteto de Dados","2024"
"7nho6mouf74ro49lu27nho6mjxbf2fmq","cargo_no_time","Business Analyst","2024"
"v5bjb5npw55w3ud7qcev5bjb5uwlsa66","cargo_no_time","Analytics Engineer","2024"
"v5bjb5npw55w3ud7qcev5bjb5uwlsa66","cargo_no_time","Engenharia de Dados","2024"
"v5bjb5npw55w3ud7qcev5bjb5uwlsa66","cargo_no_time","Analista de Dados","2024"
"v5bjb5npw55w3ud7qcev5bjb5uwlsa66","cargo_no_time","Cientista de Dados","2024"
"v5bjb5npw55w3ud7qcev5bjb5uwlsa66","cargo_no_time","Analista de BI","2024"
"v5bjb5npw55w3ud7qcev5bjb5uwlsa66","cargo_no_time","Arquiteto de Dados","2024"
"v5bjb5npw55w3ud7qcev5bjb5uwlsa66","cargo_no_time","Data Product Manager","2024"
"v5bjb5npw55w3ud7qcev5bjb5uwlsa66","cargo_no_time","Business Analyst","2024"
"v5bjb5npw55w3ud7qcev5bjb5uwlsa66","cargo_no_time","ML/AI Engineer","2024"
"6fcyiwrfgqampznyztvfliu6fcyiwkjr","cargo_no_time","Engenharia de Dados","2024"
"6fcyiwrfgqampznyztvfliu6fcyiwkjr","cargo_no_time","Analista de Dados","2024"
"6fcyiwrfgqampznyztvfliu6fcyiwkjr","cargo_no_time","Analista de BI","2024"
"3lusq2wjzg5tw23lu80zi3adx4ay1dox","cargo_no_time","Engenharia de Dados","2024"
"3lusq2wjzg5tw23lu80zi3adx4ay1dox","cargo_no_time","Analista de Dados","2024"
"3lusq2wjzg5tw23lu80zi3adx4ay1dox","cargo_no_time","Business Analyst","2024"
"ab48bgxxwvb6gr4tml0abv3fefzuqxrv","cargo_no_time","Cientista de Dados","2024"
"ab48bgxxwvb6gr4tml0abv3fefzuqxrv","cargo_no_time","Business Analyst","2024"
"uaiwj7eicnub6jlmj3m4nuuaiwj7afn0","cargo_no_time","Analista de Dados","2024"
"52fkqy8bb9br552fkvqzt7xby5yjolbi","cargo_no_time","Analista de Dados","2024"
"52fkqy8bb9br552fkvqzt7xby5yjolbi","cargo_no_time","Analista de BI","2024"
"hvwm8q07thnne88hhvwsbguvk3gic1cd","cargo_no_time","Engenharia de Dados","2024"
"hvwm8q07thnne88hhvwsbguvk3gic1cd","cargo_no_time","Analista de Dados","2024"
"hvwm8q07thnne88hhvwsbguvk3gic1cd","cargo_no_time","Cientista de Dados","2024"
"hvwm8q07thnne88hhvwsbguvk3gic1cd","cargo_no_time","Analista de BI","2024"
"hvwm8q07thnne88hhvwsbguvk3gic1cd","cargo_no_time","ML/AI Engineer","2024"
"mmyhjwbafgkttlslmmyhjjtp849kaj61","cargo_no_time","Analytics Engineer","2024"
"mmyhjwbafgkttlslmmyhjjtp849kaj61","cargo_no_time","Engenharia de Dados","2024"
"mmyhjwbafgkttlslmmyhjjtp849kaj61","cargo_no_time","Analista de Dados","2024"
"mmyhjwbafgkttlslmmyhjjtp849kaj61","cargo_no_time","Cientista de Dados","2024"
"mmyhjwbafgkttlslmmyhjjtp849kaj61","cargo_no_time","Analista de BI","2024"
"cml773wdk54yq52excmlvugfvajzadt0","cargo_no_time","Engenharia de Dados","2024"
"cml773wdk54yq52excmlvugfvajzadt0","cargo_no_time","Analista de Dados","2024"
"cml773wdk54yq52excmlvugfvajzadt0","cargo_no_time","Cientista de Dados","2024"
"cml773wdk54yq52excmlvugfvajzadt0","cargo_no_time","Analista de BI","2024"
"cml773wdk54yq52excmlvugfvajzadt0","cargo_no_time","ML/AI Engineer","2024"
"lkgh9o6q74x9z2upaulkgh9o7uaaue3s","cargo_no_time","Analytics Engineer","2024"
"lkgh9o6q74x9z2upaulkgh9o7uaaue3s","cargo_no_time","Engenharia de Dados","2024"
"lkgh9o6q74x9z2upaulkgh9o7uaaue3s","cargo_no_time","Analista de Dados","2024"
"lkgh9o6q74x9z2upaulkgh9o7uaaue3s","cargo_no_time","Cientista de Dados","2024"
"lkgh9o6q74x9z2upaulkgh9o7uaaue3s","cargo_no_time","Analista de BI","2024"
"lkgh9o6q74x9z2upaulkgh9o7uaaue3s","cargo_no_time","Arquiteto de Dados","2024"
"lkgh9o6q74x9z2upaulkgh9o7uaaue3s","cargo_no_time","Business Analyst","2024"
"lkgh9o6q74x9z2upaulkgh9o7uaaue3s","cargo_no_time","ML/AI Engineer","2024"
"1w9h4y1nxcqugo39kwp21w9h4y1nt1oa","cargo_no_time","Analista de Dados","2024"
"1w9h4y1nxcqugo39kwp21w9h4y1nt1oa","cargo_no_time","Cientista de Dados","2024"
"1w9h4y1nxcqugo39kwp21w9h4y1nt1oa","cargo_no_time","Data Product Manager","2024"
"943m6n6g89485opx8c943mtrl7eq078r","cargo_no_time","Business Analyst","2024"
"kh1mn4ft47m1aprsj2kh1mxjx48se31n","cargo_no_time","Analytics Engineer","2024"
"kh1mn4ft47m1aprsj2kh1mxjx48se31n","cargo_no_time","Engenharia de Dados","2024"
"kh1mn4ft47m1aprsj2kh1mxjx48se31n","cargo_no_time","Analista de Dados","2024"
"kh1mn4ft47m1aprsj2kh1mxjx48se31n","cargo_no_time","Cientista de Dados","2024"
"kh1mn4ft47m1aprsj2kh1mxjx48se31n","cargo_no_time","Arquiteto de Dados","2024"
"g75r12x3ry2cz6ioyvx7og75r1foopj6","cargo_no_time","Engenharia de Dados","2024"
"g75r12x3ry2cz6ioyvx7og75r1foopj6","cargo_no_time","Analista de Dados","2024"
"g75r12x3ry2cz6ioyvx7og75r1foopj6","cargo_no_time","Cientista de Dados","2024"
"g75r12x3ry2cz6ioyvx7og75r1foopj6","cargo_no_time","Analista de BI","2024"
"g75r12x3ry2cz6ioyvx7og75r1foopj6","cargo_no_time","Arquiteto de Dados","2024"
"g75r12x3ry2cz6ioyvx7og75r1foopj6","cargo_no_time","Data Product Manager","2024"
"g75r12x3ry2cz6ioyvx7og75r1foopj6","cargo_no_time","Business Analyst","2024"
"g75r12x3ry2cz6ioyvx7og75r1foopj6","cargo_no_time","ML/AI Engineer","2024"
"3yrr07mvz6jw01wp53yrr07mg92k5ab4","cargo_no_time","Analytics Engineer","2024"
"3yrr07mvz6jw01wp53yrr07mg92k5ab4","cargo_no_time","Engenharia de Dados","2024"
"3yrr07mvz6jw01wp53yrr07mg92k5ab4","cargo_no_time","Analista de Dados","2024"
"3yrr07mvz6jw01wp53yrr07mg92k5ab4","cargo_no_time","Business Analyst","2024"
"om3wh5umm4ad3ue3wdefom3wh51xeu20","cargo_no_time","Analytics Engineer","2024"
"om3wh5umm4ad3ue3wdefom3wh51xeu20","cargo_no_time","Engenharia de Dados","2024"
"om3wh5umm4ad3ue3wdefom3wh51xeu20","cargo_no_time","Analista de Dados","2024"
"om3wh5umm4ad3ue3wdefom3wh51xeu20","cargo_no_time","Cientista de Dados","2024"
"om3wh5umm4ad3ue3wdefom3wh51xeu20","cargo_no_time","DBA","2024"
"om3wh5umm4ad3ue3wdefom3wh51xeu20","cargo_no_time","Analista de BI","2024"
"om3wh5umm4ad3ue3wdefom3wh51xeu20","cargo_no_time","Business Analyst","2024"
"4rx0kftx7gc4r8p0kzpcwwvb144v48p0","cargo_no_time","Analista de Dados","2024"
"4rx0kftx7gc4r8p0kzpcwwvb144v48p0","cargo_no_time","Cientista de Dados","2024"
"4rx0kftx7gc4r8p0kzpcwwvb144v48p0","cargo_no_time","DBA","2024"
"4rx0kftx7gc4r8p0kzpcwwvb144v48p0","cargo_no_time","Analista de BI","2024"
"4rx0kftx7gc4r8p0kzpcwwvb144v48p0","cargo_no_time","Arquiteto de Dados","2024"
"4rx0kftx7gc4r8p0kzpcwwvb144v48p0","cargo_no_time","Business Analyst","2024"
"kw7w8jpoo571yd5g4qgzqyakw7w8jph1","cargo_no_time","Engenharia de Dados","2024"
"kw7w8jpoo571yd5g4qgzqyakw7w8jph1","cargo_no_time","Analista de Dados","2024"
"kw7w8jpoo571yd5g4qgzqyakw7w8jph1","cargo_no_time","Cientista de Dados","2024"
"kw7w8jpoo571yd5g4qgzqyakw7w8jph1","cargo_no_time","DBA","2024"
"kw7w8jpoo571yd5g4qgzqyakw7w8jph1","cargo_no_time","Analista de BI","2024"
"jw25lqhjmn28ojvjujw2raku99zkk5po","cargo_no_time","Engenharia de Dados","2024"
"jw25lqhjmn28ojvjujw2raku99zkk5po","cargo_no_time","Analista de Dados","2024"
"jw25lqhjmn28ojvjujw2raku99zkk5po","cargo_no_time","DBA","2024"
"jw25lqhjmn28ojvjujw2raku99zkk5po","cargo_no_time","Analista de BI","2024"
"jw25lqhjmn28ojvjujw2raku99zkk5po","cargo_no_time","Arquiteto de Dados","2024"
"5pkojdzbk4l7e4on715pkoj6eo2p8rpx","cargo_no_time","Business Analyst","2024"
"68zqr1hki6toiaki68zqr1wsilozjyjo","cargo_no_time","Analytics Engineer","2024"
"68zqr1hki6toiaki68zqr1wsilozjyjo","cargo_no_time","Cientista de Dados","2024"
"jrx4015zsbcf692a9dqokjrx401z4lst","cargo_no_time","Cientista de Dados","2024"
"jrx4015zsbcf692a9dqokjrx401z4lst","cargo_no_time","Analista de BI","2024"
"ql1zyv88t85vvd209ql1zyi1v6ctcp66","cargo_no_time","Analytics Engineer","2024"
"ql1zyv88t85vvd209ql1zyi1v6ctcp66","cargo_no_time","Engenharia de Dados","2024"
"ql1zyv88t85vvd209ql1zyi1v6ctcp66","cargo_no_time","Analista de Dados","2024"
"ql1zyv88t85vvd209ql1zyi1v6ctcp66","cargo_no_time","Cientista de Dados","2024"
"ql1zyv88t85vvd209ql1zyi1v6ctcp66","cargo_no_time","Analista de BI","2024"
"ql1zyv88t85vvd209ql1zyi1v6ctcp66","cargo_no_time","Arquiteto de Dados","2024"
"ql1zyv88t85vvd209ql1zyi1v6ctcp66","cargo_no_time","Data Product Manager","2024"
"ql1zyv88t85vvd209ql1zyi1v6ctcp66","cargo_no_time","ML/AI Engineer","2024"
"2lwj6wdec4zu6ah5w0rcih2lwj6wdx7q","cargo_no_time","Analista de BI","2024"
"llbkxzj77mnnjnllbkr89nl7h1er4rsy","cargo_no_time","Engenharia de Dados","2024"
"llbkxzj77mnnjnllbkr89nl7h1er4rsy","cargo_no_time","Analista de Dados","2024"
"cg0zecrcucqkan8068htcg0zepmt27ol","cargo_no_time","Analista de BI","2024"
"dbs3rju4jk3fvjq5kxedbs30056sd75f","cargo_no_time","Engenharia de Dados","2024"
"dbs3rju4jk3fvjq5kxedbs30056sd75f","cargo_no_time","Analista de Dados","2024"
"dbs3rju4jk3fvjq5kxedbs30056sd75f","cargo_no_time","Cientista de Dados","2024"
"dbs3rju4jk3fvjq5kxedbs30056sd75f","cargo_no_time","Analista de BI","2024"
"dbs3rju4jk3fvjq5kxedbs30056sd75f","cargo_no_time","Arquiteto de Dados","2024"
"dbs3rju4jk3fvjq5kxedbs30056sd75f","cargo_no_time","Business Analyst","2024"
"qfbxoewbsty4ifetrrqfbxor24sxmt33","cargo_no_time","Engenharia de Dados","2024"
"qfbxoewbsty4ifetrrqfbxor24sxmt33","cargo_no_time","Analista de Dados","2024"
"qfbxoewbsty4ifetrrqfbxor24sxmt33","cargo_no_time","Cientista de Dados","2024"
"qfbxoewbsty4ifetrrqfbxor24sxmt33","cargo_no_time","Analista de BI","2024"
"qfbxoewbsty4ifetrrqfbxor24sxmt33","cargo_no_time","Data Product Manager","2024"
"e37rahztt9z1dzw1dyu6e37ra84cz5k3","cargo_no_time","Analista de BI","2024"
"zh8nqtbddn8czh8nafu83ro3mge7m8lc","cargo_no_time","Analytics Engineer","2024"
"zh8nqtbddn8czh8nafu83ro3mge7m8lc","cargo_no_time","Engenharia de Dados","2024"
"zh8nqtbddn8czh8nafu83ro3mge7m8lc","cargo_no_time","Arquiteto de Dados","2024"
"s3mqih1gj97rviwwvs3mqifgcotkkazk","cargo_no_time","Analytics Engineer","2024"
"s3mqih1gj97rviwwvs3mqifgcotkkazk","cargo_no_time","Engenharia de Dados","2024"
"s3mqih1gj97rviwwvs3mqifgcotkkazk","cargo_no_time","Analista de Dados","2024"
"s3mqih1gj97rviwwvs3mqifgcotkkazk","cargo_no_time","Cientista de Dados","2024"
"s3mqih1gj97rviwwvs3mqifgcotkkazk","cargo_no_time","DBA","2024"
"s3mqih1gj97rviwwvs3mqifgcotkkazk","cargo_no_time","Analista de BI","2024"
"s3mqih1gj97rviwwvs3mqifgcotkkazk","cargo_no_time","Arquiteto de Dados","2024"
"s3mqih1gj97rviwwvs3mqifgcotkkazk","cargo_no_time","Data Product Manager","2024"
"s3mqih1gj97rviwwvs3mqifgcotkkazk","cargo_no_time","Business Analyst","2024"
"s3mqih1gj97rviwwvs3mqifgcotkkazk","cargo_no_time","ML/AI Engineer","2024"
"ob6iu3a3a19sp7hmm7icob6iu31krwip","cargo_no_time","Engenharia de Dados","2024"
"ob6iu3a3a19sp7hmm7icob6iu31krwip","cargo_no_time","Analista de Dados","2024"
"ob6iu3a3a19sp7hmm7icob6iu31krwip","cargo_no_time","Cientista de Dados","2024"
"ob6iu3a3a19sp7hmm7icob6iu31krwip","cargo_no_time","Business Analyst","2024"
"ob6iu3a3a19sp7hmm7icob6iu31krwip","cargo_no_time","ML/AI Engineer","2024"
"f2mb7hbpge69k2sf2mb3l3ewd5in280n","cargo_no_time","Engenharia de Dados","2024"
"f2mb7hbpge69k2sf2mb3l3ewd5in280n","cargo_no_time","Analista de Dados","2024"
"f2mb7hbpge69k2sf2mb3l3ewd5in280n","cargo_no_time","Cientista de Dados","2024"
"f2mb7hbpge69k2sf2mb3l3ewd5in280n","cargo_no_time","Business Analyst","2024"
"1thukdkpzw1an1thwveh6gz277msv5zw","cargo_no_time","Analista de Dados","2024"
"1thukdkpzw1an1thwveh6gz277msv5zw","cargo_no_time","Cientista de Dados","2024"
"1thukdkpzw1an1thwveh6gz277msv5zw","cargo_no_time","ML/AI Engineer","2024"
"hbj9fdkk650ho885jhbj98arkubhestm","cargo_no_time","Analista de Dados","2024"
"hbj9fdkk650ho885jhbj98arkubhestm","cargo_no_time","Analista de BI","2024"
"07jllgp1yp8jjqk35zqxm07jllgxynqx","cargo_no_time","Engenharia de Dados","2024"
"07jllgp1yp8jjqk35zqxm07jllgxynqx","cargo_no_time","Analista de Dados","2024"
"07jllgp1yp8jjqk35zqxm07jllgxynqx","cargo_no_time","Cientista de Dados","2024"
"07jllgp1yp8jjqk35zqxm07jllgxynqx","cargo_no_time","Data Product Manager","2024"
"07jllgp1yp8jjqk35zqxm07jllgxynqx","cargo_no_time","Business Analyst","2024"
"dba2cm0d2m10qcvi8fgwdba2cmt7ytcl","cargo_no_time","Engenharia de Dados","2024"
"dba2cm0d2m10qcvi8fgwdba2cmt7ytcl","cargo_no_time","Analista de Dados","2024"
"dba2cm0d2m10qcvi8fgwdba2cmt7ytcl","cargo_no_time","Cientista de Dados","2024"
"dba2cm0d2m10qcvi8fgwdba2cmt7ytcl","cargo_no_time","Analista de BI","2024"
"vk5cr5o221a4haj3vk5au3naykjltl6p","cargo_no_time","Cientista de Dados","2024"
"4fkyufjekjkmn9vyd6c4fkyc71z4i0ng","cargo_no_time","Engenharia de Dados","2024"
"4fkyufjekjkmn9vyd6c4fkyc71z4i0ng","cargo_no_time","Analista de Dados","2024"
"4fkyufjekjkmn9vyd6c4fkyc71z4i0ng","cargo_no_time","Cientista de Dados","2024"
"4fkyufjekjkmn9vyd6c4fkyc71z4i0ng","cargo_no_time","Analista de BI","2024"
"4fkyufjekjkmn9vyd6c4fkyc71z4i0ng","cargo_no_time","Arquiteto de Dados","2024"
"4fkyufjekjkmn9vyd6c4fkyc71z4i0ng","cargo_no_time","Data Product Manager","2024"
"4fkyufjekjkmn9vyd6c4fkyc71z4i0ng","cargo_no_time","Business Analyst","2024"
"gcee3tk9n4n686sk7lt4t5lgcee3en88","cargo_no_time","Analytics Engineer","2024"
"gcee3tk9n4n686sk7lt4t5lgcee3en88","cargo_no_time","Engenharia de Dados","2024"
"gcee3tk9n4n686sk7lt4t5lgcee3en88","cargo_no_time","Analista de Dados","2024"
"gcee3tk9n4n686sk7lt4t5lgcee3en88","cargo_no_time","Cientista de Dados","2024"
"gcee3tk9n4n686sk7lt4t5lgcee3en88","cargo_no_time","Analista de BI","2024"
"z2cwyqhln2xsdjwlo7vz2cwyqjk93x1t","cargo_no_time","Analista de Dados","2024"
"z2cwyqhln2xsdjwlo7vz2cwyqjk93x1t","cargo_no_time","Analista de BI","2024"
"ysjfjxlvztv6mtqcv7ysjfrftt1c7sqf","cargo_no_time","Engenharia de Dados","2024"
"ysjfjxlvztv6mtqcv7ysjfrftt1c7sqf","cargo_no_time","Analista de Dados","2024"
"ysjfjxlvztv6mtqcv7ysjfrftt1c7sqf","cargo_no_time","Business Analyst","2024"
"olp5a19f5mazg548mr2olp5a1960o6gk","cargo_no_time","Analista de Dados","2024"
"olp5a19f5mazg548mr2olp5a1960o6gk","cargo_no_time","Cientista de Dados","2024"
"olp5a19f5mazg548mr2olp5a1960o6gk","cargo_no_time","Analista de BI","2024"
"olp5a19f5mazg548mr2olp5a1960o6gk","cargo_no_time","Arquiteto de Dados","2024"
"olp5a19f5mazg548mr2olp5a1960o6gk","cargo_no_time","Business Analyst","2024"
"f0fy33ybwfr3ag4tf0fz2w4swq9io8k7","cargo_no_time","Engenharia de Dados","2024"
"f0fy33ybwfr3ag4tf0fz2w4swq9io8k7","cargo_no_time","DBA","2024"
"f0fy33ybwfr3ag4tf0fz2w4swq9io8k7","cargo_no_time","Analista de BI","2024"
"f0fy33ybwfr3ag4tf0fz2w4swq9io8k7","cargo_no_time","Arquiteto de Dados","2024"
"f0fy33ybwfr3ag4tf0fz2w4swq9io8k7","cargo_no_time","ML/AI Engineer","2024"
"ifb1qvtm5rfp00z7ctud0kmoifb1qvtk","cargo_no_time","Analytics Engineer","2024"
"ifb1qvtm5rfp00z7ctud0kmoifb1qvtk","cargo_no_time","Engenharia de Dados","2024"
"ifb1qvtm5rfp00z7ctud0kmoifb1qvtk","cargo_no_time","DBA","2024"
"ifb1qvtm5rfp00z7ctud0kmoifb1qvtk","cargo_no_time","Analista de BI","2024"
"yvk1ftlroiyrv9akx9twsyvk1fjh83sv","cargo_no_time","Engenharia de Dados","2024"
"yvk1ftlroiyrv9akx9twsyvk1fjh83sv","cargo_no_time","Analista de Dados","2024"
"yvk1ftlroiyrv9akx9twsyvk1fjh83sv","cargo_no_time","Cientista de Dados","2024"
"yvk1ftlroiyrv9akx9twsyvk1fjh83sv","cargo_no_time","Analista de BI","2024"
"lei4nn214phk0e14zlei4nt7aiqcdf4l","cargo_no_time","Analista de Dados","2024"
"eul428nngqeulcpny0ag35gqqqiwsqok","cargo_no_time","Analytics Engineer","2024"
"eul428nngqeulcpny0ag35gqqqiwsqok","cargo_no_time","Engenharia de Dados","2024"
"eul428nngqeulcpny0ag35gqqqiwsqok","cargo_no_time","Analista de Dados","2024"
"eul428nngqeulcpny0ag35gqqqiwsqok","cargo_no_time","Cientista de Dados","2024"
"eul428nngqeulcpny0ag35gqqqiwsqok","cargo_no_time","ML/AI Engineer","2024"
"hyxqutp4os8h4e1uxhyxqutqp5ofw7rn","cargo_no_time","Engenharia de Dados","2023"
"hyxqutp4os8h4e1uxhyxqutqp5ofw7rn","cargo_no_time","Analista de Dados","2023"
"hyxqutp4os8h4e1uxhyxqutqp5ofw7rn","cargo_no_time","Cientista de Dados","2023"
"hyxqutp4os8h4e1uxhyxqutqp5ofw7rn","cargo_no_time","Analista de BI","2023"
"hyxqutp4os8h4e1uxhyxqutqp5ofw7rn","cargo_no_time","Data Product Manager","2023"
"hyxqutp4os8h4e1uxhyxqutqp5ofw7rn","cargo_no_time","Business Analyst","2023"
"l1caq3yk2a54e0cu8cml1caq3brxilwt","cargo_no_time","Analista de Dados","2023"
"l1caq3yk2a54e0cu8cml1caq3brxilwt","cargo_no_time","Cientista de Dados","2023"
"l1caq3yk2a54e0cu8cml1caq3brxilwt","cargo_no_time","Analista de BI","2023"
"l1caq3yk2a54e0cu8cml1caq3brxilwt","cargo_no_time","Business Analyst","2023"
"v2o2lvolae43g6jlrv2o60wvo8zx2ar8","cargo_no_time","Analytics Engineer","2023"
"v2o2lvolae43g6jlrv2o60wvo8zx2ar8","cargo_no_time","Engenharia de Dados","2023"
"v2o2lvolae43g6jlrv2o60wvo8zx2ar8","cargo_no_time","Analista de Dados","2023"
"v2o2lvolae43g6jlrv2o60wvo8zx2ar8","cargo_no_time","Cientista de Dados","2023"
"v2o2lvolae43g6jlrv2o60wvo8zx2ar8","cargo_no_time","Business Analyst","2023"
"w5e0fze71cjyw5eixuv1nm64ru8092ix","cargo_no_time","Analytics Engineer","2023"
"w5e0fze71cjyw5eixuv1nm64ru8092ix","cargo_no_time","Engenharia de Dados","2023"
"w5e0fze71cjyw5eixuv1nm64ru8092ix","cargo_no_time","Analista de Dados","2023"
"w5e0fze71cjyw5eixuv1nm64ru8092ix","cargo_no_time","Analista de BI","2023"
"w5e0fze71cjyw5eixuv1nm64ru8092ix","cargo_no_time","Arquiteto de Dados","2023"
"f2p0qksaz9wkiezkdbf2p0qoru2arkgs","cargo_no_time","Analytics Engineer","2023"
"f2p0qksaz9wkiezkdbf2p0qoru2arkgs","cargo_no_time","Engenharia de Dados","2023"
"f2p0qksaz9wkiezkdbf2p0qoru2arkgs","cargo_no_time","Analista de Dados","2023"
"f2p0qksaz9wkiezkdbf2p0qoru2arkgs","cargo_no_time","Cientista de Dados","2023"
"f2p0qksaz9wkiezkdbf2p0qoru2arkgs","cargo_no_time","DBA","2023"
"f2p0qksaz9wkiezkdbf2p0qoru2arkgs","cargo_no_time","Analista de BI","2023"
"f2p0qksaz9wkiezkdbf2p0qoru2arkgs","cargo_no_time","Arquiteto de Dados","2023"
"xptf5w3dlrq5jvqmq3xptsno16nfxllb","cargo_no_time","Cientista de Dados","2023"
"xptf5w3dlrq5jvqmq3xptsno16nfxllb","cargo_no_time","Analista de BI","2023"
"l4x1ivkszl4q9ymbhl4xhtd27ogenkec","cargo_no_time","Analytics Engineer","2023"
"l4x1ivkszl4q9ymbhl4xhtd27ogenkec","cargo_no_time","Engenharia de Dados","2023"
"l4x1ivkszl4q9ymbhl4xhtd27ogenkec","cargo_no_time","Analista de Dados","2023"
"l4x1ivkszl4q9ymbhl4xhtd27ogenkec","cargo_no_time","Cientista de Dados","2023"
"l4x1ivkszl4q9ymbhl4xhtd27ogenkec","cargo_no_time","Data Product Manager","2023"
"l4x1ivkszl4q9ymbhl4xhtd27ogenkec","cargo_no_time","Business Analyst","2023"
"ccr18b3am9f95oa0fbfd4zdccr18b3up","cargo_no_time","Engenharia de Dados","2023"
"ccr18b3am9f95oa0fbfd4zdccr18b3up","cargo_no_time","Cientista de Dados","2023"
"ccr18b3am9f95oa0fbfd4zdccr18b3up","cargo_no_time","Analista de BI","2023"
"ccr18b3am9f95oa0fbfd4zdccr18b3up","cargo_no_time","Business Analyst","2023"
"2awyoj6smmd2af87xsimdhsi53dvbdf8","cargo_no_time","Analytics Engineer","2023"
"2awyoj6smmd2af87xsimdhsi53dvbdf8","cargo_no_time","Engenharia de Dados","2023"
"2awyoj6smmd2af87xsimdhsi53dvbdf8","cargo_no_time","Cientista de Dados","2023"
"2awyoj6smmd2af87xsimdhsi53dvbdf8","cargo_no_time","Arquiteto de Dados","2023"
"2awyoj6smmd2af87xsimdhsi53dvbdf8","cargo_no_time","Data Product Manager","2023"
"wp95ygx217vnp5fucso0loiywp95ygx2","cargo_no_time","Engenharia de Dados","2023"
"wp95ygx217vnp5fucso0loiywp95ygx2","cargo_no_time","Analista de Dados","2023"
"wp95ygx217vnp5fucso0loiywp95ygx2","cargo_no_time","Cientista de Dados","2023"
"wp95ygx217vnp5fucso0loiywp95ygx2","cargo_no_time","Analista de BI","2023"
"relj36y9b7p8dgbz5relj3a0v9kelajr","cargo_no_time","Engenharia de Dados","2023"
"relj36y9b7p8dgbz5relj3a0v9kelajr","cargo_no_time","DBA","2023"
"relj36y9b7p8dgbz5relj3a0v9kelajr","cargo_no_time","Analista de BI","2023"
"mhp5klxo2wwv89st451hcmhp5ki0jjl1","cargo_no_time","Analytics Engineer","2023"
"mhp5klxo2wwv89st451hcmhp5ki0jjl1","cargo_no_time","Engenharia de Dados","2023"
"mhp5klxo2wwv89st451hcmhp5ki0jjl1","cargo_no_time","Analista de Dados","2023"
"mhp5klxo2wwv89st451hcmhp5ki0jjl1","cargo_no_time","Cientista de Dados","2023"
"mhp5klxo2wwv89st451hcmhp5ki0jjl1","cargo_no_time","Analista de BI","2023"
"mhp5klxo2wwv89st451hcmhp5ki0jjl1","cargo_no_time","Arquiteto de Dados","2023"
"mhp5klxo2wwv89st451hcmhp5ki0jjl1","cargo_no_time","Data Product Manager","2023"
"5ubj6seytesqpiwpw5ubcsgy96qak7yb","cargo_no_time","Analytics Engineer","2023"
"5ubj6seytesqpiwpw5ubcsgy96qak7yb","cargo_no_time","Engenharia de Dados","2023"
"5ubj6seytesqpiwpw5ubcsgy96qak7yb","cargo_no_time","Analista de Dados","2023"
"5ubj6seytesqpiwpw5ubcsgy96qak7yb","cargo_no_time","Cientista de Dados","2023"
"5ubj6seytesqpiwpw5ubcsgy96qak7yb","cargo_no_time","DBA","2023"
"5ubj6seytesqpiwpw5ubcsgy96qak7yb","cargo_no_time","Analista de BI","2023"
"5ubj6seytesqpiwpw5ubcsgy96qak7yb","cargo_no_time","Arquiteto de Dados","2023"
"5ubj6seytesqpiwpw5ubcsgy96qak7yb","cargo_no_time","Data Product Manager","2023"
"5ubj6seytesqpiwpw5ubcsgy96qak7yb","cargo_no_time","Business Analyst","2023"
"3iga26ocdaga8d623igaytdgba78t737","cargo_no_time","Cientista de Dados","2023"
"3iga26ocdaga8d623igaytdgba78t737","cargo_no_time","Business Analyst","2023"
"jd3zcp5tmurp65jd3zze1bicfjqdh3uv","cargo_no_time","Analytics Engineer","2023"
"jd3zcp5tmurp65jd3zze1bicfjqdh3uv","cargo_no_time","Engenharia de Dados","2023"
"jd3zcp5tmurp65jd3zze1bicfjqdh3uv","cargo_no_time","Analista de Dados","2023"
"jd3zcp5tmurp65jd3zze1bicfjqdh3uv","cargo_no_time","Cientista de Dados","2023"
"jd3zcp5tmurp65jd3zze1bicfjqdh3uv","cargo_no_time","Analista de BI","2023"
"jd3zcp5tmurp65jd3zze1bicfjqdh3uv","cargo_no_time","Data Product Manager","2023"
"jd3zcp5tmurp65jd3zze1bicfjqdh3uv","cargo_no_time","Business Analyst","2023"
"bvexktqeh4pm3mi4tmv560cbvexkt5n9","cargo_no_time","Analista de Dados","2023"
"bvexktqeh4pm3mi4tmv560cbvexkt5n9","cargo_no_time","Analista de BI","2023"
"bvexktqeh4pm3mi4tmv560cbvexkt5n9","cargo_no_time","Business Analyst","2023"
"woj3hhdvlqsr3wojtoksi8igs99zcwg2","cargo_no_time","Cientista de Dados","2023"
"ul9vkaoz644otn54vmul9vkarwkjqdyv","cargo_no_time","Analytics Engineer","2023"
"ul9vkaoz644otn54vmul9vkarwkjqdyv","cargo_no_time","Analista de BI","2023"
"1afpal0496ft891afi9wkyn4lihfcrhi","cargo_no_time","Analytics Engineer","2023"
"1afpal0496ft891afi9wkyn4lihfcrhi","cargo_no_time","Engenharia de Dados","2023"
"1afpal0496ft891afi9wkyn4lihfcrhi","cargo_no_time","Analista de Dados","2023"
"1afpal0496ft891afi9wkyn4lihfcrhi","cargo_no_time","Cientista de Dados","2023"
"1afpal0496ft891afi9wkyn4lihfcrhi","cargo_no_time","Analista de BI","2023"
"1afpal0496ft891afi9wkyn4lihfcrhi","cargo_no_time","Arquiteto de Dados","2023"
"1afpal0496ft891afi9wkyn4lihfcrhi","cargo_no_time","Data Product Manager","2023"
"pyfmdkc20mchcc2uuygpyfjplyjw0krp","cargo_no_time","Analista de Dados","2023"
"pyfmdkc20mchcc2uuygpyfjplyjw0krp","cargo_no_time","Analista de BI","2023"
"591qct78odnq3u5lu591qctz47mzc8x0","cargo_no_time","Analista de Dados","2023"
"591qct78odnq3u5lu591qctz47mzc8x0","cargo_no_time","Analista de BI","2023"
"591qct78odnq3u5lu591qctz47mzc8x0","cargo_no_time","Business Analyst","2023"
"7i2qjdoc4w38kgygv7i2qjdo2rpwh744","cargo_no_time","Analytics Engineer","2023"
"7i2qjdoc4w38kgygv7i2qjdo2rpwh744","cargo_no_time","Engenharia de Dados","2023"
"7i2qjdoc4w38kgygv7i2qjdo2rpwh744","cargo_no_time","Cientista de Dados","2023"
"7i2qjdoc4w38kgygv7i2qjdo2rpwh744","cargo_no_time","Arquiteto de Dados","2023"
"3l3x09p05mii5g67po8dcj3l3x0vh2i3","cargo_no_time","Analytics Engineer","2023"
"3l3x09p05mii5g67po8dcj3l3x0vh2i3","cargo_no_time","Engenharia de Dados","2023"
"3l3x09p05mii5g67po8dcj3l3x0vh2i3","cargo_no_time","Analista de Dados","2023"
"3l3x09p05mii5g67po8dcj3l3x0vh2i3","cargo_no_time","Cientista de Dados","2023"
"3l3x09p05mii5g67po8dcj3l3x0vh2i3","cargo_no_time","Arquiteto de Dados","2023"
"3l3x09p05mii5g67po8dcj3l3x0vh2i3","cargo_no_time","Data Product Manager","2023"
"0fqm46sjwi4favsmqvl0fqm46s98elu7","cargo_no_time","Engenharia de Dados","2023"
"0fqm46sjwi4favsmqvl0fqm46s98elu7","cargo_no_time","Analista de Dados","2023"
"0fqm46sjwi4favsmqvl0fqm46s98elu7","cargo_no_time","Cientista de Dados","2023"
"4afjgkqu24mmezv4g4afjgkghiix0r9l","cargo_no_time","Analytics Engineer","2023"
"4afjgkqu24mmezv4g4afjgkghiix0r9l","cargo_no_time","Engenharia de Dados","2023"
"4afjgkqu24mmezv4g4afjgkghiix0r9l","cargo_no_time","Analista de Dados","2023"
"4afjgkqu24mmezv4g4afjgkghiix0r9l","cargo_no_time","Cientista de Dados","2023"
"4afjgkqu24mmezv4g4afjgkghiix0r9l","cargo_no_time","Analista de BI","2023"
"4afjgkqu24mmezv4g4afjgkghiix0r9l","cargo_no_time","Business Analyst","2023"
"yh1plvd47d3u4bgmnyh1plejpbhbt326","cargo_no_time","Engenharia de Dados","2023"
"yh1plvd47d3u4bgmnyh1plejpbhbt326","cargo_no_time","Analista de Dados","2023"
"yh1plvd47d3u4bgmnyh1plejpbhbt326","cargo_no_time","Cientista de Dados","2023"
"t5dbsdws0lvrvobj3l0tt5dbsm568zpw","cargo_no_time","Analytics Engineer","2023"
"t5dbsdws0lvrvobj3l0tt5dbsm568zpw","cargo_no_time","Engenharia de Dados","2023"
"t5dbsdws0lvrvobj3l0tt5dbsm568zpw","cargo_no_time","Analista de Dados","2023"
"t5dbsdws0lvrvobj3l0tt5dbsm568zpw","cargo_no_time","Cientista de Dados","2023"
"t5dbsdws0lvrvobj3l0tt5dbsm568zpw","cargo_no_time","Arquiteto de Dados","2023"
"t5dbsdws0lvrvobj3l0tt5dbsm568zpw","cargo_no_time","Data Product Manager","2023"
"2kldq79vuec8wi2klry5lrd2fus3ibv8","cargo_no_time","Engenharia de Dados","2023"
"2kldq79vuec8wi2klry5lrd2fus3ibv8","cargo_no_time","Analista de Dados","2023"
"2kldq79vuec8wi2klry5lrd2fus3ibv8","cargo_no_time","Cientista de Dados","2023"
"2kldq79vuec8wi2klry5lrd2fus3ibv8","cargo_no_time","Analista de BI","2023"
"2kldq79vuec8wi2klry5lrd2fus3ibv8","cargo_no_time","Business Analyst","2023"
"ffwcl8e07h45gffwclbw7g30pfafd90c","cargo_no_time","Analytics Engineer","2023"
"ffwcl8e07h45gffwclbw7g30pfafd90c","cargo_no_time","Engenharia de Dados","2023"
"ffwcl8e07h45gffwclbw7g30pfafd90c","cargo_no_time","Analista de Dados","2023"
"ffwcl8e07h45gffwclbw7g30pfafd90c","cargo_no_time","Cientista de Dados","2023"
"ffwcl8e07h45gffwclbw7g30pfafd90c","cargo_no_time","DBA","2023"
"ffwcl8e07h45gffwclbw7g30pfafd90c","cargo_no_time","Analista de BI","2023"
"ffwcl8e07h45gffwclbw7g30pfafd90c","cargo_no_time","Arquiteto de Dados","2023"
"ffwcl8e07h45gffwclbw7g30pfafd90c","cargo_no_time","Data Product Manager","2023"
"ffwcl8e07h45gffwclbw7g30pfafd90c","cargo_no_time","Business Analyst","2023"
"a8845xbcmkztjyoyua88451ha8jjgyu8","cargo_no_time","Engenharia de Dados","2023"
"a8845xbcmkztjyoyua88451ha8jjgyu8","cargo_no_time","Analista de Dados","2023"
"a8845xbcmkztjyoyua88451ha8jjgyu8","cargo_no_time","Cientista de Dados","2023"
"a8845xbcmkztjyoyua88451ha8jjgyu8","cargo_no_time","Analista de BI","2023"
"a8845xbcmkztjyoyua88451ha8jjgyu8","cargo_no_time","Arquiteto de Dados","2023"
"a8845xbcmkztjyoyua88451ha8jjgyu8","cargo_no_time","Data Product Manager","2023"
"a8845xbcmkztjyoyua88451ha8jjgyu8","cargo_no_time","Business Analyst","2023"
"p9gmmgj3ipc9xvp9gmmi0d9saxligz14","cargo_no_time","Engenharia de Dados","2023"
"p9gmmgj3ipc9xvp9gmmi0d9saxligz14","cargo_no_time","Analista de Dados","2023"
"p9gmmgj3ipc9xvp9gmmi0d9saxligz14","cargo_no_time","Cientista de Dados","2023"
"uf5wlo4mzaw2nsd2uf5w7xhf0u9cac8a","cargo_no_time","Analytics Engineer","2023"
"uf5wlo4mzaw2nsd2uf5w7xhf0u9cac8a","cargo_no_time","Engenharia de Dados","2023"
"uf5wlo4mzaw2nsd2uf5w7xhf0u9cac8a","cargo_no_time","Analista de Dados","2023"
"uf5wlo4mzaw2nsd2uf5w7xhf0u9cac8a","cargo_no_time","Cientista de Dados","2023"
"uf5wlo4mzaw2nsd2uf5w7xhf0u9cac8a","cargo_no_time","DBA","2023"
"uf5wlo4mzaw2nsd2uf5w7xhf0u9cac8a","cargo_no_time","Arquiteto de Dados","2023"
"uf5wlo4mzaw2nsd2uf5w7xhf0u9cac8a","cargo_no_time","Data Product Manager","2023"
"fkf9bwxuwgtlugvj3i4uskutfkf9bwxu","cargo_no_time","Engenharia de Dados","2023"
"fkf9bwxuwgtlugvj3i4uskutfkf9bwxu","cargo_no_time","Analista de Dados","2023"
"fkf9bwxuwgtlugvj3i4uskutfkf9bwxu","cargo_no_time","Cientista de Dados","2023"
"fkf9bwxuwgtlugvj3i4uskutfkf9bwxu","cargo_no_time","Analista de BI","2023"
"fkf9bwxuwgtlugvj3i4uskutfkf9bwxu","cargo_no_time","Business Analyst","2023"
"7rormcrtdtft097robj7h1kutvg0quyr","cargo_no_time","Engenharia de Dados","2025"
"7rormcrtdtft097robj7h1kutvg0quyr","cargo_no_time","Analista de Dados","2025"
"aami7942xv5f9bmlz3aam8rvwq6pc0a0","cargo_no_time","Data Product Manager","2025"
"tc5ecg4an9ftstbbzdn7tc5emhjrk7vn","cargo_no_time","Engenharia de Dados","2025"
"tc5ecg4an9ftstbbzdn7tc5emhjrk7vn","cargo_no_time","DBA","2025"
"f0lwvt287l6zqm7df0lwiun7pv59mmw8","cargo_no_time","Cientista de Dados","2025"
"f0lwvt287l6zqm7df0lwiun7pv59mmw8","cargo_no_time","Data Product Manager","2025"
"f0lwvt287l6zqm7df0lwiun7pv59mmw8","cargo_no_time","ML/AI Engineer","2025"
"mbxz1bmp6iee2z62x4ymbxz1ihjcfwdf","cargo_no_time","Analytics Engineer","2025"
"mbxz1bmp6iee2z62x4ymbxz1ihjcfwdf","cargo_no_time","Engenharia de Dados","2025"
"mbxz1bmp6iee2z62x4ymbxz1ihjcfwdf","cargo_no_time","Analista de Dados","2025"
"mbxz1bmp6iee2z62x4ymbxz1ihjcfwdf","cargo_no_time","Cientista de Dados","2025"
"mbxz1bmp6iee2z62x4ymbxz1ihjcfwdf","cargo_no_time","DBA","2025"
"mbxz1bmp6iee2z62x4ymbxz1ihjcfwdf","cargo_no_time","Analista de BI","2025"
"mbxz1bmp6iee2z62x4ymbxz1ihjcfwdf","cargo_no_time","Arquiteto de Dados","2025"
"mbxz1bmp6iee2z62x4ymbxz1ihjcfwdf","cargo_no_time","Data Product Manager","2025"
"mbxz1bmp6iee2z62x4ymbxz1ihjcfwdf","cargo_no_time","Business Analyst","2025"
"mbxz1bmp6iee2z62x4ymbxz1ihjcfwdf","cargo_no_time","ML/AI Engineer","2025"
"me4ubjc8avs8ibd6xme4uj0l8oe3g2po","cargo_no_time","Engenharia de Dados","2025"
"me4ubjc8avs8ibd6xme4uj0l8oe3g2po","cargo_no_time","Analista de Dados","2025"
"me4ubjc8avs8ibd6xme4uj0l8oe3g2po","cargo_no_time","Cientista de Dados","2025"
"me4ubjc8avs8ibd6xme4uj0l8oe3g2po","cargo_no_time","Analista de BI","2025"
"ztfl9sv0jrdxrztfl9sphw72zhkxrzc5","cargo_no_time","Engenharia de Dados","2025"
"ztfl9sv0jrdxrztfl9sphw72zhkxrzc5","cargo_no_time","Cientista de Dados","2025"
"0magr1owkc0m4ic70mv09c5ak15pcdi3","cargo_no_time","Analytics Engineer","2025"
"0magr1owkc0m4ic70mv09c5ak15pcdi3","cargo_no_time","Analista de Dados","2025"
"0magr1owkc0m4ic70mv09c5ak15pcdi3","cargo_no_time","Cientista de Dados","2025"
"kgmbrym67t0k3e5inekgmb78x0ze3fzz","cargo_no_time","Engenharia de Dados","2025"
"kgmbrym67t0k3e5inekgmb78x0ze3fzz","cargo_no_time","Analista de Dados","2025"
"kgmbrym67t0k3e5inekgmb78x0ze3fzz","cargo_no_time","Cientista de Dados","2025"
"kgmbrym67t0k3e5inekgmb78x0ze3fzz","cargo_no_time","Analista de BI","2025"
"9b0q9989tf01jrogc9b0q9gihz8c5unz","cargo_no_time","Analista de Dados","2025"
"rpp5kv4t6uw49fihururpp5kvm93r7uj","cargo_no_time","Engenharia de Dados","2025"
"rpp5kv4t6uw49fihururpp5kvm93r7uj","cargo_no_time","Cientista de Dados","2025"
"rpp5kv4t6uw49fihururpp5kvm93r7uj","cargo_no_time","Arquiteto de Dados","2025"
"rpp5kv4t6uw49fihururpp5kvm93r7uj","cargo_no_time","ML/AI Engineer","2025"
"e5k5hqr16r2uce5k5duoymd9mzsduokz","cargo_no_time","Engenharia de Dados","2025"
"e5k5hqr16r2uce5k5duoymd9mzsduokz","cargo_no_time","Analista de Dados","2025"
"rrb79thl7cn1l41ps70brrb79tccd655","cargo_no_time","Engenharia de Dados","2025"
"rrb79thl7cn1l41ps70brrb79tccd655","cargo_no_time","Business Analyst","2025"
"rrb79thl7cn1l41ps70brrb79tccd655","cargo_no_time","ML/AI Engineer","2025"
"1c2gu8qwpuuxqm1c2uow10jprajr8efq","cargo_no_time","Engenharia de Dados","2025"
"1c2gu8qwpuuxqm1c2uow10jprajr8efq","cargo_no_time","Analista de BI","2025"
"1c2gu8qwpuuxqm1c2uow10jprajr8efq","cargo_no_time","Arquiteto de Dados","2025"
"1c2gu8qwpuuxqm1c2uow10jprajr8efq","cargo_no_time","Data Product Manager","2025"
"b50a0c5kiftcll68eb5jypy6qagpqin0","cargo_no_time","Engenharia de Dados","2025"
"b50a0c5kiftcll68eb5jypy6qagpqin0","cargo_no_time","Analista de Dados","2025"
"b50a0c5kiftcll68eb5jypy6qagpqin0","cargo_no_time","Analista de BI","2025"
"5ubkw0za13n8jl3cxvqz55ubkw0qipmg","cargo_no_time","Analista de Dados","2025"
"5ubkw0za13n8jl3cxvqz55ubkw0qipmg","cargo_no_time","Cientista de Dados","2025"
"pxo98cvbcoy07u6wrpxo982ishittbyw","cargo_no_time","Analista de Dados","2025"
"pxo98cvbcoy07u6wrpxo982ishittbyw","cargo_no_time","Cientista de Dados","2025"
"pxo98cvbcoy07u6wrpxo982ishittbyw","cargo_no_time","Analista de BI","2025"
"pxo98cvbcoy07u6wrpxo982ishittbyw","cargo_no_time","Arquiteto de Dados","2025"
"pxo98cvbcoy07u6wrpxo982ishittbyw","cargo_no_time","Business Analyst","2025"
"pxo98cvbcoy07u6wrpxo982ishittbyw","cargo_no_time","ML/AI Engineer","2025"
"c87qwbrhoogfbyd28fc87qwy2mu4m7is","cargo_no_time","Analytics Engineer","2025"
"c87qwbrhoogfbyd28fc87qwy2mu4m7is","cargo_no_time","Engenharia de Dados","2025"
"c87qwbrhoogfbyd28fc87qwy2mu4m7is","cargo_no_time","Analista de Dados","2025"
"c87qwbrhoogfbyd28fc87qwy2mu4m7is","cargo_no_time","Cientista de Dados","2025"
"c87qwbrhoogfbyd28fc87qwy2mu4m7is","cargo_no_time","DBA","2025"
"c87qwbrhoogfbyd28fc87qwy2mu4m7is","cargo_no_time","Analista de BI","2025"
"c87qwbrhoogfbyd28fc87qwy2mu4m7is","cargo_no_time","Arquiteto de Dados","2025"
"c87qwbrhoogfbyd28fc87qwy2mu4m7is","cargo_no_time","ML/AI Engineer","2025"
"c48hkfns4xaxqh5eggxo1c48hkfng4ap","cargo_no_time","Analytics Engineer","2025"
"c48hkfns4xaxqh5eggxo1c48hkfng4ap","cargo_no_time","Engenharia de Dados","2025"
"c48hkfns4xaxqh5eggxo1c48hkfng4ap","cargo_no_time","Analista de Dados","2025"
"c48hkfns4xaxqh5eggxo1c48hkfng4ap","cargo_no_time","Cientista de Dados","2025"
"c48hkfns4xaxqh5eggxo1c48hkfng4ap","cargo_no_time","DBA","2025"
"c48hkfns4xaxqh5eggxo1c48hkfng4ap","cargo_no_time","Analista de BI","2025"
"c48hkfns4xaxqh5eggxo1c48hkfng4ap","cargo_no_time","Arquiteto de Dados","2025"
"c48hkfns4xaxqh5eggxo1c48hkfng4ap","cargo_no_time","Data Product Manager","2025"
"c48hkfns4xaxqh5eggxo1c48hkfng4ap","cargo_no_time","Business Analyst","2025"
"c48hkfns4xaxqh5eggxo1c48hkfng4ap","cargo_no_time","ML/AI Engineer","2025"
"s8lybebdh0t88enxibaezw2s8lybe5ey","cargo_no_time","Analytics Engineer","2025"
"s8lybebdh0t88enxibaezw2s8lybe5ey","cargo_no_time","Engenharia de Dados","2025"
"s8lybebdh0t88enxibaezw2s8lybe5ey","cargo_no_time","Analista de Dados","2025"
"s8lybebdh0t88enxibaezw2s8lybe5ey","cargo_no_time","Cientista de Dados","2025"
"s8lybebdh0t88enxibaezw2s8lybe5ey","cargo_no_time","DBA","2025"
"s8lybebdh0t88enxibaezw2s8lybe5ey","cargo_no_time","Analista de BI","2025"
"s8lybebdh0t88enxibaezw2s8lybe5ey","cargo_no_time","Arquiteto de Dados","2025"
"s8lybebdh0t88enxibaezw2s8lybe5ey","cargo_no_time","Data Product Manager","2025"
"s8lybebdh0t88enxibaezw2s8lybe5ey","cargo_no_time","Business Analyst","2025"
"s8lybebdh0t88enxibaezw2s8lybe5ey","cargo_no_time","ML/AI Engineer","2025"
"v6vrokdejlh5gstj7ov6vrokdbl7i6ht","cargo_no_time","Engenharia de Dados","2025"
"v6vrokdejlh5gstj7ov6vrokdbl7i6ht","cargo_no_time","Analista de Dados","2025"
"v6vrokdejlh5gstj7ov6vrokdbl7i6ht","cargo_no_time","ML/AI Engineer","2025"
"8b5l9fuknkupb4vo88b5l9fukfonryad","cargo_no_time","Engenharia de Dados","2025"
"q8ydgtwb0p71u0azhtq8ydsjtsoqrwb1","cargo_no_time","Engenharia de Dados","2025"
"q8ydgtwb0p71u0azhtq8ydsjtsoqrwb1","cargo_no_time","Analista de Dados","2025"
"q8ydgtwb0p71u0azhtq8ydsjtsoqrwb1","cargo_no_time","Cientista de Dados","2025"
"q8ydgtwb0p71u0azhtq8ydsjtsoqrwb1","cargo_no_time","DBA","2025"
"q8ydgtwb0p71u0azhtq8ydsjtsoqrwb1","cargo_no_time","Arquiteto de Dados","2025"
"q8ydgtwb0p71u0azhtq8ydsjtsoqrwb1","cargo_no_time","ML/AI Engineer","2025"
"lmp3g86tw0wd0ebdv0hlmp3g861krs4e","cargo_no_time","Analytics Engineer","2025"
"lmp3g86tw0wd0ebdv0hlmp3g861krs4e","cargo_no_time","Engenharia de Dados","2025"
"lmp3g86tw0wd0ebdv0hlmp3g861krs4e","cargo_no_time","Analista de Dados","2025"
"lmp3g86tw0wd0ebdv0hlmp3g861krs4e","cargo_no_time","Analista de BI","2025"
"onnsgu7ynyzkfi1onru2bvkczeyxmfgz","cargo_no_time","Analytics Engineer","2025"
"onnsgu7ynyzkfi1onru2bvkczeyxmfgz","cargo_no_time","Engenharia de Dados","2025"
"onnsgu7ynyzkfi1onru2bvkczeyxmfgz","cargo_no_time","Cientista de Dados","2025"
"onnsgu7ynyzkfi1onru2bvkczeyxmfgz","cargo_no_time","Analista de BI","2025"
"onnsgu7ynyzkfi1onru2bvkczeyxmfgz","cargo_no_time","Arquiteto de Dados","2025"
"onnsgu7ynyzkfi1onru2bvkczeyxmfgz","cargo_no_time","Data Product Manager","2025"
"onnsgu7ynyzkfi1onru2bvkczeyxmfgz","cargo_no_time","Business Analyst","2025"
"onnsgu7ynyzkfi1onru2bvkczeyxmfgz","cargo_no_time","ML/AI Engineer","2025"
"g2esrus47xu98ig6tsmk9g2esrus4a86","cargo_no_time","Analytics Engineer","2024"
"g2esrus47xu98ig6tsmk9g2esrus4a86","cargo_no_time","Engenharia de Dados","2024"
"g2esrus47xu98ig6tsmk9g2esrus4a86","cargo_no_time","Analista de Dados","2024"
"g2esrus47xu98ig6tsmk9g2esrus4a86","cargo_no_time","Cientista de Dados","2024"
"mgybdnztqcfgnyomgybdnka5vazcqf01","cargo_no_time","Analytics Engineer","2024"
"mgybdnztqcfgnyomgybdnka5vazcqf01","cargo_no_time","Engenharia de Dados","2024"
"mgybdnztqcfgnyomgybdnka5vazcqf01","cargo_no_time","Analista de Dados","2024"
"y0eobot2tss0rfxmy0eobotf1ky389sv","cargo_no_time","Engenharia de Dados","2024"
"y0eobot2tss0rfxmy0eobotf1ky389sv","cargo_no_time","Analista de Dados","2024"
"y0eobot2tss0rfxmy0eobotf1ky389sv","cargo_no_time","Cientista de Dados","2024"
"y0eobot2tss0rfxmy0eobotf1ky389sv","cargo_no_time","Analista de BI","2024"
"y0eobot2tss0rfxmy0eobotf1ky389sv","cargo_no_time","Arquiteto de Dados","2024"
"y0eobot2tss0rfxmy0eobotf1ky389sv","cargo_no_time","Data Product Manager","2024"
"y0eobot2tss0rfxmy0eobotf1ky389sv","cargo_no_time","Business Analyst","2024"
"y0eobot2tss0rfxmy0eobotf1ky389sv","cargo_no_time","ML/AI Engineer","2024"
"nhhq22jcc3r050lnhhpnqrmtmo697mkd","cargo_no_time","Cientista de Dados","2024"
"qk4e098p49tgkqk4al28egn9kwiyal28","cargo_no_time","Engenharia de Dados","2024"
"qk4e098p49tgkqk4al28egn9kwiyal28","cargo_no_time","Cientista de Dados","2024"
"qk4e098p49tgkqk4al28egn9kwiyal28","cargo_no_time","ML/AI Engineer","2024"
"tetvciu5r7eo8fi2tet9h22jugq1u2sr","cargo_no_time","Analytics Engineer","2024"
"tetvciu5r7eo8fi2tet9h22jugq1u2sr","cargo_no_time","Engenharia de Dados","2024"
"tetvciu5r7eo8fi2tet9h22jugq1u2sr","cargo_no_time","Analista de Dados","2024"
"tetvciu5r7eo8fi2tet9h22jugq1u2sr","cargo_no_time","Cientista de Dados","2024"
"tetvciu5r7eo8fi2tet9h22jugq1u2sr","cargo_no_time","Analista de BI","2024"
"tetvciu5r7eo8fi2tet9h22jugq1u2sr","cargo_no_time","Arquiteto de Dados","2024"
"tetvciu5r7eo8fi2tet9h22jugq1u2sr","cargo_no_time","Data Product Manager","2024"
"tetvciu5r7eo8fi2tet9h22jugq1u2sr","cargo_no_time","Business Analyst","2024"
"tetvciu5r7eo8fi2tet9h22jugq1u2sr","cargo_no_time","ML/AI Engineer","2024"
"lhajiwcxsw2tl7d2r1uidlhajier48ap","cargo_no_time","Engenharia de Dados","2024"
"lhajiwcxsw2tl7d2r1uidlhajier48ap","cargo_no_time","Cientista de Dados","2024"
"lhajiwcxsw2tl7d2r1uidlhajier48ap","cargo_no_time","Analista de BI","2024"
"lhajiwcxsw2tl7d2r1uidlhajier48ap","cargo_no_time","Data Product Manager","2024"
"lhajiwcxsw2tl7d2r1uidlhajier48ap","cargo_no_time","ML/AI Engineer","2024"
"2qxktsnltr6poyc8ig52qxktsn7ydksw","cargo_no_time","Engenharia de Dados","2024"
"2qxktsnltr6poyc8ig52qxktsn7ydksw","cargo_no_time","Arquiteto de Dados","2024"
"iqrgq6gykuvhq2yiqrgqzn6e082tsch0","cargo_no_time","Engenharia de Dados","2024"
"wgmm599zrsxqapqn4g9krwgmm59mm7j7","cargo_no_time","Engenharia de Dados","2024"
"wgmm599zrsxqapqn4g9krwgmm59mm7j7","cargo_no_time","Analista de Dados","2024"
"wgmm599zrsxqapqn4g9krwgmm59mm7j7","cargo_no_time","Cientista de Dados","2024"
"q1w2zz0var31oxjtiq1w2zzrc2huwbcg","cargo_no_time","Analytics Engineer","2024"
"q1w2zz0var31oxjtiq1w2zzrc2huwbcg","cargo_no_time","Engenharia de Dados","2024"
"q1w2zz0var31oxjtiq1w2zzrc2huwbcg","cargo_no_time","Cientista de Dados","2024"
"04yy17qc0wfpisjsfvt1oxjc04yy17qd","cargo_no_time","Analytics Engineer","2024"
"04yy17qc0wfpisjsfvt1oxjc04yy17qd","cargo_no_time","Analista de Dados","2024"
"04yy17qc0wfpisjsfvt1oxjc04yy17qd","cargo_no_time","Cientista de Dados","2024"
"04yy17qc0wfpisjsfvt1oxjc04yy17qd","cargo_no_time","Arquiteto de Dados","2024"
"04yy17qc0wfpisjsfvt1oxjc04yy17qd","cargo_no_time","Business Analyst","2024"
"mnxn7w2bkmn8z546srmmnxn7x40plu52","cargo_no_time","Engenharia de Dados","2024"
"mnxn7w2bkmn8z546srmmnxn7x40plu52","cargo_no_time","Cientista de Dados","2024"
"mnxn7w2bkmn8z546srmmnxn7x40plu52","cargo_no_time","DBA","2024"
"mnxn7w2bkmn8z546srmmnxn7x40plu52","cargo_no_time","Analista de BI","2024"
"mnxn7w2bkmn8z546srmmnxn7x40plu52","cargo_no_time","Business Analyst","2024"
"mnxn7w2bkmn8z546srmmnxn7x40plu52","cargo_no_time","ML/AI Engineer","2024"
"l61tdt1yifkwj853ibheqzl61tdt1ydl","cargo_no_time","DBA","2024"
"l61tdt1yifkwj853ibheqzl61tdt1ydl","cargo_no_time","Analista de BI","2024"
"r07034b3sjnf51pabp170vr07034bger","cargo_no_time","Engenharia de Dados","2024"
"r07034b3sjnf51pabp170vr07034bger","cargo_no_time","Analista de Dados","2024"
"r07034b3sjnf51pabp170vr07034bger","cargo_no_time","Arquiteto de Dados","2024"
"r07034b3sjnf51pabp170vr07034bger","cargo_no_time","Data Product Manager","2024"
"nch5xxxo3fx6kxvx0xznch5xxxkiuoap","cargo_no_time","Analytics Engineer","2024"
"nch5xxxo3fx6kxvx0xznch5xxxkiuoap","cargo_no_time","Engenharia de Dados","2024"
"nch5xxxo3fx6kxvx0xznch5xxxkiuoap","cargo_no_time","Analista de Dados","2024"
"nch5xxxo3fx6kxvx0xznch5xxxkiuoap","cargo_no_time","Cientista de Dados","2024"
"nch5xxxo3fx6kxvx0xznch5xxxkiuoap","cargo_no_time","DBA","2024"
"nch5xxxo3fx6kxvx0xznch5xxxkiuoap","cargo_no_time","Arquiteto de Dados","2024"
"nch5xxxo3fx6kxvx0xznch5xxxkiuoap","cargo_no_time","Data Product Manager","2024"
"nch5xxxo3fx6kxvx0xznch5xxxkiuoap","cargo_no_time","Business Analyst","2024"
"nch5xxxo3fx6kxvx0xznch5xxxkiuoap","cargo_no_time","ML/AI Engineer","2024"
"pe6i2dcwki8tepeitloo4dpe6i2dcq20","cargo_no_time","DBA","2024"
"pe6i2dcwki8tepeitloo4dpe6i2dcq20","cargo_no_time","Analista de BI","2024"
"nyci8s8cafcr4c03e9p9inyci8sophni","cargo_no_time","Analytics Engineer","2024"
"nyci8s8cafcr4c03e9p9inyci8sophni","cargo_no_time","Engenharia de Dados","2024"
"nyci8s8cafcr4c03e9p9inyci8sophni","cargo_no_time","Analista de Dados","2024"
"nyci8s8cafcr4c03e9p9inyci8sophni","cargo_no_time","Cientista de Dados","2024"
"nyci8s8cafcr4c03e9p9inyci8sophni","cargo_no_time","DBA","2024"
"nyci8s8cafcr4c03e9p9inyci8sophni","cargo_no_time","Analista de BI","2024"
"nyci8s8cafcr4c03e9p9inyci8sophni","cargo_no_time","Arquiteto de Dados","2024"
"nyci8s8cafcr4c03e9p9inyci8sophni","cargo_no_time","Data Product Manager","2024"
"nyci8s8cafcr4c03e9p9inyci8sophni","cargo_no_time","Business Analyst","2024"
"nyci8s8cafcr4c03e9p9inyci8sophni","cargo_no_time","ML/AI Engineer","2024"
"b3wfmaech2849tpb3au5a3qdna88eu5v","cargo_no_time","Analytics Engineer","2024"
"b3wfmaech2849tpb3au5a3qdna88eu5v","cargo_no_time","Engenharia de Dados","2024"
"b3wfmaech2849tpb3au5a3qdna88eu5v","cargo_no_time","Analista de Dados","2024"
"b3wfmaech2849tpb3au5a3qdna88eu5v","cargo_no_time","Cientista de Dados","2024"
"b3wfmaech2849tpb3au5a3qdna88eu5v","cargo_no_time","DBA","2024"
"b3wfmaech2849tpb3au5a3qdna88eu5v","cargo_no_time","Analista de BI","2024"
"b3wfmaech2849tpb3au5a3qdna88eu5v","cargo_no_time","Arquiteto de Dados","2024"
"b3wfmaech2849tpb3au5a3qdna88eu5v","cargo_no_time","Business Analyst","2024"
"b3wfmaech2849tpb3au5a3qdna88eu5v","cargo_no_time","ML/AI Engineer","2024"
"az2661yqwk93av3m3941az2661x1aszh","cargo_no_time","Analytics Engineer","2024"
"az2661yqwk93av3m3941az2661x1aszh","cargo_no_time","Engenharia de Dados","2024"
"az2661yqwk93av3m3941az2661x1aszh","cargo_no_time","Analista de Dados","2024"
"az2661yqwk93av3m3941az2661x1aszh","cargo_no_time","Cientista de Dados","2024"
"az2661yqwk93av3m3941az2661x1aszh","cargo_no_time","Analista de BI","2024"
"az2661yqwk93av3m3941az2661x1aszh","cargo_no_time","Arquiteto de Dados","2024"
"az2661yqwk93av3m3941az2661x1aszh","cargo_no_time","Business Analyst","2024"
"az2661yqwk93av3m3941az2661x1aszh","cargo_no_time","ML/AI Engineer","2024"
"azplu9244rooekf1aqazplt2lpq188tj","cargo_no_time","Analista de Dados","2024"
"azplu9244rooekf1aqazplt2lpq188tj","cargo_no_time","Cientista de Dados","2024"
"azplu9244rooekf1aqazplt2lpq188tj","cargo_no_time","Analista de BI","2024"
"cdfnjc4chvsb4o6sfxrziscdfnjlvb6t","cargo_no_time","Analista de Dados","2024"
"ok2fjz1f71ivdwckwfbok20s5ccfcj65","cargo_no_time","Analista de Dados","2024"
"ok2fjz1f71ivdwckwfbok20s5ccfcj65","cargo_no_time","Cientista de Dados","2024"
"ok2fjz1f71ivdwckwfbok20s5ccfcj65","cargo_no_time","DBA","2024"
"s3fua5gozo9esqjsznidss3fuayq5m8k","cargo_no_time","Analytics Engineer","2024"
"s3fua5gozo9esqjsznidss3fuayq5m8k","cargo_no_time","Engenharia de Dados","2024"
"s3fua5gozo9esqjsznidss3fuayq5m8k","cargo_no_time","Analista de Dados","2024"
"s3fua5gozo9esqjsznidss3fuayq5m8k","cargo_no_time","Cientista de Dados","2024"
"s3fua5gozo9esqjsznidss3fuayq5m8k","cargo_no_time","Arquiteto de Dados","2024"
"s3fua5gozo9esqjsznidss3fuayq5m8k","cargo_no_time","ML/AI Engineer","2024"
"xurjqqrzyioijukaxurjqxcv0gydqw3d","cargo_no_time","Engenharia de Dados","2024"
"xurjqqrzyioijukaxurjqxcv0gydqw3d","cargo_no_time","Analista de Dados","2024"
"xurjqqrzyioijukaxurjqxcv0gydqw3d","cargo_no_time","Cientista de Dados","2024"
"xurjqqrzyioijukaxurjqxcv0gydqw3d","cargo_no_time","Analista de BI","2024"
"xurjqqrzyioijukaxurjqxcv0gydqw3d","cargo_no_time","Business Analyst","2024"
"3kt38oh00zkt04w448le3kt38ohhnb9d","cargo_no_time","Engenharia de Dados","2024"
"3kt38oh00zkt04w448le3kt38ohhnb9d","cargo_no_time","Cientista de Dados","2024"
"3kt38oh00zkt04w448le3kt38ohhnb9d","cargo_no_time","ML/AI Engineer","2024"
"of6c722wwp7xpl6ulzof6c72dzmd4e6w","cargo_no_time","Analytics Engineer","2024"
"of6c722wwp7xpl6ulzof6c72dzmd4e6w","cargo_no_time","Analista de Dados","2024"
"of6c722wwp7xpl6ulzof6c72dzmd4e6w","cargo_no_time","DBA","2024"
"of6c722wwp7xpl6ulzof6c72dzmd4e6w","cargo_no_time","Data Product Manager","2024"
"z3xj1dxct3bsql44ufjcsuz3xj1du4rt","cargo_no_time","Engenharia de Dados","2024"
"z3xj1dxct3bsql44ufjcsuz3xj1du4rt","cargo_no_time","Analista de Dados","2024"
"z3xj1dxct3bsql44ufjcsuz3xj1du4rt","cargo_no_time","Analista de BI","2024"
"z3xj1dxct3bsql44ufjcsuz3xj1du4rt","cargo_no_time","Business Analyst","2024"
"eusydbh67q2cqovd1o3eusydbh3nx829","cargo_no_time","Analytics Engineer","2024"
"eusydbh67q2cqovd1o3eusydbh3nx829","cargo_no_time","Engenharia de Dados","2024"
"eusydbh67q2cqovd1o3eusydbh3nx829","cargo_no_time","Analista de Dados","2024"
"eusydbh67q2cqovd1o3eusydbh3nx829","cargo_no_time","Cientista de Dados","2024"
"eusydbh67q2cqovd1o3eusydbh3nx829","cargo_no_time","Analista de BI","2024"
"eusydbh67q2cqovd1o3eusydbh3nx829","cargo_no_time","Arquiteto de Dados","2024"
"eusydbh67q2cqovd1o3eusydbh3nx829","cargo_no_time","Data Product Manager","2024"
"eusydbh67q2cqovd1o3eusydbh3nx829","cargo_no_time","Business Analyst","2024"
"eusydbh67q2cqovd1o3eusydbh3nx829","cargo_no_time","ML/AI Engineer","2024"
"vtinfhl4q8eclbrumavtinfh47zuomkg","cargo_no_time","Engenharia de Dados","2024"
"vtinfhl4q8eclbrumavtinfh47zuomkg","cargo_no_time","Data Product Manager","2024"
"s7nh0chmebxef4bmobzqcs7nh0th2cj3","cargo_no_time","Analista de Dados","2024"
"s7nh0chmebxef4bmobzqcs7nh0th2cj3","cargo_no_time","Cientista de Dados","2024"
"s7nh0chmebxef4bmobzqcs7nh0th2cj3","cargo_no_time","Business Analyst","2024"
"8j5w6xbpxxbjb6g3ptmmmi8j5w68cp3m","cargo_no_time","Analytics Engineer","2024"
"8j5w6xbpxxbjb6g3ptmmmi8j5w68cp3m","cargo_no_time","Engenharia de Dados","2024"
"8j5w6xbpxxbjb6g3ptmmmi8j5w68cp3m","cargo_no_time","Analista de Dados","2024"
"8j5w6xbpxxbjb6g3ptmmmi8j5w68cp3m","cargo_no_time","Cientista de Dados","2024"
"8j5w6xbpxxbjb6g3ptmmmi8j5w68cp3m","cargo_no_time","Analista de BI","2024"
"8j5w6xbpxxbjb6g3ptmmmi8j5w68cp3m","cargo_no_time","Data Product Manager","2024"
"8j5w6xbpxxbjb6g3ptmmmi8j5w68cp3m","cargo_no_time","Business Analyst","2024"
"8j5w6xbpxxbjb6g3ptmmmi8j5w68cp3m","cargo_no_time","ML/AI Engineer","2024"
"a4gi8s4izvlpmggo0wa4gi84dem8fzge","cargo_no_time","Analista de Dados","2024"
"a4gi8s4izvlpmggo0wa4gi84dem8fzge","cargo_no_time","Data Product Manager","2024"
"a4gi8s4izvlpmggo0wa4gi84dem8fzge","cargo_no_time","Business Analyst","2024"
"3li0rgvm6qbu5m03lqhjpfgi9c4o7lod","cargo_no_time","Engenharia de Dados","2024"
"3li0rgvm6qbu5m03lqhjpfgi9c4o7lod","cargo_no_time","Analista de BI","2024"
"3li0rgvm6qbu5m03lqhjpfgi9c4o7lod","cargo_no_time","Business Analyst","2024"
"47lcjpnu9hu47l66db7de0lzcywmyt66","cargo_no_time","Engenharia de Dados","2024"
"47lcjpnu9hu47l66db7de0lzcywmyt66","cargo_no_time","Analista de Dados","2024"
"47lcjpnu9hu47l66db7de0lzcywmyt66","cargo_no_time","Cientista de Dados","2024"
"47lcjpnu9hu47l66db7de0lzcywmyt66","cargo_no_time","Analista de BI","2024"
"47lcjpnu9hu47l66db7de0lzcywmyt66","cargo_no_time","Business Analyst","2024"
"blnupefyahefd5jyblnupfy34ssoy4rf","cargo_no_time","Analista de BI","2024"
"ywdl4dd1xpdtilkamywdlhkcyelqlcqx","cargo_no_time","DBA","2024"
"ywdl4dd1xpdtilkamywdlhkcyelqlcqx","cargo_no_time","Analista de BI","2024"
"c3p289sbkbegngyscc3p2867vecpgj82","cargo_no_time","Engenharia de Dados","2024"
"c3p289sbkbegngyscc3p2867vecpgj82","cargo_no_time","Cientista de Dados","2024"
"c3p289sbkbegngyscc3p2867vecpgj82","cargo_no_time","Analista de BI","2024"
"iclcun87u87pbgie5gufmhiclcun8d44","cargo_no_time","Engenharia de Dados","2024"
"iclcun87u87pbgie5gufmhiclcun8d44","cargo_no_time","Analista de Dados","2024"
"iclcun87u87pbgie5gufmhiclcun8d44","cargo_no_time","Cientista de Dados","2024"
"4esveq5kwmip7db09nm394esveae7i49","cargo_no_time","Arquiteto de Dados","2024"
"8epsu3ycwy4vvtrolu8epsu3yl6ymikr","cargo_no_time","Cientista de Dados","2024"
"8epsu3ycwy4vvtrolu8epsu3yl6ymikr","cargo_no_time","Business Analyst","2024"
"m3ujktpiyp0y40w2uwn3im3ujc36n0l3","cargo_no_time","Cientista de Dados","2024"
"m3ujktpiyp0y40w2uwn3im3ujc36n0l3","cargo_no_time","ML/AI Engineer","2024"
"rsaqe0th1hj4fhfjc2d5cgh6rsaqe0sn","cargo_no_time","Analytics Engineer","2024"
"rsaqe0th1hj4fhfjc2d5cgh6rsaqe0sn","cargo_no_time","Engenharia de Dados","2024"
"rsaqe0th1hj4fhfjc2d5cgh6rsaqe0sn","cargo_no_time","Cientista de Dados","2024"
"rsaqe0th1hj4fhfjc2d5cgh6rsaqe0sn","cargo_no_time","ML/AI Engineer","2024"
"toxoxnqjfvghlu9xgmbitoxon2yleh4g","cargo_no_time","Engenharia de Dados","2024"
"toxoxnqjfvghlu9xgmbitoxon2yleh4g","cargo_no_time","Analista de Dados","2024"
"toxoxnqjfvghlu9xgmbitoxon2yleh4g","cargo_no_time","Cientista de Dados","2024"
"toxoxnqjfvghlu9xgmbitoxon2yleh4g","cargo_no_time","Analista de BI","2024"
"toxoxnqjfvghlu9xgmbitoxon2yleh4g","cargo_no_time","Arquiteto de Dados","2024"
"toxoxnqjfvghlu9xgmbitoxon2yleh4g","cargo_no_time","Data Product Manager","2024"
"tczvbr2cz28n4lxqj6r00tczvs5066a7","cargo_no_time","Engenharia de Dados","2024"
"tczvbr2cz28n4lxqj6r00tczvs5066a7","cargo_no_time","Analista de Dados","2024"
"tczvbr2cz28n4lxqj6r00tczvs5066a7","cargo_no_time","Analista de BI","2024"
"dpqnq3m91bwy0db99kdpqnq0vb3d9k6y","cargo_no_time","Engenharia de Dados","2024"
"dpqnq3m91bwy0db99kdpqnq0vb3d9k6y","cargo_no_time","Cientista de Dados","2024"
"dpqnq3m91bwy0db99kdpqnq0vb3d9k6y","cargo_no_time","Arquiteto de Dados","2024"
"dpqnq3m91bwy0db99kdpqnq0vb3d9k6y","cargo_no_time","ML/AI Engineer","2024"
"etm7dof115s97dt3jesswetm7dofghfe","cargo_no_time","Engenharia de Dados","2024"
"etm7dof115s97dt3jesswetm7dofghfe","cargo_no_time","Cientista de Dados","2024"
"etm7dof115s97dt3jesswetm7dofghfe","cargo_no_time","ML/AI Engineer","2024"
"dinq5x2mfcpqqo8dinq5ahb1otzdmskl","cargo_no_time","Analista de Dados","2024"
"dinq5x2mfcpqqo8dinq5ahb1otzdmskl","cargo_no_time","Analista de BI","2024"
"dinq5x2mfcpqqo8dinq5ahb1otzdmskl","cargo_no_time","Arquiteto de Dados","2024"
"9o0azoq1ascjm99o0a3gfwc80w0zbyyh","cargo_no_time","Analytics Engineer","2024"
"9o0azoq1ascjm99o0a3gfwc80w0zbyyh","cargo_no_time","Engenharia de Dados","2024"
"9o0azoq1ascjm99o0a3gfwc80w0zbyyh","cargo_no_time","Analista de Dados","2024"
"9o0azoq1ascjm99o0a3gfwc80w0zbyyh","cargo_no_time","Cientista de Dados","2024"
"9o0azoq1ascjm99o0a3gfwc80w0zbyyh","cargo_no_time","Data Product Manager","2024"
"9o0azoq1ascjm99o0a3gfwc80w0zbyyh","cargo_no_time","Business Analyst","2024"
"pfpmgi1zrnwktm74w2kpfpmgijzncgjg","cargo_no_time","Analista de Dados","2024"
"79epsf5q7v174updhrlyre2a79epsf5q","cargo_no_time","Analytics Engineer","2024"
"79epsf5q7v174updhrlyre2a79epsf5q","cargo_no_time","Analista de Dados","2024"
"79epsf5q7v174updhrlyre2a79epsf5q","cargo_no_time","Cientista de Dados","2024"
"79epsf5q7v174updhrlyre2a79epsf5q","cargo_no_time","Arquiteto de Dados","2024"
"1lagjd47093a7qzkn1lag01prkg33w3k","cargo_no_time","Analytics Engineer","2024"
"1lagjd47093a7qzkn1lag01prkg33w3k","cargo_no_time","Engenharia de Dados","2024"
"1lagjd47093a7qzkn1lag01prkg33w3k","cargo_no_time","Cientista de Dados","2024"
"1lagjd47093a7qzkn1lag01prkg33w3k","cargo_no_time","Arquiteto de Dados","2024"
"1lagjd47093a7qzkn1lag01prkg33w3k","cargo_no_time","Data Product Manager","2024"
"1lagjd47093a7qzkn1lag01prkg33w3k","cargo_no_time","ML/AI Engineer","2024"
"17h1q36dv7mqcjoe5ye17h1et259eidp","cargo_no_time","Engenharia de Dados","2024"
"17h1q36dv7mqcjoe5ye17h1et259eidp","cargo_no_time","Analista de Dados","2024"
"17h1q36dv7mqcjoe5ye17h1et259eidp","cargo_no_time","Arquiteto de Dados","2024"
"luhlblg3zzrve448aoluhlbltqoxrffk","cargo_no_time","Analytics Engineer","2024"
"luhlblg3zzrve448aoluhlbltqoxrffk","cargo_no_time","Engenharia de Dados","2024"
"luhlblg3zzrve448aoluhlbltqoxrffk","cargo_no_time","Cientista de Dados","2024"
"luhlblg3zzrve448aoluhlbltqoxrffk","cargo_no_time","Analista de BI","2024"
"luhlblg3zzrve448aoluhlbltqoxrffk","cargo_no_time","Data Product Manager","2024"
"o29z0glcde5y6d3o29z0gla5nfakeo1m","cargo_no_time","Analista de Dados","2024"
"o29z0glcde5y6d3o29z0gla5nfakeo1m","cargo_no_time","Cientista de Dados","2024"
"o29z0glcde5y6d3o29z0gla5nfakeo1m","cargo_no_time","Arquiteto de Dados","2024"
"az4xyksplz5qptaz4xykscka2ilmwvot","cargo_no_time","Analista de Dados","2024"
"odf35phyqh7ulr4odfi62r0oct7mo4cn","cargo_no_time","Engenharia de Dados","2024"
"odf35phyqh7ulr4odfi62r0oct7mo4cn","cargo_no_time","Cientista de Dados","2024"
"odf35phyqh7ulr4odfi62r0oct7mo4cn","cargo_no_time","DBA","2024"
"k0qxxxn7nowfsqcj4ik0qxxm2fhextdg","cargo_no_time","Engenharia de Dados","2024"
"k0qxxxn7nowfsqcj4ik0qxxm2fhextdg","cargo_no_time","Analista de Dados","2024"
"k0qxxxn7nowfsqcj4ik0qxxm2fhextdg","cargo_no_time","Cientista de Dados","2024"
"k0qxxxn7nowfsqcj4ik0qxxm2fhextdg","cargo_no_time","Arquiteto de Dados","2024"
"k0qxxxn7nowfsqcj4ik0qxxm2fhextdg","cargo_no_time","ML/AI Engineer","2024"
"kt7s0jr86y0k0wkt7s0jjcwu65lvornc","cargo_no_time","Engenharia de Dados","2024"
"kt7s0jr86y0k0wkt7s0jjcwu65lvornc","cargo_no_time","Analista de Dados","2024"
"kt7s0jr86y0k0wkt7s0jjcwu65lvornc","cargo_no_time","Cientista de Dados","2024"
"kt7s0jr86y0k0wkt7s0jjcwu65lvornc","cargo_no_time","Arquiteto de Dados","2024"
"kt7s0jr86y0k0wkt7s0jjcwu65lvornc","cargo_no_time","Business Analyst","2024"
"kt7s0jr86y0k0wkt7s0jjcwu65lvornc","cargo_no_time","ML/AI Engineer","2024"
"umug6sryzuurzlozumugssyj6aigeaot","cargo_no_time","Analista de Dados","2025"
"umug6sryzuurzlozumugssyj6aigeaot","cargo_no_time","Analista de BI","2025"
"ogfmm0jugldzqm6zgkvogfmbsnjbqmpq","cargo_no_time","Analytics Engineer","2025"
"ogfmm0jugldzqm6zgkvogfmbsnjbqmpq","cargo_no_time","Engenharia de Dados","2025"
"ogfmm0jugldzqm6zgkvogfmbsnjbqmpq","cargo_no_time","Analista de Dados","2025"
"ogfmm0jugldzqm6zgkvogfmbsnjbqmpq","cargo_no_time","Cientista de Dados","2025"
"ogfmm0jugldzqm6zgkvogfmbsnjbqmpq","cargo_no_time","Analista de BI","2025"
"ogfmm0jugldzqm6zgkvogfmbsnjbqmpq","cargo_no_time","Business Analyst","2025"
"ogfmm0jugldzqm6zgkvogfmbsnjbqmpq","cargo_no_time","ML/AI Engineer","2025"
"j3hwlflphj3hv3pj3hw9yyptqkhm9uqv","cargo_no_time","Analista de Dados","2025"
"0urpu0a0h47w86kkbosgip0urpu05aj1","cargo_no_time","Analytics Engineer","2025"
"0urpu0a0h47w86kkbosgip0urpu05aj1","cargo_no_time","Engenharia de Dados","2025"
"0urpu0a0h47w86kkbosgip0urpu05aj1","cargo_no_time","Analista de Dados","2025"
"0urpu0a0h47w86kkbosgip0urpu05aj1","cargo_no_time","Analista de BI","2025"
"ib622aomphlwafav7slxg0wib622aor3","cargo_no_time","Analytics Engineer","2025"
"ib622aomphlwafav7slxg0wib622aor3","cargo_no_time","Engenharia de Dados","2025"
"ib622aomphlwafav7slxg0wib622aor3","cargo_no_time","Analista de Dados","2025"
"ib622aomphlwafav7slxg0wib622aor3","cargo_no_time","Cientista de Dados","2025"
"ib622aomphlwafav7slxg0wib622aor3","cargo_no_time","Arquiteto de Dados","2025"
"ib622aomphlwafav7slxg0wib622aor3","cargo_no_time","Business Analyst","2025"
"ib622aomphlwafav7slxg0wib622aor3","cargo_no_time","ML/AI Engineer","2025"
"7kguutr3v72chq2cc9kl7kguu90dq3j7","cargo_no_time","Analytics Engineer","2025"
"7kguutr3v72chq2cc9kl7kguu90dq3j7","cargo_no_time","Engenharia de Dados","2025"
"7kguutr3v72chq2cc9kl7kguu90dq3j7","cargo_no_time","Cientista de Dados","2025"
"7kguutr3v72chq2cc9kl7kguu90dq3j7","cargo_no_time","Arquiteto de Dados","2025"
"7kguutr3v72chq2cc9kl7kguu90dq3j7","cargo_no_time","Data Product Manager","2025"
"7kguutr3v72chq2cc9kl7kguu90dq3j7","cargo_no_time","ML/AI Engineer","2025"
"hfc91054fngx33ytn0hfc91029sy7ygv","cargo_no_time","Analytics Engineer","2025"
"hfc91054fngx33ytn0hfc91029sy7ygv","cargo_no_time","Engenharia de Dados","2025"
"q2i7xidp8s5s9ww9flq2i7xiehgyy4qp","cargo_no_time","Analista de Dados","2025"
"q2i7xidp8s5s9ww9flq2i7xiehgyy4qp","cargo_no_time","Cientista de Dados","2025"
"q2i7xidp8s5s9ww9flq2i7xiehgyy4qp","cargo_no_time","Analista de BI","2025"
"q2i7xidp8s5s9ww9flq2i7xiehgyy4qp","cargo_no_time","ML/AI Engineer","2025"
"08q8um4aaaie78vtw2208q8upnrcgngd","cargo_no_time","Analytics Engineer","2025"
"08q8um4aaaie78vtw2208q8upnrcgngd","cargo_no_time","Engenharia de Dados","2025"
"08q8um4aaaie78vtw2208q8upnrcgngd","cargo_no_time","Analista de Dados","2025"
"08q8um4aaaie78vtw2208q8upnrcgngd","cargo_no_time","Cientista de Dados","2025"
"08q8um4aaaie78vtw2208q8upnrcgngd","cargo_no_time","Arquiteto de Dados","2025"
"08q8um4aaaie78vtw2208q8upnrcgngd","cargo_no_time","Data Product Manager","2025"
"08q8um4aaaie78vtw2208q8upnrcgngd","cargo_no_time","ML/AI Engineer","2025"
"7aups5ss63sf9sg3njx7aupizmsw070x","cargo_no_time","Engenharia de Dados","2025"
"7aups5ss63sf9sg3njx7aupizmsw070x","cargo_no_time","Analista de Dados","2025"
"7aups5ss63sf9sg3njx7aupizmsw070x","cargo_no_time","Analista de BI","2025"
"75xm4no3d8gfd51a75xm4ndky41y1qo0","cargo_no_time","Analytics Engineer","2025"
"75xm4no3d8gfd51a75xm4ndky41y1qo0","cargo_no_time","Analista de BI","2025"
"75xm4no3d8gfd51a75xm4ndky41y1qo0","cargo_no_time","Arquiteto de Dados","2025"
"75xm4no3d8gfd51a75xm4ndky41y1qo0","cargo_no_time","Business Analyst","2025"
"b452uy2wsqvuvk7ch7b452uyb2ermr8f","cargo_no_time","Business Analyst","2025"
"4x5nd5dboudn3fwg4x5ndrcpnsew392d","cargo_no_time","Analytics Engineer","2025"
"4x5nd5dboudn3fwg4x5ndrcpnsew392d","cargo_no_time","Engenharia de Dados","2025"
"4x5nd5dboudn3fwg4x5ndrcpnsew392d","cargo_no_time","Analista de Dados","2025"
"4x5nd5dboudn3fwg4x5ndrcpnsew392d","cargo_no_time","Cientista de Dados","2025"
"4x5nd5dboudn3fwg4x5ndrcpnsew392d","cargo_no_time","ML/AI Engineer","2025"
"d8by3k3ef91tzxkjd8by1531yvs1wu0o","cargo_no_time","Analytics Engineer","2025"
"d8by3k3ef91tzxkjd8by1531yvs1wu0o","cargo_no_time","Engenharia de Dados","2025"
"d8by3k3ef91tzxkjd8by1531yvs1wu0o","cargo_no_time","Cientista de Dados","2025"
"d8by3k3ef91tzxkjd8by1531yvs1wu0o","cargo_no_time","Data Product Manager","2025"
"d8by3k3ef91tzxkjd8by1531yvs1wu0o","cargo_no_time","ML/AI Engineer","2025"
"attoe80wvzqy756iibattoe8ajh17gjy","cargo_no_time","Engenharia de Dados","2025"
"attoe80wvzqy756iibattoe8ajh17gjy","cargo_no_time","Analista de Dados","2025"
"attoe80wvzqy756iibattoe8ajh17gjy","cargo_no_time","Cientista de Dados","2025"
"attoe80wvzqy756iibattoe8ajh17gjy","cargo_no_time","Analista de BI","2025"
"attoe80wvzqy756iibattoe8ajh17gjy","cargo_no_time","Arquiteto de Dados","2025"
"attoe80wvzqy756iibattoe8ajh17gjy","cargo_no_time","Business Analyst","2025"
"attoe80wvzqy756iibattoe8ajh17gjy","cargo_no_time","ML/AI Engineer","2025"
"09cs3ofo8q8s1tn5442uo09cs3ok89td","cargo_no_time","Analytics Engineer","2025"
"09cs3ofo8q8s1tn5442uo09cs3ok89td","cargo_no_time","Engenharia de Dados","2025"
"09cs3ofo8q8s1tn5442uo09cs3ok89td","cargo_no_time","Cientista de Dados","2025"
"09cs3ofo8q8s1tn5442uo09cs3ok89td","cargo_no_time","ML/AI Engineer","2025"
"0crxwl71kz9n6xxu0crxwln60klhvy03","cargo_no_time","Engenharia de Dados","2025"
"0crxwl71kz9n6xxu0crxwln60klhvy03","cargo_no_time","Analista de BI","2025"
"0crxwl71kz9n6xxu0crxwln60klhvy03","cargo_no_time","Data Product Manager","2025"
"f990bwmo6qdi9c04zf990bcg9j6cta1a","cargo_no_time","Analytics Engineer","2025"
"f990bwmo6qdi9c04zf990bcg9j6cta1a","cargo_no_time","Analista de Dados","2025"
"f990bwmo6qdi9c04zf990bcg9j6cta1a","cargo_no_time","Cientista de Dados","2025"
"f990bwmo6qdi9c04zf990bcg9j6cta1a","cargo_no_time","Data Product Manager","2025"
"uuo9ki4wkyryccr8m7uuo9ksdp12r3xm","cargo_no_time","Engenharia de Dados","2025"
"uuo9ki4wkyryccr8m7uuo9ksdp12r3xm","cargo_no_time","Analista de Dados","2025"
"uuo9ki4wkyryccr8m7uuo9ksdp12r3xm","cargo_no_time","Analista de BI","2025"
"fj3tkxz7026su3ffj3tkxvb20rahcyrd","cargo_no_time","Analista de Dados","2025"
"fj3tkxz7026su3ffj3tkxvb20rahcyrd","cargo_no_time","Cientista de Dados","2025"
"fj3tkxz7026su3ffj3tkxvb20rahcyrd","cargo_no_time","DBA","2025"
"dmu3f7vgsmp5dmh0pwbiihrdizjx4h0p","cargo_no_time","Analista de Dados","2025"
"dmu3f7vgsmp5dmh0pwbiihrdizjx4h0p","cargo_no_time","Cientista de Dados","2025"
"zmtztwaubss3wiyxf8azmtztwfg29wzo","cargo_no_time","Analytics Engineer","2025"
"zmtztwaubss3wiyxf8azmtztwfg29wzo","cargo_no_time","Engenharia de Dados","2025"
"zmtztwaubss3wiyxf8azmtztwfg29wzo","cargo_no_time","Analista de Dados","2025"
"zmtztwaubss3wiyxf8azmtztwfg29wzo","cargo_no_time","DBA","2025"
"zmtztwaubss3wiyxf8azmtztwfg29wzo","cargo_no_time","Analista de BI","2025"
"rkak6ac4l1fhyhpzunadrkak6a7x6kon","cargo_no_time","Analytics Engineer","2025"
"rkak6ac4l1fhyhpzunadrkak6a7x6kon","cargo_no_time","Engenharia de Dados","2025"
"rkak6ac4l1fhyhpzunadrkak6a7x6kon","cargo_no_time","Business Analyst","2025"
"og4ctzob5vtcm0mh5l196fnog4ct8rbw","cargo_no_time","Analytics Engineer","2025"
"og4ctzob5vtcm0mh5l196fnog4ct8rbw","cargo_no_time","Engenharia de Dados","2025"
"og4ctzob5vtcm0mh5l196fnog4ct8rbw","cargo_no_time","Analista de Dados","2025"
"og4ctzob5vtcm0mh5l196fnog4ct8rbw","cargo_no_time","Cientista de Dados","2025"
"og4ctzob5vtcm0mh5l196fnog4ct8rbw","cargo_no_time","Analista de BI","2025"
"og4ctzob5vtcm0mh5l196fnog4ct8rbw","cargo_no_time","Data Product Manager","2025"
"0d4h41l21nt58j650d4h44l23hb3svie","cargo_no_time","Analytics Engineer","2025"
"0d4h41l21nt58j650d4h44l23hb3svie","cargo_no_time","Engenharia de Dados","2025"
"0d4h41l21nt58j650d4h44l23hb3svie","cargo_no_time","Cientista de Dados","2025"
"0d4h41l21nt58j650d4h44l23hb3svie","cargo_no_time","Data Product Manager","2025"
"0d4h41l21nt58j650d4h44l23hb3svie","cargo_no_time","ML/AI Engineer","2025"
"bj4inbtilth6a6d3kbj4icyfu6qwiw0j","cargo_no_time","Engenharia de Dados","2025"
"bj4inbtilth6a6d3kbj4icyfu6qwiw0j","cargo_no_time","Analista de Dados","2025"
"bj4inbtilth6a6d3kbj4icyfu6qwiw0j","cargo_no_time","Cientista de Dados","2025"
"bj4inbtilth6a6d3kbj4icyfu6qwiw0j","cargo_no_time","Analista de BI","2025"
"bj4inbtilth6a6d3kbj4icyfu6qwiw0j","cargo_no_time","Arquiteto de Dados","2025"
"bj4inbtilth6a6d3kbj4icyfu6qwiw0j","cargo_no_time","ML/AI Engineer","2025"
"hf0m0yzinv46m7u2hf0m0ydgqc3m3qw8","cargo_no_time","Engenharia de Dados","2025"
"hf0m0yzinv46m7u2hf0m0ydgqc3m3qw8","cargo_no_time","Cientista de Dados","2025"
"o11biexcpwzo6lk97wo11bi9m2bijjvb","cargo_no_time","Analista de Dados","2025"
"o11biexcpwzo6lk97wo11bi9m2bijjvb","cargo_no_time","Business Analyst","2025"
"elmy0dkiqvq7eycpjelmy1lkadc4h8z2","cargo_no_time","Engenharia de Dados","2025"
"elmy0dkiqvq7eycpjelmy1lkadc4h8z2","cargo_no_time","Analista de Dados","2025"
"elmy0dkiqvq7eycpjelmy1lkadc4h8z2","cargo_no_time","Analista de BI","2025"
"elmy0dkiqvq7eycpjelmy1lkadc4h8z2","cargo_no_time","Business Analyst","2025"
"0f0tb25aetpd8xugpxvgrt780f0tb25l","cargo_no_time","Engenharia de Dados","2025"
"h3d0usglnwacxqrcp1gh3d0usj9mbh3w","cargo_no_time","Analista de Dados","2025"
"h3d0usglnwacxqrcp1gh3d0usj9mbh3w","cargo_no_time","Cientista de Dados","2025"
"qyxzmydoe59859a1mz3qyxzmy1yseqj0","cargo_no_time","Cientista de Dados","2025"
"qyxzmydoe59859a1mz3qyxzmy1yseqj0","cargo_no_time","Analista de BI","2025"
"qyxzmydoe59859a1mz3qyxzmy1yseqj0","cargo_no_time","Business Analyst","2025"
"nij98hrlinvevnt0ykunij980gmzvise","cargo_no_time","Analytics Engineer","2025"
"nij98hrlinvevnt0ykunij980gmzvise","cargo_no_time","Engenharia de Dados","2025"
"nij98hrlinvevnt0ykunij980gmzvise","cargo_no_time","Analista de Dados","2025"
"nij98hrlinvevnt0ykunij980gmzvise","cargo_no_time","Cientista de Dados","2025"
"nij98hrlinvevnt0ykunij980gmzvise","cargo_no_time","Analista de BI","2025"
"nij98hrlinvevnt0ykunij980gmzvise","cargo_no_time","Data Product Manager","2025"
"nij98hrlinvevnt0ykunij980gmzvise","cargo_no_time","ML/AI Engineer","2025"
"xlag1s40crvacdw7w9bxlag1sam8uyiu","cargo_no_time","Engenharia de Dados","2023"
"xlag1s40crvacdw7w9bxlag1sam8uyiu","cargo_no_time","Analista de Dados","2023"
"xlag1s40crvacdw7w9bxlag1sam8uyiu","cargo_no_time","Analista de BI","2023"
"xlag1s40crvacdw7w9bxlag1sam8uyiu","cargo_no_time","Business Analyst","2023"
"szkm1xsz1capwcxw6i9tszkm1xl24pbc","cargo_no_time","Engenharia de Dados","2023"
"szkm1xsz1capwcxw6i9tszkm1xl24pbc","cargo_no_time","Analista de Dados","2023"
"szkm1xsz1capwcxw6i9tszkm1xl24pbc","cargo_no_time","Cientista de Dados","2023"
"szkm1xsz1capwcxw6i9tszkm1xl24pbc","cargo_no_time","Business Analyst","2023"
"1ubccfh8fhx4uh4ymak6pc1ubccfg6sk","cargo_no_time","Analytics Engineer","2023"
"1ubccfh8fhx4uh4ymak6pc1ubccfg6sk","cargo_no_time","Engenharia de Dados","2023"
"1ubccfh8fhx4uh4ymak6pc1ubccfg6sk","cargo_no_time","Cientista de Dados","2023"
"1ubccfh8fhx4uh4ymak6pc1ubccfg6sk","cargo_no_time","Data Product Manager","2023"
"mpq3uet9f96glndjkmpqxs1u1xoor5f0","cargo_no_time","Engenharia de Dados","2023"
"mpq3uet9f96glndjkmpqxs1u1xoor5f0","cargo_no_time","Analista de Dados","2023"
"mpq3uet9f96glndjkmpqxs1u1xoor5f0","cargo_no_time","DBA","2023"
"klguvnmn7qtvqfn41klef6uyit1w7qyr","cargo_no_time","Engenharia de Dados","2023"
"klguvnmn7qtvqfn41klef6uyit1w7qyr","cargo_no_time","Analista de Dados","2023"
"klguvnmn7qtvqfn41klef6uyit1w7qyr","cargo_no_time","DBA","2023"
"klguvnmn7qtvqfn41klef6uyit1w7qyr","cargo_no_time","Analista de BI","2023"
"qyyfxe1wk8dduhl21s5bo6oqyyfxeutf","cargo_no_time","Analista de BI","2023"
"amkc2pcggtl031db8pkamkc28cs6si8n","cargo_no_time","Engenharia de Dados","2023"
"amkc2pcggtl031db8pkamkc28cs6si8n","cargo_no_time","Analista de Dados","2023"
"amkc2pcggtl031db8pkamkc28cs6si8n","cargo_no_time","Cientista de Dados","2023"
"amkc2pcggtl031db8pkamkc28cs6si8n","cargo_no_time","DBA","2023"
"amkc2pcggtl031db8pkamkc28cs6si8n","cargo_no_time","Arquiteto de Dados","2023"
"amkc2pcggtl031db8pkamkc28cs6si8n","cargo_no_time","Business Analyst","2023"
"d57t5v563ncavq5is9d57t5cmuxeawri","cargo_no_time","Analytics Engineer","2023"
"d57t5v563ncavq5is9d57t5cmuxeawri","cargo_no_time","Engenharia de Dados","2023"
"d57t5v563ncavq5is9d57t5cmuxeawri","cargo_no_time","Cientista de Dados","2023"
"d57t5v563ncavq5is9d57t5cmuxeawri","cargo_no_time","Analista de BI","2023"
"d57t5v563ncavq5is9d57t5cmuxeawri","cargo_no_time","Arquiteto de Dados","2023"
"d57t5v563ncavq5is9d57t5cmuxeawri","cargo_no_time","Data Product Manager","2023"
"jsxedj034l3nvqy16hvjsxedpvioisdn","cargo_no_time","Analytics Engineer","2023"
"jsxedj034l3nvqy16hvjsxedpvioisdn","cargo_no_time","Analista de Dados","2023"
"jsxedj034l3nvqy16hvjsxedpvioisdn","cargo_no_time","Cientista de Dados","2023"
"kho76xlwd5no25rir7jd3op5if5kho76","cargo_no_time","Engenharia de Dados","2023"
"kho76xlwd5no25rir7jd3op5if5kho76","cargo_no_time","Cientista de Dados","2023"
"kho76xlwd5no25rir7jd3op5if5kho76","cargo_no_time","Analista de BI","2023"
"kho76xlwd5no25rir7jd3op5if5kho76","cargo_no_time","Arquiteto de Dados","2023"
"5glr0klailgy642iebwx5glr0klg6do8","cargo_no_time","Analytics Engineer","2023"
"5glr0klailgy642iebwx5glr0klg6do8","cargo_no_time","Engenharia de Dados","2023"
"5glr0klailgy642iebwx5glr0klg6do8","cargo_no_time","Analista de Dados","2023"
"5glr0klailgy642iebwx5glr0klg6do8","cargo_no_time","Cientista de Dados","2023"
"5glr0klailgy642iebwx5glr0klg6do8","cargo_no_time","Arquiteto de Dados","2023"
"5glr0klailgy642iebwx5glr0klg6do8","cargo_no_time","Data Product Manager","2023"
"bf11g7poyebf7h1wty6369z1v5gwekx7","cargo_no_time","Analista de BI","2023"
"9jg4mlx9h7rak8c3904i9jg4m2fvqh0u","cargo_no_time","Analytics Engineer","2023"
"9jg4mlx9h7rak8c3904i9jg4m2fvqh0u","cargo_no_time","Engenharia de Dados","2023"
"9jg4mlx9h7rak8c3904i9jg4m2fvqh0u","cargo_no_time","Analista de Dados","2023"
"9jg4mlx9h7rak8c3904i9jg4m2fvqh0u","cargo_no_time","Cientista de Dados","2023"
"9jg4mlx9h7rak8c3904i9jg4m2fvqh0u","cargo_no_time","DBA","2023"
"4pmwgh5u7bzs98b1gil04pmwgp2o5mnv","cargo_no_time","Engenharia de Dados","2023"
"4pmwgh5u7bzs98b1gil04pmwgp2o5mnv","cargo_no_time","Analista de Dados","2023"
"4pmwgh5u7bzs98b1gil04pmwgp2o5mnv","cargo_no_time","Cientista de Dados","2023"
"4pmwgh5u7bzs98b1gil04pmwgp2o5mnv","cargo_no_time","Analista de BI","2023"
"jbsc59kxcg2zpv0d3jbsc59bzjyjz0fv","cargo_no_time","Analista de Dados","2023"
"jbsc59kxcg2zpv0d3jbsc59bzjyjz0fv","cargo_no_time","Analista de BI","2023"
"7fx61vzc548szeopmdi7fx6k1awwmd2u","cargo_no_time","Engenharia de Dados","2023"
"7fx61vzc548szeopmdi7fx6k1awwmd2u","cargo_no_time","Analista de Dados","2023"
"7fx61vzc548szeopmdi7fx6k1awwmd2u","cargo_no_time","Cientista de Dados","2023"
"m2pbsdc3uvagcotdblm2pbvwfudpx8by","cargo_no_time","Engenharia de Dados","2023"
"m2pbsdc3uvagcotdblm2pbvwfudpx8by","cargo_no_time","Analista de Dados","2023"
"m2pbsdc3uvagcotdblm2pbvwfudpx8by","cargo_no_time","Analista de BI","2023"
"m2pbsdc3uvagcotdblm2pbvwfudpx8by","cargo_no_time","Arquiteto de Dados","2023"
"m2pbsdc3uvagcotdblm2pbvwfudpx8by","cargo_no_time","Business Analyst","2023"
"yzbrunth0apphebx9drriyzbrun034op","cargo_no_time","Analytics Engineer","2023"
"yzbrunth0apphebx9drriyzbrun034op","cargo_no_time","Engenharia de Dados","2023"
"yzbrunth0apphebx9drriyzbrun034op","cargo_no_time","Analista de Dados","2023"
"yzbrunth0apphebx9drriyzbrun034op","cargo_no_time","Cientista de Dados","2023"
"yzbrunth0apphebx9drriyzbrun034op","cargo_no_time","Data Product Manager","2023"
"r47ap727lbk7818ieapr47apqm3nl631","cargo_no_time","Engenharia de Dados","2023"
"r47ap727lbk7818ieapr47apqm3nl631","cargo_no_time","Cientista de Dados","2023"
"r47ap727lbk7818ieapr47apqm3nl631","cargo_no_time","Analista de BI","2023"
"zt22hikxu88pudmz6nie2jtvortyzt22","cargo_no_time","Engenharia de Dados","2023"
"zt22hikxu88pudmz6nie2jtvortyzt22","cargo_no_time","Analista de Dados","2023"
"zt22hikxu88pudmz6nie2jtvortyzt22","cargo_no_time","Analista de BI","2023"
"zt22hikxu88pudmz6nie2jtvortyzt22","cargo_no_time","Arquiteto de Dados","2023"
"5brxm54w1c6srvjtxwse5brxm545llev","cargo_no_time","Analytics Engineer","2023"
"5brxm54w1c6srvjtxwse5brxm545llev","cargo_no_time","Engenharia de Dados","2023"
"5brxm54w1c6srvjtxwse5brxm545llev","cargo_no_time","Analista de Dados","2023"
"5brxm54w1c6srvjtxwse5brxm545llev","cargo_no_time","Cientista de Dados","2023"
"5brxm54w1c6srvjtxwse5brxm545llev","cargo_no_time","Analista de BI","2023"
"5brxm54w1c6srvjtxwse5brxm545llev","cargo_no_time","Arquiteto de Dados","2023"
"5brxm54w1c6srvjtxwse5brxm545llev","cargo_no_time","Business Analyst","2023"
"8cdesxsmhi182ittq8cde2k188lp4vn6","cargo_no_time","Analista de Dados","2023"
"8cdesxsmhi182ittq8cde2k188lp4vn6","cargo_no_time","Cientista de Dados","2023"
"8cdesxsmhi182ittq8cde2k188lp4vn6","cargo_no_time","DBA","2023"
"8cdesxsmhi182ittq8cde2k188lp4vn6","cargo_no_time","Business Analyst","2023"
"mbhypk17me9lqtp4mbhy3csmdbtw11rl","cargo_no_time","Engenharia de Dados","2023"
"mbhypk17me9lqtp4mbhy3csmdbtw11rl","cargo_no_time","Cientista de Dados","2023"
"mbhypk17me9lqtp4mbhy3csmdbtw11rl","cargo_no_time","Arquiteto de Dados","2023"
"jpzu67nxn0q9k4mdca942ljpzu67n2mg","cargo_no_time","Analista de Dados","2023"
"jpzu67nxn0q9k4mdca942ljpzu67n2mg","cargo_no_time","Cientista de Dados","2023"
"kbuo7dzf3klnf5zmpkbuo7ivu42zxalw","cargo_no_time","Analytics Engineer","2023"
"kbuo7dzf3klnf5zmpkbuo7ivu42zxalw","cargo_no_time","Engenharia de Dados","2023"
"kbuo7dzf3klnf5zmpkbuo7ivu42zxalw","cargo_no_time","Analista de Dados","2023"
"kbuo7dzf3klnf5zmpkbuo7ivu42zxalw","cargo_no_time","Cientista de Dados","2023"
"kbuo7dzf3klnf5zmpkbuo7ivu42zxalw","cargo_no_time","DBA","2023"
"kbuo7dzf3klnf5zmpkbuo7ivu42zxalw","cargo_no_time","Analista de BI","2023"
"kbuo7dzf3klnf5zmpkbuo7ivu42zxalw","cargo_no_time","Arquiteto de Dados","2023"
"kbuo7dzf3klnf5zmpkbuo7ivu42zxalw","cargo_no_time","Data Product Manager","2023"
"kbuo7dzf3klnf5zmpkbuo7ivu42zxalw","cargo_no_time","Business Analyst","2023"
"na8ckus7od2be45kts8lqsg3na8ckus7","cargo_no_time","Analytics Engineer","2023"
"na8ckus7od2be45kts8lqsg3na8ckus7","cargo_no_time","Engenharia de Dados","2023"
"na8ckus7od2be45kts8lqsg3na8ckus7","cargo_no_time","Analista de Dados","2023"
"na8ckus7od2be45kts8lqsg3na8ckus7","cargo_no_time","Cientista de Dados","2023"
"na8ckus7od2be45kts8lqsg3na8ckus7","cargo_no_time","DBA","2023"
"na8ckus7od2be45kts8lqsg3na8ckus7","cargo_no_time","Analista de BI","2023"
"na8ckus7od2be45kts8lqsg3na8ckus7","cargo_no_time","Arquiteto de Dados","2023"
"na8ckus7od2be45kts8lqsg3na8ckus7","cargo_no_time","Data Product Manager","2023"
"na8ckus7od2be45kts8lqsg3na8ckus7","cargo_no_time","Business Analyst","2023"
"g73ml6toeteu6kk4g7z8ct8f5izdy10o","cargo_no_time","Analytics Engineer","2023"
"g73ml6toeteu6kk4g7z8ct8f5izdy10o","cargo_no_time","Engenharia de Dados","2023"
"g73ml6toeteu6kk4g7z8ct8f5izdy10o","cargo_no_time","Analista de Dados","2023"
"g73ml6toeteu6kk4g7z8ct8f5izdy10o","cargo_no_time","Cientista de Dados","2023"
"g73ml6toeteu6kk4g7z8ct8f5izdy10o","cargo_no_time","Analista de BI","2023"
"g73ml6toeteu6kk4g7z8ct8f5izdy10o","cargo_no_time","Arquiteto de Dados","2023"
"g73ml6toeteu6kk4g7z8ct8f5izdy10o","cargo_no_time","Business Analyst","2023"
"2pmt14qedhztpc2pmt1tfm4af4h1r5f4","cargo_no_time","Analytics Engineer","2023"
"2pmt14qedhztpc2pmt1tfm4af4h1r5f4","cargo_no_time","Analista de Dados","2023"
"2pmt14qedhztpc2pmt1tfm4af4h1r5f4","cargo_no_time","Cientista de Dados","2023"
"dou4z99g2czs66cpvdou4g6b2nkfguza","cargo_no_time","Engenharia de Dados","2023"
"dou4z99g2czs66cpvdou4g6b2nkfguza","cargo_no_time","Cientista de Dados","2023"
"dou4z99g2czs66cpvdou4g6b2nkfguza","cargo_no_time","Analista de BI","2023"
"vol170pgkhmw8pirm5jvolk5nrfn3s5p","cargo_no_time","Engenharia de Dados","2023"
"vol170pgkhmw8pirm5jvolk5nrfn3s5p","cargo_no_time","Analista de Dados","2023"
"vol170pgkhmw8pirm5jvolk5nrfn3s5p","cargo_no_time","Cientista de Dados","2023"
"vol170pgkhmw8pirm5jvolk5nrfn3s5p","cargo_no_time","Analista de BI","2023"
"vol170pgkhmw8pirm5jvolk5nrfn3s5p","cargo_no_time","Business Analyst","2023"
"v8lly124h9xf2a66yrlyv8lly1jk4vmk","cargo_no_time","Analista de Dados","2023"
"v8lly124h9xf2a66yrlyv8lly1jk4vmk","cargo_no_time","Analista de BI","2023"
"v8lly124h9xf2a66yrlyv8lly1jk4vmk","cargo_no_time","Data Product Manager","2023"
"oqr02r1p0k91b73dvoqr02rrcairm3lg","cargo_no_time","Analytics Engineer","2023"
"oqr02r1p0k91b73dvoqr02rrcairm3lg","cargo_no_time","Engenharia de Dados","2023"
"oqr02r1p0k91b73dvoqr02rrcairm3lg","cargo_no_time","Analista de Dados","2023"
"oqr02r1p0k91b73dvoqr02rrcairm3lg","cargo_no_time","Cientista de Dados","2023"
"oqr02r1p0k91b73dvoqr02rrcairm3lg","cargo_no_time","Business Analyst","2023"
"97ui4aq5d6dobj8o97ui4nxqvh4s3r3j","cargo_no_time","DBA","2023"
"97ui4aq5d6dobj8o97ui4nxqvh4s3r3j","cargo_no_time","Analista de BI","2023"
"97ui4aq5d6dobj8o97ui4nxqvh4s3r3j","cargo_no_time","Business Analyst","2023"
"gkrmki1q7gw4mq33mjdf6mgkrmki41k8","cargo_no_time","Analytics Engineer","2023"
"gkrmki1q7gw4mq33mjdf6mgkrmki41k8","cargo_no_time","Engenharia de Dados","2023"
"gkrmki1q7gw4mq33mjdf6mgkrmki41k8","cargo_no_time","Analista de Dados","2023"
"gkrmki1q7gw4mq33mjdf6mgkrmki41k8","cargo_no_time","Cientista de Dados","2023"
"gkrmki1q7gw4mq33mjdf6mgkrmki41k8","cargo_no_time","Analista de BI","2023"
"gkrmki1q7gw4mq33mjdf6mgkrmki41k8","cargo_no_time","Business Analyst","2023"
"ia3i5ih9wkd22a2ia3i5ihuwpvaf09ji","cargo_no_time","Analytics Engineer","2023"
"ia3i5ih9wkd22a2ia3i5ihuwpvaf09ji","cargo_no_time","Engenharia de Dados","2023"
"ia3i5ih9wkd22a2ia3i5ihuwpvaf09ji","cargo_no_time","Analista de Dados","2023"
"ia3i5ih9wkd22a2ia3i5ihuwpvaf09ji","cargo_no_time","Cientista de Dados","2023"
"ia3i5ih9wkd22a2ia3i5ihuwpvaf09ji","cargo_no_time","Analista de BI","2023"
"jh4yowiotmn6jujh4yowi11a7dsrj4lf","cargo_no_time","Engenharia de Dados","2023"
"jh4yowiotmn6jujh4yowi11a7dsrj4lf","cargo_no_time","Analista de Dados","2023"
"jh4yowiotmn6jujh4yowi11a7dsrj4lf","cargo_no_time","Cientista de Dados","2023"
"jh4yowiotmn6jujh4yowi11a7dsrj4lf","cargo_no_time","Analista de BI","2023"
"jh4yowiotmn6jujh4yowi11a7dsrj4lf","cargo_no_time","Arquiteto de Dados","2023"
"jh4yowiotmn6jujh4yowi11a7dsrj4lf","cargo_no_time","Data Product Manager","2023"
"jh4yowiotmn6jujh4yowi11a7dsrj4lf","cargo_no_time","Business Analyst","2023"
"552pn7nva2knyyr3552pgybwckzl8spq","cargo_no_time","Analista de Dados","2023"
"552pn7nva2knyyr3552pgybwckzl8spq","cargo_no_time","Business Analyst","2023"
"04oft971jvyonsl456b704oft97ssj7l","cargo_no_time","Analytics Engineer","2023"
"04oft971jvyonsl456b704oft97ssj7l","cargo_no_time","Engenharia de Dados","2023"
"04oft971jvyonsl456b704oft97ssj7l","cargo_no_time","Analista de Dados","2023"
"04oft971jvyonsl456b704oft97ssj7l","cargo_no_time","Cientista de Dados","2023"
"04oft971jvyonsl456b704oft97ssj7l","cargo_no_time","DBA","2023"
"04oft971jvyonsl456b704oft97ssj7l","cargo_no_time","Analista de BI","2023"
"04oft971jvyonsl456b704oft97ssj7l","cargo_no_time","Arquiteto de Dados","2023"
"04oft971jvyonsl456b704oft97ssj7l","cargo_no_time","Data Product Manager","2023"
"04oft971jvyonsl456b704oft97ssj7l","cargo_no_time","Business Analyst","2023"
"22ipipa83d7p815fwnophe22iptm4af6","cargo_no_time","Engenharia de Dados","2023"
"22ipipa83d7p815fwnophe22iptm4af6","cargo_no_time","Analista de BI","2023"
"rljmpvmk6ncg1x0kktagrljmpv8aeyny","cargo_no_time","Engenharia de Dados","2023"
"rljmpvmk6ncg1x0kktagrljmpv8aeyny","cargo_no_time","Cientista de Dados","2023"
"rljmpvmk6ncg1x0kktagrljmpv8aeyny","cargo_no_time","Business Analyst","2023"
"9f5ysulmxr31zw89f5ysgwj8v2svbest","cargo_no_time","Engenharia de Dados","2023"
"9f5ysulmxr31zw89f5ysgwj8v2svbest","cargo_no_time","Analista de Dados","2023"
"9f5ysulmxr31zw89f5ysgwj8v2svbest","cargo_no_time","Cientista de Dados","2023"
"9f5ysulmxr31zw89f5ysgwj8v2svbest","cargo_no_time","DBA","2023"
"9f5ysulmxr31zw89f5ysgwj8v2svbest","cargo_no_time","Analista de BI","2023"
"9f5ysulmxr31zw89f5ysgwj8v2svbest","cargo_no_time","Data Product Manager","2023"
"9f5ysulmxr31zw89f5ysgwj8v2svbest","cargo_no_time","Business Analyst","2023"
"z161p0t1jhsrdp1cz161nzol0ffldoyd","cargo_no_time","Analista de BI","2023"
"eh61scldp8ul83ptjoyeh61sctzxkb55","cargo_no_time","Engenharia de Dados","2023"
"eh61scldp8ul83ptjoyeh61sctzxkb55","cargo_no_time","Analista de Dados","2023"
"eh61scldp8ul83ptjoyeh61sctzxkb55","cargo_no_time","Cientista de Dados","2023"
"eh61scldp8ul83ptjoyeh61sctzxkb55","cargo_no_time","DBA","2023"
"eh61scldp8ul83ptjoyeh61sctzxkb55","cargo_no_time","Arquiteto de Dados","2023"
"75zvmjypdr2mfa5175zvmjps5c9jpc1z","cargo_no_time","Analista de BI","2023"
"rn6cl0kgwgd118tt6ern6eztlqq9xufd","cargo_no_time","Analytics Engineer","2023"
"rn6cl0kgwgd118tt6ern6eztlqq9xufd","cargo_no_time","Analista de Dados","2023"
"rn6cl0kgwgd118tt6ern6eztlqq9xufd","cargo_no_time","Cientista de Dados","2023"
"rn6cl0kgwgd118tt6ern6eztlqq9xufd","cargo_no_time","Data Product Manager","2023"
"4si9dtb8d9p8wg390ab1l04si9dt9ai2","cargo_no_time","Engenharia de Dados","2023"
"4si9dtb8d9p8wg390ab1l04si9dt9ai2","cargo_no_time","Analista de Dados","2023"
"pgmt17w0xh4yekhyp45pgmtmb6u5fhb9","cargo_no_time","Engenharia de Dados","2023"
"pgmt17w0xh4yekhyp45pgmtmb6u5fhb9","cargo_no_time","Analista de Dados","2023"
"pgmt17w0xh4yekhyp45pgmtmb6u5fhb9","cargo_no_time","Cientista de Dados","2023"
"pgmt17w0xh4yekhyp45pgmtmb6u5fhb9","cargo_no_time","DBA","2023"
"pgmt17w0xh4yekhyp45pgmtmb6u5fhb9","cargo_no_time","Analista de BI","2023"
"c3e8c4b95mdzlc3eu4oezu0ieiyo2it7","cargo_no_time","Engenharia de Dados","2023"
"c3e8c4b95mdzlc3eu4oezu0ieiyo2it7","cargo_no_time","Analista de Dados","2023"
"c3e8c4b95mdzlc3eu4oezu0ieiyo2it7","cargo_no_time","Cientista de Dados","2023"
"c3e8c4b95mdzlc3eu4oezu0ieiyo2it7","cargo_no_time","Analista de BI","2023"
"ls82tyy2h7xlsj3ntls82tysb7gn7bje","cargo_no_time","Engenharia de Dados","2023"
"ls82tyy2h7xlsj3ntls82tysb7gn7bje","cargo_no_time","Analista de Dados","2023"
"ls82tyy2h7xlsj3ntls82tysb7gn7bje","cargo_no_time","Cientista de Dados","2023"
"ls82tyy2h7xlsj3ntls82tysb7gn7bje","cargo_no_time","Analista de BI","2023"
"ls82tyy2h7xlsj3ntls82tysb7gn7bje","cargo_no_time","Arquiteto de Dados","2023"
"ls82tyy2h7xlsj3ntls82tysb7gn7bje","cargo_no_time","Business Analyst","2023"
"wb3lgg2o7bhzhfo6rzwb3lgg27ez8axx","cargo_no_time","Analista de Dados","2023"
"wb3lgg2o7bhzhfo6rzwb3lgg27ez8axx","cargo_no_time","Cientista de Dados","2023"
"wb3lgg2o7bhzhfo6rzwb3lgg27ez8axx","cargo_no_time","Analista de BI","2023"
"wb3lgg2o7bhzhfo6rzwb3lgg27ez8axx","cargo_no_time","Arquiteto de Dados","2023"
"ih02mzutxtaf0sb5arpih02mzukb2a92","cargo_no_time","Analytics Engineer","2023"
"ih02mzutxtaf0sb5arpih02mzukb2a92","cargo_no_time","Engenharia de Dados","2023"
"ih02mzutxtaf0sb5arpih02mzukb2a92","cargo_no_time","Analista de Dados","2023"
"ih02mzutxtaf0sb5arpih02mzukb2a92","cargo_no_time","Cientista de Dados","2023"
"ih02mzutxtaf0sb5arpih02mzukb2a92","cargo_no_time","Analista de BI","2023"
"ih02mzutxtaf0sb5arpih02mzukb2a92","cargo_no_time","Arquiteto de Dados","2023"
"ih02mzutxtaf0sb5arpih02mzukb2a92","cargo_no_time","Data Product Manager","2023"
"ih02mzutxtaf0sb5arpih02mzukb2a92","cargo_no_time","Business Analyst","2023"
"64sybwwutrw48xskq64stmxvxqw7uup0","cargo_no_time","Analytics Engineer","2023"
"64sybwwutrw48xskq64stmxvxqw7uup0","cargo_no_time","Engenharia de Dados","2023"
"64sybwwutrw48xskq64stmxvxqw7uup0","cargo_no_time","Analista de Dados","2023"
"64sybwwutrw48xskq64stmxvxqw7uup0","cargo_no_time","Cientista de Dados","2023"
"64sybwwutrw48xskq64stmxvxqw7uup0","cargo_no_time","Analista de BI","2023"
"64sybwwutrw48xskq64stmxvxqw7uup0","cargo_no_time","Arquiteto de Dados","2023"
"64sybwwutrw48xskq64stmxvxqw7uup0","cargo_no_time","Business Analyst","2023"
"yrfquzvr40dx2n2xo4cyrfq5n9e50ubj","cargo_no_time","Analytics Engineer","2025"
"yrfquzvr40dx2n2xo4cyrfq5n9e50ubj","cargo_no_time","Engenharia de Dados","2025"
"yrfquzvr40dx2n2xo4cyrfq5n9e50ubj","cargo_no_time","Cientista de Dados","2025"
"yrfquzvr40dx2n2xo4cyrfq5n9e50ubj","cargo_no_time","DBA","2025"
"yrfquzvr40dx2n2xo4cyrfq5n9e50ubj","cargo_no_time","Analista de BI","2025"
"yrfquzvr40dx2n2xo4cyrfq5n9e50ubj","cargo_no_time","Arquiteto de Dados","2025"
"yrfquzvr40dx2n2xo4cyrfq5n9e50ubj","cargo_no_time","Data Product Manager","2025"
"yrfquzvr40dx2n2xo4cyrfq5n9e50ubj","cargo_no_time","Business Analyst","2025"
"yrfquzvr40dx2n2xo4cyrfq5n9e50ubj","cargo_no_time","ML/AI Engineer","2025"
"hrb85zw9dm567p2oeya1hrb8575jo8zg","cargo_no_time","Analista de Dados","2025"
"hrb85zw9dm567p2oeya1hrb8575jo8zg","cargo_no_time","DBA","2025"
"hrb85zw9dm567p2oeya1hrb8575jo8zg","cargo_no_time","Analista de BI","2025"
"hrb85zw9dm567p2oeya1hrb8575jo8zg","cargo_no_time","Business Analyst","2025"
"o8rhxleyb5io5qpb7co8rhl9jlbiylhq","cargo_no_time","Analytics Engineer","2025"
"o8rhxleyb5io5qpb7co8rhl9jlbiylhq","cargo_no_time","Engenharia de Dados","2025"
"22jno8m87l1831xhqabwz22jno8m8xdn","cargo_no_time","Analista de Dados","2025"
"22jno8m87l1831xhqabwz22jno8m8xdn","cargo_no_time","Analista de BI","2025"
"22jno8m87l1831xhqabwz22jno8m8xdn","cargo_no_time","Business Analyst","2025"
"kyismct2z0d0bcsn05ib5kyismct3f33","cargo_no_time","Analista de BI","2025"
"lc2pd6r5c7g9wucr8vpb5blc2pz6gni5","cargo_no_time","Analytics Engineer","2025"
"lc2pd6r5c7g9wucr8vpb5blc2pz6gni5","cargo_no_time","Engenharia de Dados","2025"
"lc2pd6r5c7g9wucr8vpb5blc2pz6gni5","cargo_no_time","Cientista de Dados","2025"
"lc2pd6r5c7g9wucr8vpb5blc2pz6gni5","cargo_no_time","Analista de BI","2025"
"lc2pd6r5c7g9wucr8vpb5blc2pz6gni5","cargo_no_time","Data Product Manager","2025"
"lc2pd6r5c7g9wucr8vpb5blc2pz6gni5","cargo_no_time","ML/AI Engineer","2025"
"caw9h2xc0tzm5gsz0ocaw9j6z330y239","cargo_no_time","Analista de Dados","2025"
"4zo6ud4hkiunrki5tt28gf4zo6udtxdf","cargo_no_time","Analytics Engineer","2025"
"4zo6ud4hkiunrki5tt28gf4zo6udtxdf","cargo_no_time","Engenharia de Dados","2025"
"4zo6ud4hkiunrki5tt28gf4zo6udtxdf","cargo_no_time","Analista de Dados","2025"
"4zo6ud4hkiunrki5tt28gf4zo6udtxdf","cargo_no_time","Analista de BI","2025"
"4zo6ud4hkiunrki5tt28gf4zo6udtxdf","cargo_no_time","Data Product Manager","2025"
"4zo6ud4hkiunrki5tt28gf4zo6udtxdf","cargo_no_time","ML/AI Engineer","2025"
"hqr6s06av7m85nrj5mq3hqr6s061nz5a","cargo_no_time","Engenharia de Dados","2025"
"hqr6s06av7m85nrj5mq3hqr6s061nz5a","cargo_no_time","Analista de Dados","2025"
"hqr6s06av7m85nrj5mq3hqr6s061nz5a","cargo_no_time","Cientista de Dados","2025"
"hqr6s06av7m85nrj5mq3hqr6s061nz5a","cargo_no_time","DBA","2025"
"hqr6s06av7m85nrj5mq3hqr6s061nz5a","cargo_no_time","Analista de BI","2025"
"hqr6s06av7m85nrj5mq3hqr6s061nz5a","cargo_no_time","Arquiteto de Dados","2025"
"hqr6s06av7m85nrj5mq3hqr6s061nz5a","cargo_no_time","Business Analyst","2025"
"jlbys450rqapza4t7qgjlbyduwv3nn1v","cargo_no_time","Engenharia de Dados","2025"
"jlbys450rqapza4t7qgjlbyduwv3nn1v","cargo_no_time","DBA","2025"
"jlbys450rqapza4t7qgjlbyduwv3nn1v","cargo_no_time","Arquiteto de Dados","2025"
"d3lnbra5370w6u0td3lnbt7y4o9hevtz","cargo_no_time","Analytics Engineer","2025"
"d3lnbra5370w6u0td3lnbt7y4o9hevtz","cargo_no_time","Engenharia de Dados","2025"
"d3lnbra5370w6u0td3lnbt7y4o9hevtz","cargo_no_time","Analista de Dados","2025"
"d3lnbra5370w6u0td3lnbt7y4o9hevtz","cargo_no_time","Cientista de Dados","2025"
"d3lnbra5370w6u0td3lnbt7y4o9hevtz","cargo_no_time","DBA","2025"
"d3lnbra5370w6u0td3lnbt7y4o9hevtz","cargo_no_time","Analista de BI","2025"
"d3lnbra5370w6u0td3lnbt7y4o9hevtz","cargo_no_time","Arquiteto de Dados","2025"
"d3lnbra5370w6u0td3lnbt7y4o9hevtz","cargo_no_time","Data Product Manager","2025"
"d3lnbra5370w6u0td3lnbt7y4o9hevtz","cargo_no_time","Business Analyst","2025"
"d3lnbra5370w6u0td3lnbt7y4o9hevtz","cargo_no_time","ML/AI Engineer","2025"
"5jwmbdssrb6cfk0ziiuu8m5dt5jwmbds","cargo_no_time","Analytics Engineer","2025"
"5jwmbdssrb6cfk0ziiuu8m5dt5jwmbds","cargo_no_time","Engenharia de Dados","2025"
"5jwmbdssrb6cfk0ziiuu8m5dt5jwmbds","cargo_no_time","Analista de Dados","2025"
"lna0h5yv61apblxlt5enav8uhcqxlt5i","cargo_no_time","Analista de Dados","2025"
"lna0h5yv61apblxlt5enav8uhcqxlt5i","cargo_no_time","Analista de BI","2025"
"51z6fze3nltqti6wz51z6fz6y2ud7car","cargo_no_time","Engenharia de Dados","2025"
"51z6fze3nltqti6wz51z6fz6y2ud7car","cargo_no_time","Analista de Dados","2025"
"51z6fze3nltqti6wz51z6fz6y2ud7car","cargo_no_time","Cientista de Dados","2025"
"51z6fze3nltqti6wz51z6fz6y2ud7car","cargo_no_time","Arquiteto de Dados","2025"
"51z6fze3nltqti6wz51z6fz6y2ud7car","cargo_no_time","Business Analyst","2025"
"51z6fze3nltqti6wz51z6fz6y2ud7car","cargo_no_time","ML/AI Engineer","2025"
"9w6zrz2fethf0kul9w6zsjiv70tkmecx","cargo_no_time","Engenharia de Dados","2025"
"9w6zrz2fethf0kul9w6zsjiv70tkmecx","cargo_no_time","Analista de Dados","2025"
"9w6zrz2fethf0kul9w6zsjiv70tkmecx","cargo_no_time","Cientista de Dados","2025"
"9w6zrz2fethf0kul9w6zsjiv70tkmecx","cargo_no_time","DBA","2025"
"9w6zrz2fethf0kul9w6zsjiv70tkmecx","cargo_no_time","Analista de BI","2025"
"k0sx53ax6vimkp040ircqok0sx5vckfa","cargo_no_time","Engenharia de Dados","2025"
"y7hdf72cn7p5k113agy7hdf72cxr1pzq","cargo_no_time","Analytics Engineer","2025"
"y7hdf72cn7p5k113agy7hdf72cxr1pzq","cargo_no_time","Engenharia de Dados","2025"
"y7hdf72cn7p5k113agy7hdf72cxr1pzq","cargo_no_time","Analista de Dados","2025"
"y7hdf72cn7p5k113agy7hdf72cxr1pzq","cargo_no_time","Analista de BI","2025"
"qi72rldfhnami659pqi72rfj893zmzyf","cargo_no_time","Engenharia de Dados","2025"
"qi72rldfhnami659pqi72rfj893zmzyf","cargo_no_time","Analista de Dados","2025"
"i487ywwx0bo2e2mgti487x7pwnnbp7al","cargo_no_time","Analista de Dados","2025"
"i487ywwx0bo2e2mgti487x7pwnnbp7al","cargo_no_time","Analista de BI","2025"
"i487ywwx0bo2e2mgti487x7pwnnbp7al","cargo_no_time","Arquiteto de Dados","2025"
"i487ywwx0bo2e2mgti487x7pwnnbp7al","cargo_no_time","Business Analyst","2025"
"hvx5i5aa4o1gm5ehiw7yfuhvx5i5a2dc","cargo_no_time","DBA","2025"
"hvx5i5aa4o1gm5ehiw7yfuhvx5i5a2dc","cargo_no_time","Analista de BI","2025"
"iimqdim00uqls6j8p1kiimqdihh71phw","cargo_no_time","Analytics Engineer","2025"
"iimqdim00uqls6j8p1kiimqdihh71phw","cargo_no_time","Engenharia de Dados","2025"
"iimqdim00uqls6j8p1kiimqdihh71phw","cargo_no_time","Cientista de Dados","2025"
"iimqdim00uqls6j8p1kiimqdihh71phw","cargo_no_time","Arquiteto de Dados","2025"
"id2123c3udlhm256id216kkvm8q0k5ed","cargo_no_time","Engenharia de Dados","2025"
"id2123c3udlhm256id216kkvm8q0k5ed","cargo_no_time","Cientista de Dados","2025"
"id2123c3udlhm256id216kkvm8q0k5ed","cargo_no_time","DBA","2025"
"id2123c3udlhm256id216kkvm8q0k5ed","cargo_no_time","Arquiteto de Dados","2025"
"id2123c3udlhm256id216kkvm8q0k5ed","cargo_no_time","ML/AI Engineer","2025"
"j677vzqxpk099fij677vpk1ylnuzqtao","cargo_no_time","Analista de BI","2025"
"leeiypljmj0g6vxleeiyi5cfzd6kxiqr","cargo_no_time","Engenharia de Dados","2025"
"leeiypljmj0g6vxleeiyi5cfzd6kxiqr","cargo_no_time","Cientista de Dados","2025"
"leeiypljmj0g6vxleeiyi5cfzd6kxiqr","cargo_no_time","Data Product Manager","2025"
"leeiypljmj0g6vxleeiyi5cfzd6kxiqr","cargo_no_time","ML/AI Engineer","2025"
"0osl82gr4lp10blez70i0osl8r3wx8ci","cargo_no_time","Engenharia de Dados","2025"
"0osl82gr4lp10blez70i0osl8r3wx8ci","cargo_no_time","Analista de Dados","2025"
"0osl82gr4lp10blez70i0osl8r3wx8ci","cargo_no_time","Analista de BI","2025"
"60g4uz01wy9d0h9wkca1r8g60g4uz0vu","cargo_no_time","Analista de Dados","2025"
"fys1rhmbw8hqagh6jjfjfys1rhmbwcul","cargo_no_time","Analytics Engineer","2025"
"fys1rhmbw8hqagh6jjfjfys1rhmbwcul","cargo_no_time","Engenharia de Dados","2025"
"fys1rhmbw8hqagh6jjfjfys1rhmbwcul","cargo_no_time","Cientista de Dados","2025"
"fys1rhmbw8hqagh6jjfjfys1rhmbwcul","cargo_no_time","DBA","2025"
"fys1rhmbw8hqagh6jjfjfys1rhmbwcul","cargo_no_time","Analista de BI","2025"
"fys1rhmbw8hqagh6jjfjfys1rhmbwcul","cargo_no_time","Arquiteto de Dados","2025"
"fys1rhmbw8hqagh6jjfjfys1rhmbwcul","cargo_no_time","Business Analyst","2025"
"fys1rhmbw8hqagh6jjfjfys1rhmbwcul","cargo_no_time","ML/AI Engineer","2025"
"k3nnu45amj50h6k3nnu40qnvd6kveoqd","cargo_no_time","Engenharia de Dados","2025"
"k3nnu45amj50h6k3nnu40qnvd6kveoqd","cargo_no_time","Cientista de Dados","2025"
"k3nnu45amj50h6k3nnu40qnvd6kveoqd","cargo_no_time","ML/AI Engineer","2025"
"sri7jfgsfz3j9vyppg5sri7fhwaeucr4","cargo_no_time","Engenharia de Dados","2025"
"sri7jfgsfz3j9vyppg5sri7fhwaeucr4","cargo_no_time","Analista de Dados","2025"
"sri7jfgsfz3j9vyppg5sri7fhwaeucr4","cargo_no_time","Cientista de Dados","2025"
"sri7jfgsfz3j9vyppg5sri7fhwaeucr4","cargo_no_time","ML/AI Engineer","2025"
"b76he507i143da1ai5jmhgb76hel4486","cargo_no_time","Analytics Engineer","2025"
"b76he507i143da1ai5jmhgb76hel4486","cargo_no_time","Engenharia de Dados","2025"
"b76he507i143da1ai5jmhgb76hel4486","cargo_no_time","Analista de Dados","2025"
"b76he507i143da1ai5jmhgb76hel4486","cargo_no_time","Cientista de Dados","2025"
"b76he507i143da1ai5jmhgb76hel4486","cargo_no_time","Data Product Manager","2025"
"b76he507i143da1ai5jmhgb76hel4486","cargo_no_time","ML/AI Engineer","2025"
"phh4icp3fzzyz2phh4icf2up3iecfxfm","cargo_no_time","Analytics Engineer","2025"
"phh4icp3fzzyz2phh4icf2up3iecfxfm","cargo_no_time","Engenharia de Dados","2025"
"phh4icp3fzzyz2phh4icf2up3iecfxfm","cargo_no_time","Analista de Dados","2025"
"phh4icp3fzzyz2phh4icf2up3iecfxfm","cargo_no_time","Cientista de Dados","2025"
"phh4icp3fzzyz2phh4icf2up3iecfxfm","cargo_no_time","Analista de BI","2025"
"phh4icp3fzzyz2phh4icf2up3iecfxfm","cargo_no_time","ML/AI Engineer","2025"
"9yzuw27l4c81s9ywdoagdx5wy81j7tcx","cargo_no_time","Engenharia de Dados","2023"
"9yzuw27l4c81s9ywdoagdx5wy81j7tcx","cargo_no_time","Analista de Dados","2023"
"9yzuw27l4c81s9ywdoagdx5wy81j7tcx","cargo_no_time","Cientista de Dados","2023"
"9yzuw27l4c81s9ywdoagdx5wy81j7tcx","cargo_no_time","Arquiteto de Dados","2023"
"9yzuw27l4c81s9ywdoagdx5wy81j7tcx","cargo_no_time","Business Analyst","2023"
"s29to7fwdaxy3x9s20f49ogjqtx716jx","cargo_no_time","Engenharia de Dados","2023"
"s29to7fwdaxy3x9s20f49ogjqtx716jx","cargo_no_time","Cientista de Dados","2023"
"s29to7fwdaxy3x9s20f49ogjqtx716jx","cargo_no_time","Arquiteto de Dados","2023"
"s29to7fwdaxy3x9s20f49ogjqtx716jx","cargo_no_time","Business Analyst","2023"
"z300atfwa43ycjmkeknsiz300atfww2l","cargo_no_time","Analista de Dados","2023"
"z300atfwa43ycjmkeknsiz300atfww2l","cargo_no_time","Analista de BI","2023"
"z300atfwa43ycjmkeknsiz300atfww2l","cargo_no_time","Arquiteto de Dados","2023"
"z300atfwa43ycjmkeknsiz300atfww2l","cargo_no_time","Business Analyst","2023"
"nkuoixijqz3l3o6vn9nkuoixv48k9d8k","cargo_no_time","Analytics Engineer","2023"
"nkuoixijqz3l3o6vn9nkuoixv48k9d8k","cargo_no_time","Engenharia de Dados","2023"
"nkuoixijqz3l3o6vn9nkuoixv48k9d8k","cargo_no_time","Analista de Dados","2023"
"nkuoixijqz3l3o6vn9nkuoixv48k9d8k","cargo_no_time","Cientista de Dados","2023"
"nkuoixijqz3l3o6vn9nkuoixv48k9d8k","cargo_no_time","DBA","2023"
"nkuoixijqz3l3o6vn9nkuoixv48k9d8k","cargo_no_time","Analista de BI","2023"
"nkuoixijqz3l3o6vn9nkuoixv48k9d8k","cargo_no_time","Arquiteto de Dados","2023"
"1wg7v0o7vu0mm4mvg1wg4jxmohz7z6ej","cargo_no_time","Engenharia de Dados","2023"
"1wg7v0o7vu0mm4mvg1wg4jxmohz7z6ej","cargo_no_time","Cientista de Dados","2023"
"1wg7v0o7vu0mm4mvg1wg4jxmohz7z6ej","cargo_no_time","Analista de BI","2023"
"1wg7v0o7vu0mm4mvg1wg4jxmohz7z6ej","cargo_no_time","Arquiteto de Dados","2023"
"c52geek843j64k59n5gc528u4okn0h37","cargo_no_time","Engenharia de Dados","2023"
"c52geek843j64k59n5gc528u4okn0h37","cargo_no_time","Analista de Dados","2023"
"c52geek843j64k59n5gc528u4okn0h37","cargo_no_time","Cientista de Dados","2023"
"c52geek843j64k59n5gc528u4okn0h37","cargo_no_time","DBA","2023"
"c52geek843j64k59n5gc528u4okn0h37","cargo_no_time","Analista de BI","2023"
"c52geek843j64k59n5gc528u4okn0h37","cargo_no_time","Business Analyst","2023"
"0iozjnemmmz54m3nq0iozjnzm4poermp","cargo_no_time","Engenharia de Dados","2023"
"0iozjnemmmz54m3nq0iozjnzm4poermp","cargo_no_time","Analista de Dados","2023"
"0iozjnemmmz54m3nq0iozjnzm4poermp","cargo_no_time","Cientista de Dados","2023"
"0iozjnemmmz54m3nq0iozjnzm4poermp","cargo_no_time","DBA","2023"
"0iozjnemmmz54m3nq0iozjnzm4poermp","cargo_no_time","Analista de BI","2023"
"0iozjnemmmz54m3nq0iozjnzm4poermp","cargo_no_time","Data Product Manager","2023"
"0iozjnemmmz54m3nq0iozjnzm4poermp","cargo_no_time","Business Analyst","2023"
"3i9l4ovdnjhdp2k3u9acf23ur3i9l4ov","cargo_no_time","Engenharia de Dados","2023"
"3i9l4ovdnjhdp2k3u9acf23ur3i9l4ov","cargo_no_time","Analista de Dados","2023"
"3i9l4ovdnjhdp2k3u9acf23ur3i9l4ov","cargo_no_time","Cientista de Dados","2023"
"3i9l4ovdnjhdp2k3u9acf23ur3i9l4ov","cargo_no_time","DBA","2023"
"3i9l4ovdnjhdp2k3u9acf23ur3i9l4ov","cargo_no_time","Analista de BI","2023"
"3i9l4ovdnjhdp2k3u9acf23ur3i9l4ov","cargo_no_time","Arquiteto de Dados","2023"
"72b40emuf83p872li5jiuw5rtejhtph3","cargo_no_time","Analytics Engineer","2023"
"72b40emuf83p872li5jiuw5rtejhtph3","cargo_no_time","Engenharia de Dados","2023"
"72b40emuf83p872li5jiuw5rtejhtph3","cargo_no_time","Analista de Dados","2023"
"72b40emuf83p872li5jiuw5rtejhtph3","cargo_no_time","Cientista de Dados","2023"
"72b40emuf83p872li5jiuw5rtejhtph3","cargo_no_time","Analista de BI","2023"
"72b40emuf83p872li5jiuw5rtejhtph3","cargo_no_time","Arquiteto de Dados","2023"
"72b40emuf83p872li5jiuw5rtejhtph3","cargo_no_time","Business Analyst","2023"
"m97amshwqd61obe48vum97amjpn0nhoe","cargo_no_time","Analista de Dados","2023"
"m97amshwqd61obe48vum97amjpn0nhoe","cargo_no_time","Cientista de Dados","2023"
"m97amshwqd61obe48vum97amjpn0nhoe","cargo_no_time","Analista de BI","2023"
"iu3rsdwvh4tz77wiu39cevwbu8sc8vu9","cargo_no_time","Engenharia de Dados","2023"
"iu3rsdwvh4tz77wiu39cevwbu8sc8vu9","cargo_no_time","Analista de Dados","2023"
"iu3rsdwvh4tz77wiu39cevwbu8sc8vu9","cargo_no_time","Cientista de Dados","2023"
"iu3rsdwvh4tz77wiu39cevwbu8sc8vu9","cargo_no_time","Data Product Manager","2023"
"bj3afnjt4xaoeck66bj3b3hb6t7nu3qy","cargo_no_time","Analista de Dados","2023"
"bj3afnjt4xaoeck66bj3b3hb6t7nu3qy","cargo_no_time","DBA","2023"
"bj3afnjt4xaoeck66bj3b3hb6t7nu3qy","cargo_no_time","Analista de BI","2023"
"bj3afnjt4xaoeck66bj3b3hb6t7nu3qy","cargo_no_time","Arquiteto de Dados","2023"
"cfxw3ygv8lx9dqehjuafcfxw3ygfeqr0","cargo_no_time","Analista de Dados","2023"
"uzk8qktqr8tjvvebuzk8qur5fgl5zuqp","cargo_no_time","Analytics Engineer","2023"
"uzk8qktqr8tjvvebuzk8qur5fgl5zuqp","cargo_no_time","Engenharia de Dados","2023"
"uzk8qktqr8tjvvebuzk8qur5fgl5zuqp","cargo_no_time","Analista de Dados","2023"
"uzk8qktqr8tjvvebuzk8qur5fgl5zuqp","cargo_no_time","Cientista de Dados","2023"
"uzk8qktqr8tjvvebuzk8qur5fgl5zuqp","cargo_no_time","Arquiteto de Dados","2023"
"uzk8qktqr8tjvvebuzk8qur5fgl5zuqp","cargo_no_time","Data Product Manager","2023"
"uzk8qktqr8tjvvebuzk8qur5fgl5zuqp","cargo_no_time","Business Analyst","2023"
"ldnextrhk14ldne3bx75s1vxvuhxle3b","cargo_no_time","Analytics Engineer","2023"
"ldnextrhk14ldne3bx75s1vxvuhxle3b","cargo_no_time","Engenharia de Dados","2023"
"ldnextrhk14ldne3bx75s1vxvuhxle3b","cargo_no_time","Analista de Dados","2023"
"ldnextrhk14ldne3bx75s1vxvuhxle3b","cargo_no_time","Cientista de Dados","2023"
"ldnextrhk14ldne3bx75s1vxvuhxle3b","cargo_no_time","Arquiteto de Dados","2023"
"ldnextrhk14ldne3bx75s1vxvuhxle3b","cargo_no_time","Data Product Manager","2023"
"qu7myzvu9o17n67zm5qu7myzvplbskc3","cargo_no_time","Analytics Engineer","2023"
"qu7myzvu9o17n67zm5qu7myzvplbskc3","cargo_no_time","Engenharia de Dados","2023"
"qu7myzvu9o17n67zm5qu7myzvplbskc3","cargo_no_time","Analista de Dados","2023"
"qu7myzvu9o17n67zm5qu7myzvplbskc3","cargo_no_time","Cientista de Dados","2023"
"qu7myzvu9o17n67zm5qu7myzvplbskc3","cargo_no_time","Analista de BI","2023"
"qu7myzvu9o17n67zm5qu7myzvplbskc3","cargo_no_time","Arquiteto de Dados","2023"
"qu7myzvu9o17n67zm5qu7myzvplbskc3","cargo_no_time","Data Product Manager","2023"
"qu7myzvu9o17n67zm5qu7myzvplbskc3","cargo_no_time","Business Analyst","2023"
"62xnqp1u2kv0qbb562xnqpa8psbaf6wh","cargo_no_time","Engenharia de Dados","2023"
"62xnqp1u2kv0qbb562xnqpa8psbaf6wh","cargo_no_time","Arquiteto de Dados","2023"
"ss7v07s6q6qfycss7vx4w200ok8ydo8t","cargo_no_time","Analista de Dados","2023"
"c2lmw7hf6rxpc3cjqczufc2lmw7hbp5z","cargo_no_time","Analytics Engineer","2023"
"c2lmw7hf6rxpc3cjqczufc2lmw7hbp5z","cargo_no_time","Engenharia de Dados","2023"
"c2lmw7hf6rxpc3cjqczufc2lmw7hbp5z","cargo_no_time","Cientista de Dados","2023"
"b6bfxa8x8u4n4jk8souxb6bfxak20jg5","cargo_no_time","Analytics Engineer","2023"
"b6bfxa8x8u4n4jk8souxb6bfxak20jg5","cargo_no_time","Analista de Dados","2023"
"b6bfxa8x8u4n4jk8souxb6bfxak20jg5","cargo_no_time","Cientista de Dados","2023"
"b6bfxa8x8u4n4jk8souxb6bfxak20jg5","cargo_no_time","Analista de BI","2023"
"b6bfxa8x8u4n4jk8souxb6bfxak20jg5","cargo_no_time","Business Analyst","2023"
"ye550hkr2dywdxcjye55nmy1q15p0p55","cargo_no_time","Analytics Engineer","2023"
"ye550hkr2dywdxcjye55nmy1q15p0p55","cargo_no_time","Engenharia de Dados","2023"
"ye550hkr2dywdxcjye55nmy1q15p0p55","cargo_no_time","Analista de Dados","2023"
"ye550hkr2dywdxcjye55nmy1q15p0p55","cargo_no_time","Cientista de Dados","2023"
"ye550hkr2dywdxcjye55nmy1q15p0p55","cargo_no_time","Analista de BI","2023"
"x59janvm46hyvda6imnvux59janvtaxb","cargo_no_time","Cientista de Dados","2023"
"x59janvm46hyvda6imnvux59janvtaxb","cargo_no_time","Business Analyst","2023"
"hqa3wqr4ai359kmnzuhqa39t3ilcw6k3","cargo_no_time","Engenharia de Dados","2023"
"hqa3wqr4ai359kmnzuhqa39t3ilcw6k3","cargo_no_time","Analista de BI","2023"
"hqa3wqr4ai359kmnzuhqa39t3ilcw6k3","cargo_no_time","Business Analyst","2023"
"qwskudhdx90ah7qwsku1phg21na9mzbn","cargo_no_time","Engenharia de Dados","2023"
"qwskudhdx90ah7qwsku1phg21na9mzbn","cargo_no_time","DBA","2023"
"qwskudhdx90ah7qwsku1phg21na9mzbn","cargo_no_time","Arquiteto de Dados","2023"
"fni29rcg1w7nxsufni21d6bjobexao09","cargo_no_time","Engenharia de Dados","2023"
"fni29rcg1w7nxsufni21d6bjobexao09","cargo_no_time","Analista de Dados","2023"
"fni29rcg1w7nxsufni21d6bjobexao09","cargo_no_time","Cientista de Dados","2023"
"fni29rcg1w7nxsufni21d6bjobexao09","cargo_no_time","Analista de BI","2023"
"yuy9m9sx6ukytqiawguyuy9m3w96q3ix","cargo_no_time","DBA","2023"
"yuy9m9sx6ukytqiawguyuy9m3w96q3ix","cargo_no_time","Business Analyst","2023"
"u2k8rhjgg0n13ynblu2k8zkd3b43mcyj","cargo_no_time","Engenharia de Dados","2023"
"u2k8rhjgg0n13ynblu2k8zkd3b43mcyj","cargo_no_time","Cientista de Dados","2023"
"u2k8rhjgg0n13ynblu2k8zkd3b43mcyj","cargo_no_time","Analista de BI","2023"
"u2k8rhjgg0n13ynblu2k8zkd3b43mcyj","cargo_no_time","Business Analyst","2023"
"0jj9dxfgsq4uhudlwbcs0jj9dxq1k1xm","cargo_no_time","Engenharia de Dados","2023"
"0jj9dxfgsq4uhudlwbcs0jj9dxq1k1xm","cargo_no_time","Analista de BI","2023"
"0jj9dxfgsq4uhudlwbcs0jj9dxq1k1xm","cargo_no_time","Arquiteto de Dados","2023"
"0jj9dxfgsq4uhudlwbcs0jj9dxq1k1xm","cargo_no_time","Business Analyst","2023"
"hnvc2kcusk37jlehnvc2k2aq5ym2xeo9","cargo_no_time","Engenharia de Dados","2023"
"hnvc2kcusk37jlehnvc2k2aq5ym2xeo9","cargo_no_time","Cientista de Dados","2023"
"0w0cx6th9989gcfjxxvpjr50w0cx6osv","cargo_no_time","Analytics Engineer","2023"
"0w0cx6th9989gcfjxxvpjr50w0cx6osv","cargo_no_time","Engenharia de Dados","2023"
"0w0cx6th9989gcfjxxvpjr50w0cx6osv","cargo_no_time","Analista de Dados","2023"
"0w0cx6th9989gcfjxxvpjr50w0cx6osv","cargo_no_time","Analista de BI","2023"
"44t627oetcz644t6bvq7q695xw102xyu","cargo_no_time","Engenharia de Dados","2023"
"44t627oetcz644t6bvq7q695xw102xyu","cargo_no_time","Analista de Dados","2023"
"44t627oetcz644t6bvq7q695xw102xyu","cargo_no_time","Cientista de Dados","2023"
"44t627oetcz644t6bvq7q695xw102xyu","cargo_no_time","DBA","2023"
"44t627oetcz644t6bvq7q695xw102xyu","cargo_no_time","Analista de BI","2023"
"uwmxt5oo3wcrzkuwmxt5t0rj85a8mubz","cargo_no_time","Analytics Engineer","2023"
"uwmxt5oo3wcrzkuwmxt5t0rj85a8mubz","cargo_no_time","Engenharia de Dados","2023"
"uwmxt5oo3wcrzkuwmxt5t0rj85a8mubz","cargo_no_time","Analista de Dados","2023"
"uwmxt5oo3wcrzkuwmxt5t0rj85a8mubz","cargo_no_time","Cientista de Dados","2023"
"uwmxt5oo3wcrzkuwmxt5t0rj85a8mubz","cargo_no_time","DBA","2023"
"uwmxt5oo3wcrzkuwmxt5t0rj85a8mubz","cargo_no_time","Analista de BI","2023"
"uwmxt5oo3wcrzkuwmxt5t0rj85a8mubz","cargo_no_time","Arquiteto de Dados","2023"
"uwmxt5oo3wcrzkuwmxt5t0rj85a8mubz","cargo_no_time","Data Product Manager","2023"
"uwmxt5oo3wcrzkuwmxt5t0rj85a8mubz","cargo_no_time","Business Analyst","2023"
"b2ewkyi0mku4uj640r5pqyb2ewkyi9z1","cargo_no_time","Engenharia de Dados","2023"
"b2ewkyi0mku4uj640r5pqyb2ewkyi9z1","cargo_no_time","Analista de Dados","2023"
"b2ewkyi0mku4uj640r5pqyb2ewkyi9z1","cargo_no_time","Analista de BI","2023"
"q22cl2xlel4ux150q22cl2vgmh3g08xp","cargo_no_time","Analytics Engineer","2023"
"q22cl2xlel4ux150q22cl2vgmh3g08xp","cargo_no_time","Engenharia de Dados","2023"
"q22cl2xlel4ux150q22cl2vgmh3g08xp","cargo_no_time","Analista de Dados","2023"
"q22cl2xlel4ux150q22cl2vgmh3g08xp","cargo_no_time","Cientista de Dados","2023"
"q22cl2xlel4ux150q22cl2vgmh3g08xp","cargo_no_time","DBA","2023"
"q22cl2xlel4ux150q22cl2vgmh3g08xp","cargo_no_time","Analista de BI","2023"
"q22cl2xlel4ux150q22cl2vgmh3g08xp","cargo_no_time","Arquiteto de Dados","2023"
"q22cl2xlel4ux150q22cl2vgmh3g08xp","cargo_no_time","Data Product Manager","2023"
"q22cl2xlel4ux150q22cl2vgmh3g08xp","cargo_no_time","Business Analyst","2023"
"4njviz9c0a4r0s14v4njvip7rr4wbyq1","cargo_no_time","Analytics Engineer","2023"
"4njviz9c0a4r0s14v4njvip7rr4wbyq1","cargo_no_time","Analista de Dados","2023"
"4njviz9c0a4r0s14v4njvip7rr4wbyq1","cargo_no_time","Business Analyst","2023"
"8t6ld98fbamsidb89tl618t6ldgs5u6i","cargo_no_time","Engenharia de Dados","2023"
"8t6ld98fbamsidb89tl618t6ldgs5u6i","cargo_no_time","Analista de Dados","2023"
"8t6ld98fbamsidb89tl618t6ldgs5u6i","cargo_no_time","Cientista de Dados","2023"
"8t6ld98fbamsidb89tl618t6ldgs5u6i","cargo_no_time","Business Analyst","2023"
"ljf2m777jrkaxb90lfwjiljf2m2ydbo7","cargo_no_time","Analytics Engineer","2023"
"ljf2m777jrkaxb90lfwjiljf2m2ydbo7","cargo_no_time","Engenharia de Dados","2023"
"ljf2m777jrkaxb90lfwjiljf2m2ydbo7","cargo_no_time","Analista de Dados","2023"
"ljf2m777jrkaxb90lfwjiljf2m2ydbo7","cargo_no_time","Cientista de Dados","2023"
"ljf2m777jrkaxb90lfwjiljf2m2ydbo7","cargo_no_time","DBA","2023"
"ljf2m777jrkaxb90lfwjiljf2m2ydbo7","cargo_no_time","Analista de BI","2023"
"ljf2m777jrkaxb90lfwjiljf2m2ydbo7","cargo_no_time","Arquiteto de Dados","2023"
"ljf2m777jrkaxb90lfwjiljf2m2ydbo7","cargo_no_time","Data Product Manager","2023"
"ljf2m777jrkaxb90lfwjiljf2m2ydbo7","cargo_no_time","Business Analyst","2023"
"xcn888ketx514e6qbt8xcn83qwfs2vaj","cargo_no_time","Analytics Engineer","2023"
"xcn888ketx514e6qbt8xcn83qwfs2vaj","cargo_no_time","Engenharia de Dados","2023"
"xcn888ketx514e6qbt8xcn83qwfs2vaj","cargo_no_time","Analista de Dados","2023"
"xcn888ketx514e6qbt8xcn83qwfs2vaj","cargo_no_time","Cientista de Dados","2023"
"s40xs3ci41d37bsps40x9r61ltj8opc7","cargo_no_time","DBA","2023"
"s40xs3ci41d37bsps40x9r61ltj8opc7","cargo_no_time","Analista de BI","2023"
"s40xs3ci41d37bsps40x9r61ltj8opc7","cargo_no_time","Data Product Manager","2023"
"s40xs3ci41d37bsps40x9r61ltj8opc7","cargo_no_time","Business Analyst","2023"
"k9y77l2pnn4j69umk9gqjzhnhvt1gzwp","cargo_no_time","Engenharia de Dados","2023"
"k9y77l2pnn4j69umk9gqjzhnhvt1gzwp","cargo_no_time","Cientista de Dados","2023"
"k9y77l2pnn4j69umk9gqjzhnhvt1gzwp","cargo_no_time","Analista de BI","2023"
"42bds7g1nnjof51v142bds7zk8twbf5m","cargo_no_time","Analytics Engineer","2023"
"42bds7g1nnjof51v142bds7zk8twbf5m","cargo_no_time","Cientista de Dados","2023"
"42bds7g1nnjof51v142bds7zk8twbf5m","cargo_no_time","Business Analyst","2023"
"1bd2w0vsb6r6p1bd2m6yf2mmigwe6z7u","cargo_no_time","Analista de Dados","2023"
"1bd2w0vsb6r6p1bd2m6yf2mmigwe6z7u","cargo_no_time","Analista de BI","2023"
"1bd2w0vsb6r6p1bd2m6yf2mmigwe6z7u","cargo_no_time","Business Analyst","2023"
"vj1sd4p9a9ghxpo0jxvj1sd4rhx39ren","cargo_no_time","Analista de Dados","2023"
"vj1sd4p9a9ghxpo0jxvj1sd4rhx39ren","cargo_no_time","DBA","2023"
"vj1sd4p9a9ghxpo0jxvj1sd4rhx39ren","cargo_no_time","Analista de BI","2023"
"74ulztbg9075og4mc8974ulztokkkk69","cargo_no_time","Analytics Engineer","2023"
"74ulztbg9075og4mc8974ulztokkkk69","cargo_no_time","Engenharia de Dados","2023"
"74ulztbg9075og4mc8974ulztokkkk69","cargo_no_time","Analista de Dados","2023"
"74ulztbg9075og4mc8974ulztokkkk69","cargo_no_time","Cientista de Dados","2023"
"74ulztbg9075og4mc8974ulztokkkk69","cargo_no_time","DBA","2023"
"74ulztbg9075og4mc8974ulztokkkk69","cargo_no_time","Analista de BI","2023"
"74ulztbg9075og4mc8974ulztokkkk69","cargo_no_time","Arquiteto de Dados","2023"
"74ulztbg9075og4mc8974ulztokkkk69","cargo_no_time","Data Product Manager","2023"
"74ulztbg9075og4mc8974ulztokkkk69","cargo_no_time","Business Analyst","2023"
"f2lghafz71p8a725mxsf2lgl6mh4p5dc","cargo_no_time","Analytics Engineer","2023"
"f2lghafz71p8a725mxsf2lgl6mh4p5dc","cargo_no_time","Engenharia de Dados","2023"
"f2lghafz71p8a725mxsf2lgl6mh4p5dc","cargo_no_time","Analista de Dados","2023"
"f2lghafz71p8a725mxsf2lgl6mh4p5dc","cargo_no_time","Cientista de Dados","2023"
"f2lghafz71p8a725mxsf2lgl6mh4p5dc","cargo_no_time","Analista de BI","2023"
"f2lghafz71p8a725mxsf2lgl6mh4p5dc","cargo_no_time","Data Product Manager","2023"
"jsgzoazz0gkej0paz4z7jsgzoacv950k","cargo_no_time","Analytics Engineer","2023"
"jsgzoazz0gkej0paz4z7jsgzoacv950k","cargo_no_time","Engenharia de Dados","2023"
"jsgzoazz0gkej0paz4z7jsgzoacv950k","cargo_no_time","Analista de Dados","2023"
"jsgzoazz0gkej0paz4z7jsgzoacv950k","cargo_no_time","Cientista de Dados","2023"
"jsgzoazz0gkej0paz4z7jsgzoacv950k","cargo_no_time","Business Analyst","2023"
"a9gnv374wwd65z79ha9gnv3mnfjiq2b5","cargo_no_time","Analista de BI","2024"
"a9gnv374wwd65z79ha9gnv3mnfjiq2b5","cargo_no_time","Arquiteto de Dados","2024"
"a9gnv374wwd65z79ha9gnv3mnfjiq2b5","cargo_no_time","Business Analyst","2024"
"qes0govb8lax16d9qes03ubdecsfcxlc","cargo_no_time","Engenharia de Dados","2024"
"qes0govb8lax16d9qes03ubdecsfcxlc","cargo_no_time","Analista de Dados","2024"
"qes0govb8lax16d9qes03ubdecsfcxlc","cargo_no_time","Cientista de Dados","2024"
"qes0govb8lax16d9qes03ubdecsfcxlc","cargo_no_time","DBA","2024"
"qes0govb8lax16d9qes03ubdecsfcxlc","cargo_no_time","Analista de BI","2024"
"qes0govb8lax16d9qes03ubdecsfcxlc","cargo_no_time","Arquiteto de Dados","2024"
"4gpd5w7lii1ns5nuubqgn84gpd5w7gk5","cargo_no_time","Analytics Engineer","2024"
"4gpd5w7lii1ns5nuubqgn84gpd5w7gk5","cargo_no_time","Engenharia de Dados","2024"
"4gpd5w7lii1ns5nuubqgn84gpd5w7gk5","cargo_no_time","Analista de Dados","2024"
"4gpd5w7lii1ns5nuubqgn84gpd5w7gk5","cargo_no_time","Cientista de Dados","2024"
"4gpd5w7lii1ns5nuubqgn84gpd5w7gk5","cargo_no_time","Analista de BI","2024"
"4gpd5w7lii1ns5nuubqgn84gpd5w7gk5","cargo_no_time","Arquiteto de Dados","2024"
"4gpd5w7lii1ns5nuubqgn84gpd5w7gk5","cargo_no_time","ML/AI Engineer","2024"
"fkoql5q5ddj07g2nmuxcgfkoql5q56lg","cargo_no_time","Analista de Dados","2024"
"fkoql5q5ddj07g2nmuxcgfkoql5q56lg","cargo_no_time","Analista de BI","2024"
"gtms8jzwu8r48bwamrfogtms01fog1wa","cargo_no_time","Engenharia de Dados","2024"
"gtms8jzwu8r48bwamrfogtms01fog1wa","cargo_no_time","Analista de Dados","2024"
"gtms8jzwu8r48bwamrfogtms01fog1wa","cargo_no_time","DBA","2024"
"gtms8jzwu8r48bwamrfogtms01fog1wa","cargo_no_time","Analista de BI","2024"
"gtms8jzwu8r48bwamrfogtms01fog1wa","cargo_no_time","Business Analyst","2024"
"qakj6fasdl28l79j8pa7z8sqakj6faes","cargo_no_time","Analista de BI","2024"
"v8pg061mccdt4xekuev8pg06ijy4it0p","cargo_no_time","Analista de Dados","2024"
"v8pg061mccdt4xekuev8pg06ijy4it0p","cargo_no_time","Cientista de Dados","2024"
"ycaktrj8094ypwycakl9xt9ww76mbh1e","cargo_no_time","DBA","2024"
"ycaktrj8094ypwycakl9xt9ww76mbh1e","cargo_no_time","Analista de BI","2024"
"bkbgnkrfh3o679ti42sbkbgnkgtnxsg4","cargo_no_time","Analytics Engineer","2024"
"bkbgnkrfh3o679ti42sbkbgnkgtnxsg4","cargo_no_time","Analista de Dados","2024"
"bkbgnkrfh3o679ti42sbkbgnkgtnxsg4","cargo_no_time","Data Product Manager","2024"
"0ngvct0zlpv10i2ad34q6littk3s0ngv","cargo_no_time","Analytics Engineer","2024"
"0ngvct0zlpv10i2ad34q6littk3s0ngv","cargo_no_time","Engenharia de Dados","2024"
"0ngvct0zlpv10i2ad34q6littk3s0ngv","cargo_no_time","Analista de Dados","2024"
"0ngvct0zlpv10i2ad34q6littk3s0ngv","cargo_no_time","Cientista de Dados","2024"
"0ngvct0zlpv10i2ad34q6littk3s0ngv","cargo_no_time","Analista de BI","2024"
"0ngvct0zlpv10i2ad34q6littk3s0ngv","cargo_no_time","Data Product Manager","2024"
"0ngvct0zlpv10i2ad34q6littk3s0ngv","cargo_no_time","ML/AI Engineer","2024"
"6rygf4lxypyc5fj1gg4g56rygf4lxxtu","cargo_no_time","Analista de Dados","2024"
"f3gkpoxthstutls8vkrpf3gkp8x73fc4","cargo_no_time","Analytics Engineer","2024"
"f3gkpoxthstutls8vkrpf3gkp8x73fc4","cargo_no_time","Engenharia de Dados","2024"
"f3gkpoxthstutls8vkrpf3gkp8x73fc4","cargo_no_time","Cientista de Dados","2024"
"f3gkpoxthstutls8vkrpf3gkp8x73fc4","cargo_no_time","Analista de BI","2024"
"f3gkpoxthstutls8vkrpf3gkp8x73fc4","cargo_no_time","Data Product Manager","2024"
"f3gkpoxthstutls8vkrpf3gkp8x73fc4","cargo_no_time","ML/AI Engineer","2024"
"t4sephzooqmssl052jkbt4seps3bc0s8","cargo_no_time","Analytics Engineer","2024"
"t4sephzooqmssl052jkbt4seps3bc0s8","cargo_no_time","Engenharia de Dados","2024"
"t4sephzooqmssl052jkbt4seps3bc0s8","cargo_no_time","Cientista de Dados","2024"
"t4sephzooqmssl052jkbt4seps3bc0s8","cargo_no_time","Analista de BI","2024"
"t4sephzooqmssl052jkbt4seps3bc0s8","cargo_no_time","Arquiteto de Dados","2024"
"t4sephzooqmssl052jkbt4seps3bc0s8","cargo_no_time","Data Product Manager","2024"
"t4sephzooqmssl052jkbt4seps3bc0s8","cargo_no_time","ML/AI Engineer","2024"
"qialrf451un0r5guh1zyqialrf4pu43j","cargo_no_time","Analytics Engineer","2024"
"qialrf451un0r5guh1zyqialrf4pu43j","cargo_no_time","Engenharia de Dados","2024"
"qialrf451un0r5guh1zyqialrf4pu43j","cargo_no_time","Analista de Dados","2024"
"qialrf451un0r5guh1zyqialrf4pu43j","cargo_no_time","Cientista de Dados","2024"
"qialrf451un0r5guh1zyqialrf4pu43j","cargo_no_time","DBA","2024"
"qialrf451un0r5guh1zyqialrf4pu43j","cargo_no_time","Analista de BI","2024"
"qialrf451un0r5guh1zyqialrf4pu43j","cargo_no_time","Arquiteto de Dados","2024"
"qialrf451un0r5guh1zyqialrf4pu43j","cargo_no_time","Data Product Manager","2024"
"qialrf451un0r5guh1zyqialrf4pu43j","cargo_no_time","Business Analyst","2024"
"qialrf451un0r5guh1zyqialrf4pu43j","cargo_no_time","ML/AI Engineer","2024"
"fq7gw4m6mgh79a4vfq7gw1qhqe9hv238","cargo_no_time","Analytics Engineer","2024"
"fq7gw4m6mgh79a4vfq7gw1qhqe9hv238","cargo_no_time","Engenharia de Dados","2024"
"fq7gw4m6mgh79a4vfq7gw1qhqe9hv238","cargo_no_time","Analista de Dados","2024"
"fq7gw4m6mgh79a4vfq7gw1qhqe9hv238","cargo_no_time","Cientista de Dados","2024"
"fq7gw4m6mgh79a4vfq7gw1qhqe9hv238","cargo_no_time","Analista de BI","2024"
"fq7gw4m6mgh79a4vfq7gw1qhqe9hv238","cargo_no_time","Arquiteto de Dados","2024"
"fq7gw4m6mgh79a4vfq7gw1qhqe9hv238","cargo_no_time","Business Analyst","2024"
"fq7gw4m6mgh79a4vfq7gw1qhqe9hv238","cargo_no_time","ML/AI Engineer","2024"
"quq7u4ove9m571jrquq7us95jsc691jk","cargo_no_time","Engenharia de Dados","2024"
"quq7u4ove9m571jrquq7us95jsc691jk","cargo_no_time","Analista de Dados","2024"
"quq7u4ove9m571jrquq7us95jsc691jk","cargo_no_time","Cientista de Dados","2024"
"quq7u4ove9m571jrquq7us95jsc691jk","cargo_no_time","DBA","2024"
"quq7u4ove9m571jrquq7us95jsc691jk","cargo_no_time","Arquiteto de Dados","2024"
"quq7u4ove9m571jrquq7us95jsc691jk","cargo_no_time","Data Product Manager","2024"
"quq7u4ove9m571jrquq7us95jsc691jk","cargo_no_time","ML/AI Engineer","2024"
"toxn8ll4cdrib1toxoknkhz9iiqoz2kq","cargo_no_time","Analytics Engineer","2024"
"toxn8ll4cdrib1toxoknkhz9iiqoz2kq","cargo_no_time","Engenharia de Dados","2024"
"toxn8ll4cdrib1toxoknkhz9iiqoz2kq","cargo_no_time","Analista de Dados","2024"
"toxn8ll4cdrib1toxoknkhz9iiqoz2kq","cargo_no_time","Cientista de Dados","2024"
"toxn8ll4cdrib1toxoknkhz9iiqoz2kq","cargo_no_time","DBA","2024"
"toxn8ll4cdrib1toxoknkhz9iiqoz2kq","cargo_no_time","Analista de BI","2024"
"toxn8ll4cdrib1toxoknkhz9iiqoz2kq","cargo_no_time","Business Analyst","2024"
"toxn8ll4cdrib1toxoknkhz9iiqoz2kq","cargo_no_time","ML/AI Engineer","2024"
"yw994x9rnwsxn8et5yw994xcaruynkcn","cargo_no_time","Cientista de Dados","2024"
"yw994x9rnwsxn8et5yw994xcaruynkcn","cargo_no_time","Data Product Manager","2024"
"yw994x9rnwsxn8et5yw994xcaruynkcn","cargo_no_time","ML/AI Engineer","2024"
"30fojjp3detcot4rw30fzrevegbtzm4g","cargo_no_time","Engenharia de Dados","2024"
"30fojjp3detcot4rw30fzrevegbtzm4g","cargo_no_time","Analista de Dados","2024"
"30fojjp3detcot4rw30fzrevegbtzm4g","cargo_no_time","Cientista de Dados","2024"
"30fojjp3detcot4rw30fzrevegbtzm4g","cargo_no_time","DBA","2024"
"30fojjp3detcot4rw30fzrevegbtzm4g","cargo_no_time","Analista de BI","2024"
"30fojjp3detcot4rw30fzrevegbtzm4g","cargo_no_time","Arquiteto de Dados","2024"
"30fojjp3detcot4rw30fzrevegbtzm4g","cargo_no_time","Data Product Manager","2024"
"30fojjp3detcot4rw30fzrevegbtzm4g","cargo_no_time","Business Analyst","2024"
"30fojjp3detcot4rw30fzrevegbtzm4g","cargo_no_time","ML/AI Engineer","2024"
"yss2n7ypq5ndixppy9yss2n7yprsvq4h","cargo_no_time","Engenharia de Dados","2024"
"yss2n7ypq5ndixppy9yss2n7yprsvq4h","cargo_no_time","DBA","2024"
"yss2n7ypq5ndixppy9yss2n7yprsvq4h","cargo_no_time","Analista de BI","2024"
"yss2n7ypq5ndixppy9yss2n7yprsvq4h","cargo_no_time","Business Analyst","2024"
"0zegbi0t6v6j67m0zegbni9zc0df33zj","cargo_no_time","Engenharia de Dados","2024"
"0zegbi0t6v6j67m0zegbni9zc0df33zj","cargo_no_time","Analista de Dados","2024"
"0zegbi0t6v6j67m0zegbni9zc0df33zj","cargo_no_time","Cientista de Dados","2024"
"0zegbi0t6v6j67m0zegbni9zc0df33zj","cargo_no_time","Data Product Manager","2024"
"0zegbi0t6v6j67m0zegbni9zc0df33zj","cargo_no_time","ML/AI Engineer","2024"
"dai1jxae3d9gngyxcydai1jx5qorwn7o","cargo_no_time","Engenharia de Dados","2024"
"dai1jxae3d9gngyxcydai1jx5qorwn7o","cargo_no_time","Analista de Dados","2024"
"dai1jxae3d9gngyxcydai1jx5qorwn7o","cargo_no_time","Cientista de Dados","2024"
"dai1jxae3d9gngyxcydai1jx5qorwn7o","cargo_no_time","DBA","2024"
"dai1jxae3d9gngyxcydai1jx5qorwn7o","cargo_no_time","Analista de BI","2024"
"pbn0uuzon2xuhrg64pbn0qmhqb1qc28l","cargo_no_time","Engenharia de Dados","2024"
"pbn0uuzon2xuhrg64pbn0qmhqb1qc28l","cargo_no_time","Analista de Dados","2024"
"pbn0uuzon2xuhrg64pbn0qmhqb1qc28l","cargo_no_time","Analista de BI","2024"
"pbn0uuzon2xuhrg64pbn0qmhqb1qc28l","cargo_no_time","Arquiteto de Dados","2024"
"iumutgzvkard8pggiumup3hqfjvymtil","cargo_no_time","Analista de Dados","2024"
"iumutgzvkard8pggiumup3hqfjvymtil","cargo_no_time","Analista de BI","2024"
"iumutgzvkard8pggiumup3hqfjvymtil","cargo_no_time","Business Analyst","2024"
"4v8pjk4hm23l6nhrk4v8nag8j96svtyo","cargo_no_time","Analytics Engineer","2024"
"4v8pjk4hm23l6nhrk4v8nag8j96svtyo","cargo_no_time","Engenharia de Dados","2024"
"4v8pjk4hm23l6nhrk4v8nag8j96svtyo","cargo_no_time","Analista de Dados","2024"
"4v8pjk4hm23l6nhrk4v8nag8j96svtyo","cargo_no_time","Cientista de Dados","2024"
"4v8pjk4hm23l6nhrk4v8nag8j96svtyo","cargo_no_time","DBA","2024"
"4v8pjk4hm23l6nhrk4v8nag8j96svtyo","cargo_no_time","Analista de BI","2024"
"4v8pjk4hm23l6nhrk4v8nag8j96svtyo","cargo_no_time","Arquiteto de Dados","2024"
"4v8pjk4hm23l6nhrk4v8nag8j96svtyo","cargo_no_time","Data Product Manager","2024"
"4v8pjk4hm23l6nhrk4v8nag8j96svtyo","cargo_no_time","ML/AI Engineer","2024"
"p8pv0rxy4ik3u8amcnp8pv0tiehbrhww","cargo_no_time","Engenharia de Dados","2024"
"p8pv0rxy4ik3u8amcnp8pv0tiehbrhww","cargo_no_time","Analista de Dados","2024"
"fy82gvdiawhdiutfy82galmcbyk03p7q","cargo_no_time","Analytics Engineer","2024"
"fy82gvdiawhdiutfy82galmcbyk03p7q","cargo_no_time","Engenharia de Dados","2024"
"fy82gvdiawhdiutfy82galmcbyk03p7q","cargo_no_time","Analista de Dados","2024"
"fy82gvdiawhdiutfy82galmcbyk03p7q","cargo_no_time","Cientista de Dados","2024"
"fy82gvdiawhdiutfy82galmcbyk03p7q","cargo_no_time","DBA","2024"
"fy82gvdiawhdiutfy82galmcbyk03p7q","cargo_no_time","Analista de BI","2024"
"fy82gvdiawhdiutfy82galmcbyk03p7q","cargo_no_time","Arquiteto de Dados","2024"
"fy82gvdiawhdiutfy82galmcbyk03p7q","cargo_no_time","ML/AI Engineer","2024"
"jrsjfce09aaewskfjrsj8aqs8f6h5m4z","cargo_no_time","Analytics Engineer","2024"
"jrsjfce09aaewskfjrsj8aqs8f6h5m4z","cargo_no_time","Engenharia de Dados","2024"
"jrsjfce09aaewskfjrsj8aqs8f6h5m4z","cargo_no_time","Analista de Dados","2024"
"jrsjfce09aaewskfjrsj8aqs8f6h5m4z","cargo_no_time","Cientista de Dados","2024"
"jrsjfce09aaewskfjrsj8aqs8f6h5m4z","cargo_no_time","DBA","2024"
"jrsjfce09aaewskfjrsj8aqs8f6h5m4z","cargo_no_time","Analista de BI","2024"
"ukosh39s368x5v0m3l0pukosh3n7itou","cargo_no_time","Analytics Engineer","2024"
"ukosh39s368x5v0m3l0pukosh3n7itou","cargo_no_time","Engenharia de Dados","2024"
"ukosh39s368x5v0m3l0pukosh3n7itou","cargo_no_time","Analista de Dados","2024"
"ukosh39s368x5v0m3l0pukosh3n7itou","cargo_no_time","Cientista de Dados","2024"
"ukosh39s368x5v0m3l0pukosh3n7itou","cargo_no_time","DBA","2024"
"ukosh39s368x5v0m3l0pukosh3n7itou","cargo_no_time","Analista de BI","2024"
"ukosh39s368x5v0m3l0pukosh3n7itou","cargo_no_time","Arquiteto de Dados","2024"
"ukosh39s368x5v0m3l0pukosh3n7itou","cargo_no_time","Data Product Manager","2024"
"ukosh39s368x5v0m3l0pukosh3n7itou","cargo_no_time","Business Analyst","2024"
"ukosh39s368x5v0m3l0pukosh3n7itou","cargo_no_time","ML/AI Engineer","2024"
"ncorn30ehq3fwwizncornt4a0uje041c","cargo_no_time","Analytics Engineer","2024"
"ncorn30ehq3fwwizncornt4a0uje041c","cargo_no_time","Engenharia de Dados","2024"
"ncorn30ehq3fwwizncornt4a0uje041c","cargo_no_time","Cientista de Dados","2024"
"ncorn30ehq3fwwizncornt4a0uje041c","cargo_no_time","Business Analyst","2024"
"ncorn30ehq3fwwizncornt4a0uje041c","cargo_no_time","ML/AI Engineer","2024"
"uec6mal5183l9ekpauec6m32keqm8ebe","cargo_no_time","Analytics Engineer","2024"
"uec6mal5183l9ekpauec6m32keqm8ebe","cargo_no_time","Engenharia de Dados","2024"
"uec6mal5183l9ekpauec6m32keqm8ebe","cargo_no_time","Analista de Dados","2024"
"uec6mal5183l9ekpauec6m32keqm8ebe","cargo_no_time","Cientista de Dados","2024"
"uec6mal5183l9ekpauec6m32keqm8ebe","cargo_no_time","Business Analyst","2024"
"uec6mal5183l9ekpauec6m32keqm8ebe","cargo_no_time","ML/AI Engineer","2024"
"wcft7guzrdttj225imjwcft7gueek99t","cargo_no_time","Engenharia de Dados","2024"
"wcft7guzrdttj225imjwcft7gueek99t","cargo_no_time","Analista de Dados","2024"
"wcft7guzrdttj225imjwcft7gueek99t","cargo_no_time","Cientista de Dados","2024"
"wcft7guzrdttj225imjwcft7gueek99t","cargo_no_time","DBA","2024"
"wcft7guzrdttj225imjwcft7gueek99t","cargo_no_time","Analista de BI","2024"
"wcft7guzrdttj225imjwcft7gueek99t","cargo_no_time","Arquiteto de Dados","2024"
"wcft7guzrdttj225imjwcft7gueek99t","cargo_no_time","Data Product Manager","2024"
"wcft7guzrdttj225imjwcft7gueek99t","cargo_no_time","Business Analyst","2024"
"wcft7guzrdttj225imjwcft7gueek99t","cargo_no_time","ML/AI Engineer","2024"
"039l1a8u1biol8l404edy039l12sjz03","cargo_no_time","Analytics Engineer","2024"
"039l1a8u1biol8l404edy039l12sjz03","cargo_no_time","Engenharia de Dados","2024"
"039l1a8u1biol8l404edy039l12sjz03","cargo_no_time","Analista de Dados","2024"
"039l1a8u1biol8l404edy039l12sjz03","cargo_no_time","Cientista de Dados","2024"
"039l1a8u1biol8l404edy039l12sjz03","cargo_no_time","DBA","2024"
"039l1a8u1biol8l404edy039l12sjz03","cargo_no_time","Analista de BI","2024"
"039l1a8u1biol8l404edy039l12sjz03","cargo_no_time","Business Analyst","2024"
"dg56eabzk4z4q44svdg56eaz0hdbfjmx","cargo_no_time","Engenharia de Dados","2024"
"dg56eabzk4z4q44svdg56eaz0hdbfjmx","cargo_no_time","Cientista de Dados","2024"
"dg56eabzk4z4q44svdg56eaz0hdbfjmx","cargo_no_time","Analista de BI","2024"
"nji0oks4luexi82g2og4rnji0oks4nv2","cargo_no_time","Engenharia de Dados","2024"
"nji0oks4luexi82g2og4rnji0oks4nv2","cargo_no_time","Cientista de Dados","2024"
"nji0oks4luexi82g2og4rnji0oks4nv2","cargo_no_time","Business Analyst","2024"
"dd8mfjqm0xmqkuahza2wfdd8mfjq562k","cargo_no_time","Cientista de Dados","2024"
"gcqci95n461lcu3gcqt4iqqcgjqbpsi8","cargo_no_time","Engenharia de Dados","2024"
"gcqci95n461lcu3gcqt4iqqcgjqbpsi8","cargo_no_time","Analista de Dados","2024"
"gcqci95n461lcu3gcqt4iqqcgjqbpsi8","cargo_no_time","Cientista de Dados","2024"
"gcqci95n461lcu3gcqt4iqqcgjqbpsi8","cargo_no_time","DBA","2024"
"gcqci95n461lcu3gcqt4iqqcgjqbpsi8","cargo_no_time","Analista de BI","2024"
"gcqci95n461lcu3gcqt4iqqcgjqbpsi8","cargo_no_time","Arquiteto de Dados","2024"
"gcqci95n461lcu3gcqt4iqqcgjqbpsi8","cargo_no_time","ML/AI Engineer","2024"
"u6328dxxuc5butb0yxu632bdkgw4vzbu","cargo_no_time","Analytics Engineer","2024"
"u6328dxxuc5butb0yxu632bdkgw4vzbu","cargo_no_time","Engenharia de Dados","2024"
"u6328dxxuc5butb0yxu632bdkgw4vzbu","cargo_no_time","Cientista de Dados","2024"
"u6328dxxuc5butb0yxu632bdkgw4vzbu","cargo_no_time","Business Analyst","2024"
"0q44pux1xm86idk4n0q44prumt6om5eg","cargo_no_time","Cientista de Dados","2024"
"0q44pux1xm86idk4n0q44prumt6om5eg","cargo_no_time","ML/AI Engineer","2024"
"hfh3p6a4r83x36zmq1lhfhwn691es2en","cargo_no_time","Analista de BI","2024"
"hfh3p6a4r83x36zmq1lhfhwn691es2en","cargo_no_time","Arquiteto de Dados","2024"
"hfh3p6a4r83x36zmq1lhfhwn691es2en","cargo_no_time","Data Product Manager","2024"
"byukgm2888bwnixbyuksd04d8skao15d","cargo_no_time","Analista de Dados","2024"
"byukgm2888bwnixbyuksd04d8skao15d","cargo_no_time","Cientista de Dados","2024"
"ljlqwwsxlnv1n2x29ljlqwwsx4nibmt9","cargo_no_time","Engenharia de Dados","2024"
"ljlqwwsxlnv1n2x29ljlqwwsx4nibmt9","cargo_no_time","Cientista de Dados","2024"
"ljlqwwsxlnv1n2x29ljlqwwsx4nibmt9","cargo_no_time","Arquiteto de Dados","2024"
"f0n567avrcme3zo9f0n56fd4c58fevv5","cargo_no_time","Analytics Engineer","2024"
"f0n567avrcme3zo9f0n56fd4c58fevv5","cargo_no_time","Engenharia de Dados","2024"
"f0n567avrcme3zo9f0n56fd4c58fevv5","cargo_no_time","Analista de Dados","2024"
"f0n567avrcme3zo9f0n56fd4c58fevv5","cargo_no_time","Cientista de Dados","2024"
"f0n567avrcme3zo9f0n56fd4c58fevv5","cargo_no_time","Analista de BI","2024"
"f0n567avrcme3zo9f0n56fd4c58fevv5","cargo_no_time","Arquiteto de Dados","2024"
"f0n567avrcme3zo9f0n56fd4c58fevv5","cargo_no_time","Business Analyst","2024"
"f0n567avrcme3zo9f0n56fd4c58fevv5","cargo_no_time","ML/AI Engineer","2024"
"ka0i76bh6pe5sohu1gka0i76b1xh1h1i","cargo_no_time","Engenharia de Dados","2024"
"ka0i76bh6pe5sohu1gka0i76b1xh1h1i","cargo_no_time","Analista de Dados","2024"
"ka0i76bh6pe5sohu1gka0i76b1xh1h1i","cargo_no_time","Cientista de Dados","2024"
"ka0i76bh6pe5sohu1gka0i76b1xh1h1i","cargo_no_time","DBA","2024"
"ka0i76bh6pe5sohu1gka0i76b1xh1h1i","cargo_no_time","Analista de BI","2024"
"ka0i76bh6pe5sohu1gka0i76b1xh1h1i","cargo_no_time","Arquiteto de Dados","2024"
"ka0i76bh6pe5sohu1gka0i76b1xh1h1i","cargo_no_time","Data Product Manager","2024"
"ka0i76bh6pe5sohu1gka0i76b1xh1h1i","cargo_no_time","ML/AI Engineer","2024"
"rk7phm7rm5vw8wmdbrk7phr2e0rntkx7","cargo_no_time","Analista de Dados","2024"
"dejww00ssjz6pdejwwppojjokzdk80xl","cargo_no_time","Analytics Engineer","2024"
"dejww00ssjz6pdejwwppojjokzdk80xl","cargo_no_time","Engenharia de Dados","2024"
"dejww00ssjz6pdejwwppojjokzdk80xl","cargo_no_time","Cientista de Dados","2024"
"dejww00ssjz6pdejwwppojjokzdk80xl","cargo_no_time","Analista de BI","2024"
"dejww00ssjz6pdejwwppojjokzdk80xl","cargo_no_time","Arquiteto de Dados","2024"
"dejww00ssjz6pdejwwppojjokzdk80xl","cargo_no_time","Data Product Manager","2024"
"dejww00ssjz6pdejwwppojjokzdk80xl","cargo_no_time","ML/AI Engineer","2024"
"ahia83reetbuufjrfahiao8h5g1zbpaw","cargo_no_time","Analytics Engineer","2024"
"ahia83reetbuufjrfahiao8h5g1zbpaw","cargo_no_time","Engenharia de Dados","2024"
"ahia83reetbuufjrfahiao8h5g1zbpaw","cargo_no_time","DBA","2024"
"ahia83reetbuufjrfahiao8h5g1zbpaw","cargo_no_time","Data Product Manager","2024"
"ahia83reetbuufjrfahiao8h5g1zbpaw","cargo_no_time","ML/AI Engineer","2024"
"2p6flsz5za7aeazsph922p6flsoi4zpy","cargo_no_time","Analytics Engineer","2024"
"2p6flsz5za7aeazsph922p6flsoi4zpy","cargo_no_time","Business Analyst","2024"
"npfxppxk7hyjgjsxlh4knpfxpcxiwbwu","cargo_no_time","Analytics Engineer","2024"
"npfxppxk7hyjgjsxlh4knpfxpcxiwbwu","cargo_no_time","Engenharia de Dados","2024"
"npfxppxk7hyjgjsxlh4knpfxpcxiwbwu","cargo_no_time","Analista de Dados","2024"
"npfxppxk7hyjgjsxlh4knpfxpcxiwbwu","cargo_no_time","Cientista de Dados","2024"
"npfxppxk7hyjgjsxlh4knpfxpcxiwbwu","cargo_no_time","DBA","2024"
"npfxppxk7hyjgjsxlh4knpfxpcxiwbwu","cargo_no_time","Analista de BI","2024"
"npfxppxk7hyjgjsxlh4knpfxpcxiwbwu","cargo_no_time","Arquiteto de Dados","2024"
"npfxppxk7hyjgjsxlh4knpfxpcxiwbwu","cargo_no_time","Business Analyst","2024"
"f04gpom96vvhq1if09bbpe4cc3b7d0n4","cargo_no_time","Cientista de Dados","2024"
"qfb8die5vx136ir0qqfb8d5siijrt930","cargo_no_time","Analista de Dados","2024"
"qfb8die5vx136ir0qqfb8d5siijrt930","cargo_no_time","Cientista de Dados","2024"
"qfb8die5vx136ir0qqfb8d5siijrt930","cargo_no_time","Business Analyst","2024"
"xhoo778nmpehc8sjxhoov1airhbxrlpn","cargo_no_time","Analista de Dados","2024"
"9f3grteyvrwf34j5yhbt9f32y9javqzc","cargo_no_time","Analytics Engineer","2024"
"9f3grteyvrwf34j5yhbt9f32y9javqzc","cargo_no_time","Engenharia de Dados","2024"
"9f3grteyvrwf34j5yhbt9f32y9javqzc","cargo_no_time","Analista de Dados","2024"
"9f3grteyvrwf34j5yhbt9f32y9javqzc","cargo_no_time","Cientista de Dados","2024"
"9f3grteyvrwf34j5yhbt9f32y9javqzc","cargo_no_time","Analista de BI","2024"
"9f3grteyvrwf34j5yhbt9f32y9javqzc","cargo_no_time","Arquiteto de Dados","2024"
"9f3grteyvrwf34j5yhbt9f32y9javqzc","cargo_no_time","Data Product Manager","2024"
"9f3grteyvrwf34j5yhbt9f32y9javqzc","cargo_no_time","Business Analyst","2024"
"9f3grteyvrwf34j5yhbt9f32y9javqzc","cargo_no_time","ML/AI Engineer","2024"
"ek6op1b32tj7bf4kek6li7on195znmxn","cargo_no_time","Engenharia de Dados","2024"
"ek6op1b32tj7bf4kek6li7on195znmxn","cargo_no_time","Analista de Dados","2024"
"ek6op1b32tj7bf4kek6li7on195znmxn","cargo_no_time","Cientista de Dados","2024"
"ek6op1b32tj7bf4kek6li7on195znmxn","cargo_no_time","Analista de BI","2024"
"111ss8rns0kmt5111sl4mcuitrkdc6oo","cargo_no_time","Engenharia de Dados","2024"
"111ss8rns0kmt5111sl4mcuitrkdc6oo","cargo_no_time","Cientista de Dados","2024"
"111ss8rns0kmt5111sl4mcuitrkdc6oo","cargo_no_time","DBA","2024"
"111ss8rns0kmt5111sl4mcuitrkdc6oo","cargo_no_time","Arquiteto de Dados","2024"
"ypvxwfprfps6f6ttypv8j1iroxnj71oq","cargo_no_time","Analista de Dados","2024"
"ypvxwfprfps6f6ttypv8j1iroxnj71oq","cargo_no_time","Analista de BI","2024"
"2jedndoae8tw28392jednd3kimr0bm1t","cargo_no_time","Analytics Engineer","2024"
"2jedndoae8tw28392jednd3kimr0bm1t","cargo_no_time","Engenharia de Dados","2024"
"2jedndoae8tw28392jednd3kimr0bm1t","cargo_no_time","Analista de Dados","2024"
"2jedndoae8tw28392jednd3kimr0bm1t","cargo_no_time","Cientista de Dados","2024"
"2jedndoae8tw28392jednd3kimr0bm1t","cargo_no_time","Arquiteto de Dados","2024"
"2jedndoae8tw28392jednd3kimr0bm1t","cargo_no_time","ML/AI Engineer","2024"
"ge51x2w6x44df36ge51x2nq4gasiwbhm","cargo_no_time","Analista de Dados","2024"
"ge51x2w6x44df36ge51x2nq4gasiwbhm","cargo_no_time","DBA","2024"
"ge51x2w6x44df36ge51x2nq4gasiwbhm","cargo_no_time","Analista de BI","2024"
"bz1wmcrbbt7bv7fpjo8ulkbz1wmkpq86","cargo_no_time","Analytics Engineer","2024"
"bz1wmcrbbt7bv7fpjo8ulkbz1wmkpq86","cargo_no_time","Engenharia de Dados","2024"
"bz1wmcrbbt7bv7fpjo8ulkbz1wmkpq86","cargo_no_time","Analista de Dados","2024"
"bz1wmcrbbt7bv7fpjo8ulkbz1wmkpq86","cargo_no_time","Cientista de Dados","2024"
"bz1wmcrbbt7bv7fpjo8ulkbz1wmkpq86","cargo_no_time","DBA","2024"
"jdluohxywaahtipfbijdluohirehf221","cargo_no_time","Analista de BI","2024"
"jdluohxywaahtipfbijdluohirehf221","cargo_no_time","Business Analyst","2024"
"s9ubmekrp4h95mgs9ubm3tfk95va77jk","cargo_no_time","Analytics Engineer","2024"
"s9ubmekrp4h95mgs9ubm3tfk95va77jk","cargo_no_time","Engenharia de Dados","2024"
"s9ubmekrp4h95mgs9ubm3tfk95va77jk","cargo_no_time","Analista de Dados","2024"
"s9ubmekrp4h95mgs9ubm3tfk95va77jk","cargo_no_time","Cientista de Dados","2024"
"s9ubmekrp4h95mgs9ubm3tfk95va77jk","cargo_no_time","Analista de BI","2024"
"s9ubmekrp4h95mgs9ubm3tfk95va77jk","cargo_no_time","Arquiteto de Dados","2024"
"uvg2906m9zaepajsz5ruvg2906akk1o5","cargo_no_time","Engenharia de Dados","2024"
"uvg2906m9zaepajsz5ruvg2906akk1o5","cargo_no_time","Analista de Dados","2024"
"uvg2906m9zaepajsz5ruvg2906akk1o5","cargo_no_time","Cientista de Dados","2024"
"uvg2906m9zaepajsz5ruvg2906akk1o5","cargo_no_time","DBA","2024"
"uvg2906m9zaepajsz5ruvg2906akk1o5","cargo_no_time","Analista de BI","2024"
"uvg2906m9zaepajsz5ruvg2906akk1o5","cargo_no_time","ML/AI Engineer","2024"
"xre0kzhxyrsjuhmxre0sq9opktr1uwp8","cargo_no_time","Analista de Dados","2025"
"xre0kzhxyrsjuhmxre0sq9opktr1uwp8","cargo_no_time","Analista de BI","2025"
"vqa8j1oimt5qn93govblvqa8j1zuaoq9","cargo_no_time","Business Analyst","2025"
"mwgm1bxd4mwgm482jveut6gto759482j","cargo_no_time","Engenharia de Dados","2025"
"mwgm1bxd4mwgm482jveut6gto759482j","cargo_no_time","Analista de Dados","2025"
"mwgm1bxd4mwgm482jveut6gto759482j","cargo_no_time","DBA","2025"
"mwgm1bxd4mwgm482jveut6gto759482j","cargo_no_time","Arquiteto de Dados","2025"
"cnxn18biz6c3ulkgu8gsc7cnxn18bbgg","cargo_no_time","Engenharia de Dados","2025"
"cnxn18biz6c3ulkgu8gsc7cnxn18bbgg","cargo_no_time","Analista de Dados","2025"
"gap1ble42ywbagrgap17kicu8ahuyi2m","cargo_no_time","Engenharia de Dados","2025"
"gap1ble42ywbagrgap17kicu8ahuyi2m","cargo_no_time","Analista de Dados","2025"
"gap1ble42ywbagrgap17kicu8ahuyi2m","cargo_no_time","Cientista de Dados","2025"
"gap1ble42ywbagrgap17kicu8ahuyi2m","cargo_no_time","DBA","2025"
"gap1ble42ywbagrgap17kicu8ahuyi2m","cargo_no_time","Analista de BI","2025"
"gap1ble42ywbagrgap17kicu8ahuyi2m","cargo_no_time","Arquiteto de Dados","2025"
"gap1ble42ywbagrgap17kicu8ahuyi2m","cargo_no_time","Business Analyst","2025"
"6jcg9s69ppk9p62x6jcg986zomqx2va7","cargo_no_time","Analista de Dados","2025"
"6jcg9s69ppk9p62x6jcg986zomqx2va7","cargo_no_time","Analista de BI","2025"
"6jcg9s69ppk9p62x6jcg986zomqx2va7","cargo_no_time","Business Analyst","2025"
"wo4tgxciu89uwo42dob5extat4p19mz5","cargo_no_time","Analista de Dados","2025"
"wo4tgxciu89uwo42dob5extat4p19mz5","cargo_no_time","Analista de BI","2025"
"wo4tgxciu89uwo42dob5extat4p19mz5","cargo_no_time","Business Analyst","2025"
"ozmrtskorfeohgud0ozmrtseibievfsb","cargo_no_time","Engenharia de Dados","2025"
"ozmrtskorfeohgud0ozmrtseibievfsb","cargo_no_time","Analista de Dados","2025"
"ozmrtskorfeohgud0ozmrtseibievfsb","cargo_no_time","Cientista de Dados","2025"
"ozmrtskorfeohgud0ozmrtseibievfsb","cargo_no_time","DBA","2025"
"ozmrtskorfeohgud0ozmrtseibievfsb","cargo_no_time","Analista de BI","2025"
"ozmrtskorfeohgud0ozmrtseibievfsb","cargo_no_time","Arquiteto de Dados","2025"
"ozmrtskorfeohgud0ozmrtseibievfsb","cargo_no_time","Business Analyst","2025"
"ozmrtskorfeohgud0ozmrtseibievfsb","cargo_no_time","ML/AI Engineer","2025"
"39ealv2rkoq0ndfhb1339ealv1g7h2ow","cargo_no_time","Engenharia de Dados","2025"
"39ealv2rkoq0ndfhb1339ealv1g7h2ow","cargo_no_time","Analista de Dados","2025"
"39ealv2rkoq0ndfhb1339ealv1g7h2ow","cargo_no_time","Cientista de Dados","2025"
"39ealv2rkoq0ndfhb1339ealv1g7h2ow","cargo_no_time","Analista de BI","2025"
"39ealv2rkoq0ndfhb1339ealv1g7h2ow","cargo_no_time","ML/AI Engineer","2025"
"3siy3hayfkb9qlgm6den8st83siy3hay","cargo_no_time","Analista de BI","2025"
"ql97itbbdjfb2ssizqbsdql97itplrz5","cargo_no_time","Engenharia de Dados","2025"
"ql97itbbdjfb2ssizqbsdql97itplrz5","cargo_no_time","Analista de Dados","2025"
"ql97itbbdjfb2ssizqbsdql97itplrz5","cargo_no_time","DBA","2025"
"5umfstnj0odc1evff5umfsdk2pfyj8sp","cargo_no_time","Analista de BI","2025"
"qkjpk3ekcjrtn7ly4aqkjpk3e6bwfdot","cargo_no_time","Analista de BI","2025"
"qkjpk3ekcjrtn7ly4aqkjpk3e6bwfdot","cargo_no_time","Business Analyst","2025"
"4v49oy3opu98fno4v49b3alied40drty","cargo_no_time","Analytics Engineer","2025"
"4v49oy3opu98fno4v49b3alied40drty","cargo_no_time","Engenharia de Dados","2025"
"4v49oy3opu98fno4v49b3alied40drty","cargo_no_time","Analista de Dados","2025"
"8ao7q9182xxht8a5gda7x8ao7q9149e2","cargo_no_time","Analytics Engineer","2025"
"8ao7q9182xxht8a5gda7x8ao7q9149e2","cargo_no_time","ML/AI Engineer","2025"
"9rmtwxj6omc5q9rmtpw6mbberm3ey26n","cargo_no_time","Analytics Engineer","2025"
"9rmtwxj6omc5q9rmtpw6mbberm3ey26n","cargo_no_time","Engenharia de Dados","2025"
"9rmtwxj6omc5q9rmtpw6mbberm3ey26n","cargo_no_time","Analista de Dados","2025"
"9rmtwxj6omc5q9rmtpw6mbberm3ey26n","cargo_no_time","Cientista de Dados","2025"
"9rmtwxj6omc5q9rmtpw6mbberm3ey26n","cargo_no_time","DBA","2025"
"9rmtwxj6omc5q9rmtpw6mbberm3ey26n","cargo_no_time","Analista de BI","2025"
"9rmtwxj6omc5q9rmtpw6mbberm3ey26n","cargo_no_time","Arquiteto de Dados","2025"
"9rmtwxj6omc5q9rmtpw6mbberm3ey26n","cargo_no_time","Data Product Manager","2025"
"9rmtwxj6omc5q9rmtpw6mbberm3ey26n","cargo_no_time","Business Analyst","2025"
"9rmtwxj6omc5q9rmtpw6mbberm3ey26n","cargo_no_time","ML/AI Engineer","2025"
"3ql11fprxec1qq3ql1sxpkn1jesvebh6","cargo_no_time","Engenharia de Dados","2025"
"3ql11fprxec1qq3ql1sxpkn1jesvebh6","cargo_no_time","Analista de Dados","2025"
"3ql11fprxec1qq3ql1sxpkn1jesvebh6","cargo_no_time","Analista de BI","2025"
"3ql11fprxec1qq3ql1sxpkn1jesvebh6","cargo_no_time","Data Product Manager","2025"
"42lblv4x73142lvw8g4b00gt0zlektvw","cargo_no_time","Analista de Dados","2025"
"42lblv4x73142lvw8g4b00gt0zlektvw","cargo_no_time","Cientista de Dados","2025"
"tk1ccwspdeiqqonjpgztk1c606khkgke","cargo_no_time","Analytics Engineer","2025"
"tk1ccwspdeiqqonjpgztk1c606khkgke","cargo_no_time","Engenharia de Dados","2025"
"tk1ccwspdeiqqonjpgztk1c606khkgke","cargo_no_time","Analista de Dados","2025"
"tk1ccwspdeiqqonjpgztk1c606khkgke","cargo_no_time","Cientista de Dados","2025"
"tk1ccwspdeiqqonjpgztk1c606khkgke","cargo_no_time","DBA","2025"
"tk1ccwspdeiqqonjpgztk1c606khkgke","cargo_no_time","Arquiteto de Dados","2025"
"tk1ccwspdeiqqonjpgztk1c606khkgke","cargo_no_time","ML/AI Engineer","2025"
"ontyjhn6kzylgtont2niwsywlzhbe80d","cargo_no_time","Engenharia de Dados","2025"
"ontyjhn6kzylgtont2niwsywlzhbe80d","cargo_no_time","Analista de Dados","2025"
"ontyjhn6kzylgtont2niwsywlzhbe80d","cargo_no_time","Cientista de Dados","2025"
"ontyjhn6kzylgtont2niwsywlzhbe80d","cargo_no_time","DBA","2025"
"zn0gdymawhc6z9wts9kzn0gdymay0o6e","cargo_no_time","Analytics Engineer","2025"
"zn0gdymawhc6z9wts9kzn0gdymay0o6e","cargo_no_time","Engenharia de Dados","2025"
"zn0gdymawhc6z9wts9kzn0gdymay0o6e","cargo_no_time","Analista de Dados","2025"
"zn0gdymawhc6z9wts9kzn0gdymay0o6e","cargo_no_time","Cientista de Dados","2025"
"zn0gdymawhc6z9wts9kzn0gdymay0o6e","cargo_no_time","Analista de BI","2025"
"zn0gdymawhc6z9wts9kzn0gdymay0o6e","cargo_no_time","Business Analyst","2025"
"zn0gdymawhc6z9wts9kzn0gdymay0o6e","cargo_no_time","ML/AI Engineer","2025"
"eursn60dbr51dh87zdeursn604k4vpul","cargo_no_time","Engenharia de Dados","2025"
"eursn60dbr51dh87zdeursn604k4vpul","cargo_no_time","Analista de Dados","2025"
"f0ulzofdw8b6jbux66f0ulzoqfz1mgm1","cargo_no_time","Engenharia de Dados","2025"
"f0ulzofdw8b6jbux66f0ulzoqfz1mgm1","cargo_no_time","Analista de Dados","2025"
"f0ulzofdw8b6jbux66f0ulzoqfz1mgm1","cargo_no_time","Cientista de Dados","2025"
"f0ulzofdw8b6jbux66f0ulzoqfz1mgm1","cargo_no_time","Analista de BI","2025"
"7z7m75drc4pxh8y5zn7z7m75b6l48a9p","cargo_no_time","Engenharia de Dados","2025"
"7z7m75drc4pxh8y5zn7z7m75b6l48a9p","cargo_no_time","Analista de Dados","2025"
"7z7m75drc4pxh8y5zn7z7m75b6l48a9p","cargo_no_time","Cientista de Dados","2025"
"7z7m75drc4pxh8y5zn7z7m75b6l48a9p","cargo_no_time","Analista de BI","2025"
"7z7m75drc4pxh8y5zn7z7m75b6l48a9p","cargo_no_time","Business Analyst","2025"
"7z7m75drc4pxh8y5zn7z7m75b6l48a9p","cargo_no_time","ML/AI Engineer","2025"
"4jmi7gp334my9r2kc3wg4jmi74j25f93","cargo_no_time","Analista de Dados","2025"
"4jmi7gp334my9r2kc3wg4jmi74j25f93","cargo_no_time","Analista de BI","2025"
"4jmi7gp334my9r2kc3wg4jmi74j25f93","cargo_no_time","Business Analyst","2025"
"u476cw4b624qvw96hu475qx123ki6q42","cargo_no_time","Analytics Engineer","2024"
"u476cw4b624qvw96hu475qx123ki6q42","cargo_no_time","Engenharia de Dados","2024"
"u476cw4b624qvw96hu475qx123ki6q42","cargo_no_time","Cientista de Dados","2024"
"f61iyy4blk6n8vwef61i3001ablfe69f","cargo_no_time","Engenharia de Dados","2024"
"u476cw4b624qvw96hu475qx123ki6q42","cargo_no_time","Analista de BI","2024"
"u476cw4b624qvw96hu475qx123ki6q42","cargo_no_time","Arquiteto de Dados","2024"
"u476cw4b624qvw96hu475qx123ki6q42","cargo_no_time","Data Product Manager","2024"
"u476cw4b624qvw96hu475qx123ki6q42","cargo_no_time","ML/AI Engineer","2024"
"ivb9bn1h9ifaf7ddgu2a9ivb9bakg8z4","cargo_no_time","Engenharia de Dados","2024"
"ivb9bn1h9ifaf7ddgu2a9ivb9bakg8z4","cargo_no_time","Analista de Dados","2024"
"ivb9bn1h9ifaf7ddgu2a9ivb9bakg8z4","cargo_no_time","Cientista de Dados","2024"
"ivb9bn1h9ifaf7ddgu2a9ivb9bakg8z4","cargo_no_time","DBA","2024"
"ivb9bn1h9ifaf7ddgu2a9ivb9bakg8z4","cargo_no_time","Analista de BI","2024"
"ivb9bn1h9ifaf7ddgu2a9ivb9bakg8z4","cargo_no_time","Arquiteto de Dados","2024"
"ivb9bn1h9ifaf7ddgu2a9ivb9bakg8z4","cargo_no_time","Business Analyst","2024"
"ivb9bn1h9ifaf7ddgu2a9ivb9bakg8z4","cargo_no_time","ML/AI Engineer","2024"
"tgjt3eyjxbdiehqvtgjtnreq0pw584ub","cargo_no_time","Analytics Engineer","2024"
"tgjt3eyjxbdiehqvtgjtnreq0pw584ub","cargo_no_time","Engenharia de Dados","2024"
"tgjt3eyjxbdiehqvtgjtnreq0pw584ub","cargo_no_time","Analista de Dados","2024"
"tgjt3eyjxbdiehqvtgjtnreq0pw584ub","cargo_no_time","Cientista de Dados","2024"
"tgjt3eyjxbdiehqvtgjtnreq0pw584ub","cargo_no_time","Arquiteto de Dados","2024"
"tgjt3eyjxbdiehqvtgjtnreq0pw584ub","cargo_no_time","ML/AI Engineer","2024"
"3d1grqf0gy03vhx73d1gr6vwfrdr7yv7","cargo_no_time","Analytics Engineer","2024"
"3d1grqf0gy03vhx73d1gr6vwfrdr7yv7","cargo_no_time","Engenharia de Dados","2024"
"3d1grqf0gy03vhx73d1gr6vwfrdr7yv7","cargo_no_time","Analista de Dados","2024"
"3d1grqf0gy03vhx73d1gr6vwfrdr7yv7","cargo_no_time","Cientista de Dados","2024"
"3d1grqf0gy03vhx73d1gr6vwfrdr7yv7","cargo_no_time","Analista de BI","2024"
"3d1grqf0gy03vhx73d1gr6vwfrdr7yv7","cargo_no_time","Arquiteto de Dados","2024"
"3d1grqf0gy03vhx73d1gr6vwfrdr7yv7","cargo_no_time","Business Analyst","2024"
"3d1grqf0gy03vhx73d1gr6vwfrdr7yv7","cargo_no_time","ML/AI Engineer","2024"
"15smda1boib680ckbu315smdaiv0kw01","cargo_no_time","Analista de Dados","2024"
"15smda1boib680ckbu315smdaiv0kw01","cargo_no_time","DBA","2024"
"f61iyy4blk6n8vwef61i3001ablfe69f","cargo_no_time","Cientista de Dados","2024"
"f61iyy4blk6n8vwef61i3001ablfe69f","cargo_no_time","Analista de BI","2024"
"15smda1boib680ckbu315smdaiv0kw01","cargo_no_time","Analista de BI","2024"
"wcmaayvvnv852vr8phvtwcmaayof4owi","cargo_no_time","Engenharia de Dados","2024"
"wcmaayvvnv852vr8phvtwcmaayof4owi","cargo_no_time","Analista de Dados","2024"
"wcmaayvvnv852vr8phvtwcmaayof4owi","cargo_no_time","Cientista de Dados","2024"
"wcmaayvvnv852vr8phvtwcmaayof4owi","cargo_no_time","Analista de BI","2024"
"wcmaayvvnv852vr8phvtwcmaayof4owi","cargo_no_time","Data Product Manager","2024"
"wcmaayvvnv852vr8phvtwcmaayof4owi","cargo_no_time","Business Analyst","2024"
"ely7mmijgqxg6ip1xi4h5ely7mymezj3","cargo_no_time","Analytics Engineer","2024"
"ely7mmijgqxg6ip1xi4h5ely7mymezj3","cargo_no_time","Engenharia de Dados","2024"
"ely7mmijgqxg6ip1xi4h5ely7mymezj3","cargo_no_time","Analista de Dados","2024"
"ely7mmijgqxg6ip1xi4h5ely7mymezj3","cargo_no_time","Analista de BI","2024"
"ely7mmijgqxg6ip1xi4h5ely7mymezj3","cargo_no_time","Arquiteto de Dados","2024"
"ely7mmijgqxg6ip1xi4h5ely7mymezj3","cargo_no_time","Data Product Manager","2024"
"labhq5nih37bbpaqm47vzglabhn4usm4","cargo_no_time","Analista de Dados","2024"
"labhq5nih37bbpaqm47vzglabhn4usm4","cargo_no_time","Analista de BI","2024"
"labhq5nih37bbpaqm47vzglabhn4usm4","cargo_no_time","Business Analyst","2024"
"zle438i7vi579zle4336w2333dvk3jpz","cargo_no_time","Engenharia de Dados","2024"
"zle438i7vi579zle4336w2333dvk3jpz","cargo_no_time","Analista de Dados","2024"
"zle438i7vi579zle4336w2333dvk3jpz","cargo_no_time","Cientista de Dados","2024"
"zle438i7vi579zle4336w2333dvk3jpz","cargo_no_time","Arquiteto de Dados","2024"
"m0qqzv5ypezfhqof5e0zqm0qqzvoinwx","cargo_no_time","ML/AI Engineer","2024"
"2nshi3nwykzc8no7h2nshrd9gde6bff6","cargo_no_time","Analista de Dados","2024"
"2nshi3nwykzc8no7h2nshrd9gde6bff6","cargo_no_time","DBA","2024"
"2nshi3nwykzc8no7h2nshrd9gde6bff6","cargo_no_time","Analista de BI","2024"
"wxbnmvzzgoutlrkvjgz7wxbnmvv6f991","cargo_no_time","Engenharia de Dados","2024"
"wxbnmvzzgoutlrkvjgz7wxbnmvv6f991","cargo_no_time","Analista de Dados","2024"
"wxbnmvzzgoutlrkvjgz7wxbnmvv6f991","cargo_no_time","Cientista de Dados","2024"
"wxbnmvzzgoutlrkvjgz7wxbnmvv6f991","cargo_no_time","DBA","2024"
"wxbnmvzzgoutlrkvjgz7wxbnmvv6f991","cargo_no_time","Analista de BI","2024"
"wxbnmvzzgoutlrkvjgz7wxbnmvv6f991","cargo_no_time","Arquiteto de Dados","2024"
"wxbnmvzzgoutlrkvjgz7wxbnmvv6f991","cargo_no_time","Data Product Manager","2024"
"2yv590nxdqy4fe88hau2yv590khr1tix","cargo_no_time","Analytics Engineer","2024"
"2yv590nxdqy4fe88hau2yv590khr1tix","cargo_no_time","Analista de Dados","2024"
"2yv590nxdqy4fe88hau2yv590khr1tix","cargo_no_time","Business Analyst","2024"
"osgsth092mhpe47xv67xzosgsthqp3x9","cargo_no_time","Analista de Dados","2024"
"osgsth092mhpe47xv67xzosgsthqp3x9","cargo_no_time","Analista de BI","2024"
"osgsth092mhpe47xv67xzosgsthqp3x9","cargo_no_time","Business Analyst","2024"
"so2xfoqvc3p0esso2u5fuo8wnp4zbl52","cargo_no_time","Analista de Dados","2024"
"so2xfoqvc3p0esso2u5fuo8wnp4zbl52","cargo_no_time","Arquiteto de Dados","2024"
"uf3d1lx7nzuiwpwjnauf3dub8pc5gh36","cargo_no_time","Analytics Engineer","2024"
"uf3d1lx7nzuiwpwjnauf3dub8pc5gh36","cargo_no_time","Engenharia de Dados","2024"
"uf3d1lx7nzuiwpwjnauf3dub8pc5gh36","cargo_no_time","Cientista de Dados","2024"
"uf3d1lx7nzuiwpwjnauf3dub8pc5gh36","cargo_no_time","Arquiteto de Dados","2024"
"uf3d1lx7nzuiwpwjnauf3dub8pc5gh36","cargo_no_time","Data Product Manager","2024"
"uf3d1lx7nzuiwpwjnauf3dub8pc5gh36","cargo_no_time","ML/AI Engineer","2024"
"hubt9oz53hr8o1dw7duihubtl2izl54f","cargo_no_time","Analytics Engineer","2024"
"hubt9oz53hr8o1dw7duihubtl2izl54f","cargo_no_time","Engenharia de Dados","2024"
"hubt9oz53hr8o1dw7duihubtl2izl54f","cargo_no_time","Analista de Dados","2024"
"hubt9oz53hr8o1dw7duihubtl2izl54f","cargo_no_time","Cientista de Dados","2024"
"hubt9oz53hr8o1dw7duihubtl2izl54f","cargo_no_time","Analista de BI","2024"
"hubt9oz53hr8o1dw7duihubtl2izl54f","cargo_no_time","Arquiteto de Dados","2024"
"hubt9oz53hr8o1dw7duihubtl2izl54f","cargo_no_time","Business Analyst","2024"
"hubt9oz53hr8o1dw7duihubtl2izl54f","cargo_no_time","ML/AI Engineer","2024"
"gmtpatug8xd1f80zvgmti89nam5v1f3x","cargo_no_time","Engenharia de Dados","2024"
"gmtpatug8xd1f80zvgmti89nam5v1f3x","cargo_no_time","Analista de Dados","2024"
"gmtpatug8xd1f80zvgmti89nam5v1f3x","cargo_no_time","Cientista de Dados","2024"
"gmtpatug8xd1f80zvgmti89nam5v1f3x","cargo_no_time","Arquiteto de Dados","2024"
"gmtpatug8xd1f80zvgmti89nam5v1f3x","cargo_no_time","Business Analyst","2024"
"gmtpatug8xd1f80zvgmti89nam5v1f3x","cargo_no_time","ML/AI Engineer","2024"
"ydywfvgl4hjwsbalzqvydywgjdn8ff84","cargo_no_time","Analytics Engineer","2024"
"ydywfvgl4hjwsbalzqvydywgjdn8ff84","cargo_no_time","Engenharia de Dados","2024"
"ydywfvgl4hjwsbalzqvydywgjdn8ff84","cargo_no_time","Analista de Dados","2024"
"ydywfvgl4hjwsbalzqvydywgjdn8ff84","cargo_no_time","Cientista de Dados","2024"
"ydywfvgl4hjwsbalzqvydywgjdn8ff84","cargo_no_time","Arquiteto de Dados","2024"
"ydywfvgl4hjwsbalzqvydywgjdn8ff84","cargo_no_time","Data Product Manager","2024"
"ydywfvgl4hjwsbalzqvydywgjdn8ff84","cargo_no_time","Business Analyst","2024"
"ydywfvgl4hjwsbalzqvydywgjdn8ff84","cargo_no_time","ML/AI Engineer","2024"
"au6njiqubve7nsr6qsau6n7zync2ly3d","cargo_no_time","Analytics Engineer","2024"
"au6njiqubve7nsr6qsau6n7zync2ly3d","cargo_no_time","Engenharia de Dados","2024"
"au6njiqubve7nsr6qsau6n7zync2ly3d","cargo_no_time","Arquiteto de Dados","2024"
"au6njiqubve7nsr6qsau6n7zync2ly3d","cargo_no_time","Data Product Manager","2024"
"au6njiqubve7nsr6qsau6n7zync2ly3d","cargo_no_time","Business Analyst","2024"
"au6njiqubve7nsr6qsau6n7zync2ly3d","cargo_no_time","ML/AI Engineer","2024"
"imx21mj2yh6kuxm7h3ximxdo1q5ge463","cargo_no_time","Cientista de Dados","2024"
"imx21mj2yh6kuxm7h3ximxdo1q5ge463","cargo_no_time","Analista de BI","2024"
"veww9tlgwe9y7hytd0c3vveww9t59ax8","cargo_no_time","Analytics Engineer","2024"
"veww9tlgwe9y7hytd0c3vveww9t59ax8","cargo_no_time","Engenharia de Dados","2024"
"veww9tlgwe9y7hytd0c3vveww9t59ax8","cargo_no_time","Analista de Dados","2024"
"veww9tlgwe9y7hytd0c3vveww9t59ax8","cargo_no_time","Cientista de Dados","2024"
"veww9tlgwe9y7hytd0c3vveww9t59ax8","cargo_no_time","Analista de BI","2024"
"veww9tlgwe9y7hytd0c3vveww9t59ax8","cargo_no_time","Business Analyst","2024"
"veww9tlgwe9y7hytd0c3vveww9t59ax8","cargo_no_time","ML/AI Engineer","2024"
"52ayixuta252f3wc5eplnixmxhmcvzf3","cargo_no_time","Analista de BI","2024"
"neou9wftd4nk3zdbsyiz6cneou9wfub6","cargo_no_time","Engenharia de Dados","2024"
"neou9wftd4nk3zdbsyiz6cneou9wfub6","cargo_no_time","Analista de Dados","2024"
"neou9wftd4nk3zdbsyiz6cneou9wfub6","cargo_no_time","DBA","2024"
"neou9wftd4nk3zdbsyiz6cneou9wfub6","cargo_no_time","Analista de BI","2024"
"neou9wftd4nk3zdbsyiz6cneou9wfub6","cargo_no_time","Business Analyst","2024"
"byxmwdf650x17gb5byxmwdvmuobnyeyp","cargo_no_time","Engenharia de Dados","2024"
"byxmwdf650x17gb5byxmwdvmuobnyeyp","cargo_no_time","Analista de Dados","2024"
"byxmwdf650x17gb5byxmwdvmuobnyeyp","cargo_no_time","Cientista de Dados","2024"
"byxmwdf650x17gb5byxmwdvmuobnyeyp","cargo_no_time","ML/AI Engineer","2024"
"2pqkr824sbeb4malodhw12pqkr8wrz90","cargo_no_time","Cientista de Dados","2024"
"2pqkr824sbeb4malodhw12pqkr8wrz90","cargo_no_time","ML/AI Engineer","2024"
"8lgpxlvwtvovawjr3ibi8lgpxlvw27nf","cargo_no_time","Analytics Engineer","2024"
"8lgpxlvwtvovawjr3ibi8lgpxlvw27nf","cargo_no_time","Engenharia de Dados","2024"
"8lgpxlvwtvovawjr3ibi8lgpxlvw27nf","cargo_no_time","Cientista de Dados","2024"
"8lgpxlvwtvovawjr3ibi8lgpxlvw27nf","cargo_no_time","Analista de BI","2024"
"hko4gkd4fxahko4iwu6vnl7bsy7tu2ri","cargo_no_time","Engenharia de Dados","2024"
"hko4gkd4fxahko4iwu6vnl7bsy7tu2ri","cargo_no_time","Analista de Dados","2024"
"hko4gkd4fxahko4iwu6vnl7bsy7tu2ri","cargo_no_time","Cientista de Dados","2024"
"hko4gkd4fxahko4iwu6vnl7bsy7tu2ri","cargo_no_time","DBA","2024"
"hko4gkd4fxahko4iwu6vnl7bsy7tu2ri","cargo_no_time","Analista de BI","2024"
"hko4gkd4fxahko4iwu6vnl7bsy7tu2ri","cargo_no_time","Business Analyst","2024"
"btpbexwty8ejyf4qs2mbtpbexwxd0p74","cargo_no_time","Analytics Engineer","2024"
"btpbexwty8ejyf4qs2mbtpbexwxd0p74","cargo_no_time","Engenharia de Dados","2024"
"btpbexwty8ejyf4qs2mbtpbexwxd0p74","cargo_no_time","Analista de Dados","2024"
"btpbexwty8ejyf4qs2mbtpbexwxd0p74","cargo_no_time","Cientista de Dados","2024"
"btpbexwty8ejyf4qs2mbtpbexwxd0p74","cargo_no_time","Arquiteto de Dados","2024"
"btpbexwty8ejyf4qs2mbtpbexwxd0p74","cargo_no_time","ML/AI Engineer","2024"
"c6a4mhfi8b8fxrrrthc6a4mk5srpz2qa","cargo_no_time","Analytics Engineer","2024"
"c6a4mhfi8b8fxrrrthc6a4mk5srpz2qa","cargo_no_time","Engenharia de Dados","2024"
"c6a4mhfi8b8fxrrrthc6a4mk5srpz2qa","cargo_no_time","Analista de Dados","2024"
"c6a4mhfi8b8fxrrrthc6a4mk5srpz2qa","cargo_no_time","Cientista de Dados","2024"
"c6a4mhfi8b8fxrrrthc6a4mk5srpz2qa","cargo_no_time","Arquiteto de Dados","2024"
"c6a4mhfi8b8fxrrrthc6a4mk5srpz2qa","cargo_no_time","Business Analyst","2024"
"st74x2h9wq5q6h4vdst74x1g1qx706j5","cargo_no_time","Analytics Engineer","2024"
"st74x2h9wq5q6h4vdst74x1g1qx706j5","cargo_no_time","Engenharia de Dados","2024"
"st74x2h9wq5q6h4vdst74x1g1qx706j5","cargo_no_time","Analista de Dados","2024"
"st74x2h9wq5q6h4vdst74x1g1qx706j5","cargo_no_time","Cientista de Dados","2024"
"st74x2h9wq5q6h4vdst74x1g1qx706j5","cargo_no_time","Arquiteto de Dados","2024"
"st74x2h9wq5q6h4vdst74x1g1qx706j5","cargo_no_time","Data Product Manager","2024"
"st74x2h9wq5q6h4vdst74x1g1qx706j5","cargo_no_time","Business Analyst","2024"
"st74x2h9wq5q6h4vdst74x1g1qx706j5","cargo_no_time","ML/AI Engineer","2024"
"2bkrv7bx9dpt03g2bkrv3wmxriaxeyz0","cargo_no_time","Engenharia de Dados","2024"
"2bkrv7bx9dpt03g2bkrv3wmxriaxeyz0","cargo_no_time","Analista de Dados","2024"
"2bkrv7bx9dpt03g2bkrv3wmxriaxeyz0","cargo_no_time","Cientista de Dados","2024"
"2bkrv7bx9dpt03g2bkrv3wmxriaxeyz0","cargo_no_time","Analista de BI","2024"
"2bkrv7bx9dpt03g2bkrv3wmxriaxeyz0","cargo_no_time","Arquiteto de Dados","2024"
"wg88wyr77udcq2gbctwbvwg88wyzv0vt","cargo_no_time","Analytics Engineer","2024"
"wg88wyr77udcq2gbctwbvwg88wyzv0vt","cargo_no_time","Engenharia de Dados","2024"
"wg88wyr77udcq2gbctwbvwg88wyzv0vt","cargo_no_time","Analista de Dados","2024"
"wg88wyr77udcq2gbctwbvwg88wyzv0vt","cargo_no_time","Analista de BI","2024"
"wg88wyr77udcq2gbctwbvwg88wyzv0vt","cargo_no_time","Business Analyst","2024"
"new3a0q1zan2ak5sznew3a0x7tkl13wv","cargo_no_time","Analytics Engineer","2024"
"new3a0q1zan2ak5sznew3a0x7tkl13wv","cargo_no_time","Engenharia de Dados","2024"
"new3a0q1zan2ak5sznew3a0x7tkl13wv","cargo_no_time","Analista de Dados","2024"
"new3a0q1zan2ak5sznew3a0x7tkl13wv","cargo_no_time","Cientista de Dados","2024"
"new3a0q1zan2ak5sznew3a0x7tkl13wv","cargo_no_time","Analista de BI","2024"
"new3a0q1zan2ak5sznew3a0x7tkl13wv","cargo_no_time","Arquiteto de Dados","2024"
"new3a0q1zan2ak5sznew3a0x7tkl13wv","cargo_no_time","Data Product Manager","2024"
"new3a0q1zan2ak5sznew3a0x7tkl13wv","cargo_no_time","Business Analyst","2024"
"new3a0q1zan2ak5sznew3a0x7tkl13wv","cargo_no_time","ML/AI Engineer","2024"
"4elatqddetg59osak9a4elagjswi2spr","cargo_no_time","Analista de Dados","2024"
"4elatqddetg59osak9a4elagjswi2spr","cargo_no_time","Analista de BI","2024"
"xk5d9fpc66enr300xk5ti5pnqbvk9b1u","cargo_no_time","Engenharia de Dados","2024"
"xk5d9fpc66enr300xk5ti5pnqbvk9b1u","cargo_no_time","Analista de Dados","2024"
"xk5d9fpc66enr300xk5ti5pnqbvk9b1u","cargo_no_time","Cientista de Dados","2024"
"xk5d9fpc66enr300xk5ti5pnqbvk9b1u","cargo_no_time","DBA","2024"
"xk5d9fpc66enr300xk5ti5pnqbvk9b1u","cargo_no_time","Analista de BI","2024"
"xk5d9fpc66enr300xk5ti5pnqbvk9b1u","cargo_no_time","Business Analyst","2024"
"xk5d9fpc66enr300xk5ti5pnqbvk9b1u","cargo_no_time","ML/AI Engineer","2024"
"rlmgkr037mzrwg67xyiksrlmgkbvr5cz","cargo_no_time","Engenharia de Dados","2024"
"rlmgkr037mzrwg67xyiksrlmgkbvr5cz","cargo_no_time","Analista de Dados","2024"
"dv3s4jma8goxdvrqgyk32ohxmwn8srqg","cargo_no_time","Engenharia de Dados","2024"
"dv3s4jma8goxdvrqgyk32ohxmwn8srqg","cargo_no_time","Analista de Dados","2024"
"dv3s4jma8goxdvrqgyk32ohxmwn8srqg","cargo_no_time","Data Product Manager","2024"
"dv3s4jma8goxdvrqgyk32ohxmwn8srqg","cargo_no_time","Business Analyst","2024"
"6mkl7aklka8rv7dqkpe446mkl7akbqmy","cargo_no_time","Engenharia de Dados","2024"
"6mkl7aklka8rv7dqkpe446mkl7akbqmy","cargo_no_time","Analista de BI","2024"
"6mkl7aklka8rv7dqkpe446mkl7akbqmy","cargo_no_time","Data Product Manager","2024"
"l6whs3ktalh8lajczp4hk8hl6whs3ut8","cargo_no_time","Engenharia de Dados","2024"
"l6whs3ktalh8lajczp4hk8hl6whs3ut8","cargo_no_time","Analista de Dados","2024"
"l6whs3ktalh8lajczp4hk8hl6whs3ut8","cargo_no_time","Cientista de Dados","2024"
"l6whs3ktalh8lajczp4hk8hl6whs3ut8","cargo_no_time","Analista de BI","2024"
"jvurnuslzfk5w5zidlcjvurnusje8uoo","cargo_no_time","Analista de Dados","2024"
"jvurnuslzfk5w5zidlcjvurnusje8uoo","cargo_no_time","Analista de BI","2024"
"jvurnuslzfk5w5zidlcjvurnusje8uoo","cargo_no_time","Business Analyst","2024"
"tjw7ermchs83et16ebmwltjw7erpzkj3","cargo_no_time","Analista de Dados","2024"
"tjw7ermchs83et16ebmwltjw7erpzkj3","cargo_no_time","Cientista de Dados","2024"
"tjw7ermchs83et16ebmwltjw7erpzkj3","cargo_no_time","DBA","2024"
"noo2uf7fdp9779clojnoo24j5q9hcrvh","cargo_no_time","Analytics Engineer","2024"
"noo2uf7fdp9779clojnoo24j5q9hcrvh","cargo_no_time","Analista de Dados","2024"
"noo2uf7fdp9779clojnoo24j5q9hcrvh","cargo_no_time","Business Analyst","2024"
"vgz8q48yx3c7gk46xiyvgz8015bn3duf","cargo_no_time","Engenharia de Dados","2024"
"vgz8q48yx3c7gk46xiyvgz8015bn3duf","cargo_no_time","Analista de Dados","2024"
"vgz8q48yx3c7gk46xiyvgz8015bn3duf","cargo_no_time","Cientista de Dados","2024"
"vgz8q48yx3c7gk46xiyvgz8015bn3duf","cargo_no_time","DBA","2024"
"vgz8q48yx3c7gk46xiyvgz8015bn3duf","cargo_no_time","Arquiteto de Dados","2024"
"vgz8q48yx3c7gk46xiyvgz8015bn3duf","cargo_no_time","Business Analyst","2024"
"vgz8q48yx3c7gk46xiyvgz8015bn3duf","cargo_no_time","ML/AI Engineer","2024"
"vfbyz81jaj9jn02brk5vfbyz81x0ewjt","cargo_no_time","Engenharia de Dados","2024"
"vfbyz81jaj9jn02brk5vfbyz81x0ewjt","cargo_no_time","Analista de Dados","2024"
"vfbyz81jaj9jn02brk5vfbyz81x0ewjt","cargo_no_time","Cientista de Dados","2024"
"f61iyy4blk6n8vwef61i3001ablfe69f","cargo_no_time","Arquiteto de Dados","2024"
"w7crd2jle84w5vomifg6p3w7crd2jl4b","cargo_no_time","Engenharia de Dados","2024"
"w7crd2jle84w5vomifg6p3w7crd2jl4b","cargo_no_time","Cientista de Dados","2024"
"w7crd2jle84w5vomifg6p3w7crd2jl4b","cargo_no_time","DBA","2024"
"w7crd2jle84w5vomifg6p3w7crd2jl4b","cargo_no_time","Analista de BI","2024"
"w7crd2jle84w5vomifg6p3w7crd2jl4b","cargo_no_time","Arquiteto de Dados","2024"
"6tckaztduqbd0p6thzsbi1p78b0klt8p","cargo_no_time","Analytics Engineer","2024"
"6tckaztduqbd0p6thzsbi1p78b0klt8p","cargo_no_time","Engenharia de Dados","2024"
"6tckaztduqbd0p6thzsbi1p78b0klt8p","cargo_no_time","Analista de Dados","2024"
"6tckaztduqbd0p6thzsbi1p78b0klt8p","cargo_no_time","Cientista de Dados","2024"
"6tckaztduqbd0p6thzsbi1p78b0klt8p","cargo_no_time","Business Analyst","2024"
"6tckaztduqbd0p6thzsbi1p78b0klt8p","cargo_no_time","ML/AI Engineer","2024"
"u5972w3kx1qbb9jid6pjnu5972w31iqe","cargo_no_time","Analista de Dados","2024"
"u5972w3kx1qbb9jid6pjnu5972w31iqe","cargo_no_time","Cientista de Dados","2024"
"u5972w3kx1qbb9jid6pjnu5972w31iqe","cargo_no_time","Analista de BI","2024"
"u5972w3kx1qbb9jid6pjnu5972w31iqe","cargo_no_time","Data Product Manager","2024"
"u5972w3kx1qbb9jid6pjnu5972w31iqe","cargo_no_time","Business Analyst","2024"
"ehm5193uvw7bx6bqrimehm5193uyj3ie","cargo_no_time","Engenharia de Dados","2024"
"ehm5193uvw7bx6bqrimehm5193uyj3ie","cargo_no_time","Analista de Dados","2024"
"ehm5193uvw7bx6bqrimehm5193uyj3ie","cargo_no_time","Analista de BI","2024"
"mq5ea9x4ixkyovemq5ef9t279hzody17","cargo_no_time","Analytics Engineer","2024"
"mq5ea9x4ixkyovemq5ef9t279hzody17","cargo_no_time","Engenharia de Dados","2024"
"mq5ea9x4ixkyovemq5ef9t279hzody17","cargo_no_time","Cientista de Dados","2024"
"mq5ea9x4ixkyovemq5ef9t279hzody17","cargo_no_time","DBA","2024"
"mq5ea9x4ixkyovemq5ef9t279hzody17","cargo_no_time","Business Analyst","2024"
"mq5ea9x4ixkyovemq5ef9t279hzody17","cargo_no_time","ML/AI Engineer","2024"
"mymkyhdbzye0cn9nbyqzmymk5keo8l50","cargo_no_time","Engenharia de Dados","2024"
"mymkyhdbzye0cn9nbyqzmymk5keo8l50","cargo_no_time","Analista de Dados","2024"
"mymkyhdbzye0cn9nbyqzmymk5keo8l50","cargo_no_time","Cientista de Dados","2024"
"mymkyhdbzye0cn9nbyqzmymk5keo8l50","cargo_no_time","Analista de BI","2024"
"nji2o8cjs8eg3h0yh4r33rnji2o8qh2m","cargo_no_time","Analista de Dados","2024"
"nji2o8cjs8eg3h0yh4r33rnji2o8qh2m","cargo_no_time","Cientista de Dados","2024"
"nji2o8cjs8eg3h0yh4r33rnji2o8qh2m","cargo_no_time","Analista de BI","2024"
"nji2o8cjs8eg3h0yh4r33rnji2o8qh2m","cargo_no_time","Business Analyst","2024"
"hhdw6w8oq7whw9b8nhhdw6w8jh50pbh1","cargo_no_time","Analytics Engineer","2024"
"hhdw6w8oq7whw9b8nhhdw6w8jh50pbh1","cargo_no_time","Cientista de Dados","2024"
"hhdw6w8oq7whw9b8nhhdw6w8jh50pbh1","cargo_no_time","Business Analyst","2024"
"hhdw6w8oq7whw9b8nhhdw6w8jh50pbh1","cargo_no_time","ML/AI Engineer","2024"
"w0ll7n6o4ocn8s6s2suezw0l3q40mw0i","cargo_no_time","Analytics Engineer","2024"
"w0ll7n6o4ocn8s6s2suezw0l3q40mw0i","cargo_no_time","Engenharia de Dados","2024"
"w0ll7n6o4ocn8s6s2suezw0l3q40mw0i","cargo_no_time","Analista de Dados","2024"
"w0ll7n6o4ocn8s6s2suezw0l3q40mw0i","cargo_no_time","Cientista de Dados","2024"
"w0ll7n6o4ocn8s6s2suezw0l3q40mw0i","cargo_no_time","DBA","2024"
"w0ll7n6o4ocn8s6s2suezw0l3q40mw0i","cargo_no_time","Arquiteto de Dados","2024"
"w0ll7n6o4ocn8s6s2suezw0l3q40mw0i","cargo_no_time","Data Product Manager","2024"
"w0ll7n6o4ocn8s6s2suezw0l3q40mw0i","cargo_no_time","ML/AI Engineer","2024"
"n6wlvkupecfkpvtw9n6wl1awunwdzeie","cargo_no_time","Engenharia de Dados","2024"
"n6wlvkupecfkpvtw9n6wl1awunwdzeie","cargo_no_time","Cientista de Dados","2024"
"n6wlvkupecfkpvtw9n6wl1awunwdzeie","cargo_no_time","Data Product Manager","2024"
"n6wlvkupecfkpvtw9n6wl1awunwdzeie","cargo_no_time","ML/AI Engineer","2024"
"gzbncnn7i4sb17wugzooe3xuzmphx3he","cargo_no_time","Analytics Engineer","2024"
"gzbncnn7i4sb17wugzooe3xuzmphx3he","cargo_no_time","Engenharia de Dados","2024"
"gzbncnn7i4sb17wugzooe3xuzmphx3he","cargo_no_time","Analista de Dados","2024"
"gzbncnn7i4sb17wugzooe3xuzmphx3he","cargo_no_time","Cientista de Dados","2024"
"gzbncnn7i4sb17wugzooe3xuzmphx3he","cargo_no_time","DBA","2024"
"gzbncnn7i4sb17wugzooe3xuzmphx3he","cargo_no_time","Analista de BI","2024"
"gzbncnn7i4sb17wugzooe3xuzmphx3he","cargo_no_time","Arquiteto de Dados","2024"
"gzbncnn7i4sb17wugzooe3xuzmphx3he","cargo_no_time","Data Product Manager","2024"
"gzbncnn7i4sb17wugzooe3xuzmphx3he","cargo_no_time","Business Analyst","2024"
"gzbncnn7i4sb17wugzooe3xuzmphx3he","cargo_no_time","ML/AI Engineer","2024"
"rj00sj5z53yytaj6iihrj00smx32srn3","cargo_no_time","Engenharia de Dados","2024"
"rj00sj5z53yytaj6iihrj00smx32srn3","cargo_no_time","Cientista de Dados","2024"
"rj00sj5z53yytaj6iihrj00smx32srn3","cargo_no_time","Arquiteto de Dados","2024"
"rj00sj5z53yytaj6iihrj00smx32srn3","cargo_no_time","ML/AI Engineer","2024"
"hvdy4kyj0lsaoeadnhvdl3nmm6c0loxc","cargo_no_time","Engenharia de Dados","2024"
"hvdy4kyj0lsaoeadnhvdl3nmm6c0loxc","cargo_no_time","Analista de Dados","2024"
"hvdy4kyj0lsaoeadnhvdl3nmm6c0loxc","cargo_no_time","Cientista de Dados","2024"
"hvdy4kyj0lsaoeadnhvdl3nmm6c0loxc","cargo_no_time","Arquiteto de Dados","2024"
"na2m3pq77ujkib1whna2m3pazpootwgz","cargo_no_time","Arquiteto de Dados","2024"
"ypibm8flg46ypizt6wwns5f9tg6eva0p","cargo_no_time","Analytics Engineer","2024"
"ypibm8flg46ypizt6wwns5f9tg6eva0p","cargo_no_time","Engenharia de Dados","2024"
"ypibm8flg46ypizt6wwns5f9tg6eva0p","cargo_no_time","Cientista de Dados","2024"
"ypibm8flg46ypizt6wwns5f9tg6eva0p","cargo_no_time","Analista de BI","2024"
"ypibm8flg46ypizt6wwns5f9tg6eva0p","cargo_no_time","Business Analyst","2024"
"ypibm8flg46ypizt6wwns5f9tg6eva0p","cargo_no_time","ML/AI Engineer","2024"
"sjaevsohr0evw40sja2m6pfjpxzkts6c","cargo_no_time","Engenharia de Dados","2024"
"sjaevsohr0evw40sja2m6pfjpxzkts6c","cargo_no_time","Analista de Dados","2024"
"sjaevsohr0evw40sja2m6pfjpxzkts6c","cargo_no_time","Cientista de Dados","2024"
"sjaevsohr0evw40sja2m6pfjpxzkts6c","cargo_no_time","Data Product Manager","2024"
"sjaevsohr0evw40sja2m6pfjpxzkts6c","cargo_no_time","ML/AI Engineer","2024"
"kqs0dq6ux4sn4mir58ikqs0dqqs9a03g","cargo_no_time","Engenharia de Dados","2024"
"kqs0dq6ux4sn4mir58ikqs0dqqs9a03g","cargo_no_time","Analista de Dados","2024"
"kqs0dq6ux4sn4mir58ikqs0dqqs9a03g","cargo_no_time","Business Analyst","2024"
"wpa8ea35iiwrd9qaigpyg2ywpa8e9j2d","cargo_no_time","Business Analyst","2024"
"6x4u39tzo3mgg11kbay16x4u39tjpzmr","cargo_no_time","Analytics Engineer","2024"
"6x4u39tzo3mgg11kbay16x4u39tjpzmr","cargo_no_time","Engenharia de Dados","2024"
"6x4u39tzo3mgg11kbay16x4u39tjpzmr","cargo_no_time","Analista de Dados","2024"
"6x4u39tzo3mgg11kbay16x4u39tjpzmr","cargo_no_time","Cientista de Dados","2024"
"6x4u39tzo3mgg11kbay16x4u39tjpzmr","cargo_no_time","Analista de BI","2024"
"mntkw2low27kubrsxbmntkw2zfssissv","cargo_no_time","Cientista de Dados","2024"
"lvefxq2hr2028lve4cdmu80vgjlrdnhm","cargo_no_time","Analytics Engineer","2024"
"lvefxq2hr2028lve4cdmu80vgjlrdnhm","cargo_no_time","Engenharia de Dados","2024"
"lvefxq2hr2028lve4cdmu80vgjlrdnhm","cargo_no_time","Analista de Dados","2024"
"lvefxq2hr2028lve4cdmu80vgjlrdnhm","cargo_no_time","Cientista de Dados","2024"
"lvefxq2hr2028lve4cdmu80vgjlrdnhm","cargo_no_time","DBA","2024"
"lvefxq2hr2028lve4cdmu80vgjlrdnhm","cargo_no_time","Analista de BI","2024"
"lvefxq2hr2028lve4cdmu80vgjlrdnhm","cargo_no_time","Arquiteto de Dados","2024"
"lvefxq2hr2028lve4cdmu80vgjlrdnhm","cargo_no_time","Data Product Manager","2024"
"lvefxq2hr2028lve4cdmu80vgjlrdnhm","cargo_no_time","Business Analyst","2024"
"lvefxq2hr2028lve4cdmu80vgjlrdnhm","cargo_no_time","ML/AI Engineer","2024"
"wcbrvgqsxuss5y7s8yjdwcbrvgqeoc8i","cargo_no_time","Analytics Engineer","2024"
"wcbrvgqsxuss5y7s8yjdwcbrvgqeoc8i","cargo_no_time","Engenharia de Dados","2024"
"wcbrvgqsxuss5y7s8yjdwcbrvgqeoc8i","cargo_no_time","Analista de Dados","2024"
"wcbrvgqsxuss5y7s8yjdwcbrvgqeoc8i","cargo_no_time","Cientista de Dados","2024"
"wcbrvgqsxuss5y7s8yjdwcbrvgqeoc8i","cargo_no_time","Analista de BI","2024"
"wcbrvgqsxuss5y7s8yjdwcbrvgqeoc8i","cargo_no_time","Data Product Manager","2024"
"wcbrvgqsxuss5y7s8yjdwcbrvgqeoc8i","cargo_no_time","ML/AI Engineer","2024"
"y1su9y0t0dij9w9iza3y1su9ia0ez1go","cargo_no_time","Analytics Engineer","2024"
"y1su9y0t0dij9w9iza3y1su9ia0ez1go","cargo_no_time","Engenharia de Dados","2024"
"y1su9y0t0dij9w9iza3y1su9ia0ez1go","cargo_no_time","Cientista de Dados","2024"
"y1su9y0t0dij9w9iza3y1su9ia0ez1go","cargo_no_time","Arquiteto de Dados","2024"
"y1su9y0t0dij9w9iza3y1su9ia0ez1go","cargo_no_time","ML/AI Engineer","2024"
"xfqto61rrd3sxfqto9pamv9sgqwhkkt9","cargo_no_time","Analytics Engineer","2024"
"xfqto61rrd3sxfqto9pamv9sgqwhkkt9","cargo_no_time","Engenharia de Dados","2024"
"xfqto61rrd3sxfqto9pamv9sgqwhkkt9","cargo_no_time","Analista de Dados","2024"
"xfqto61rrd3sxfqto9pamv9sgqwhkkt9","cargo_no_time","DBA","2024"
"xfqto61rrd3sxfqto9pamv9sgqwhkkt9","cargo_no_time","Analista de BI","2024"
"xfqto61rrd3sxfqto9pamv9sgqwhkkt9","cargo_no_time","Arquiteto de Dados","2024"
"xfqto61rrd3sxfqto9pamv9sgqwhkkt9","cargo_no_time","ML/AI Engineer","2024"
"feqcp9ol6mhlb8l8unfeqcp9odllewpf","cargo_no_time","Engenharia de Dados","2024"
"feqcp9ol6mhlb8l8unfeqcp9odllewpf","cargo_no_time","Analista de Dados","2024"
"amincw84fc8mnq3kqkamincw841ljj7i","cargo_no_time","Engenharia de Dados","2024"
"amincw84fc8mnq3kqkamincw841ljj7i","cargo_no_time","Analista de Dados","2024"
"amincw84fc8mnq3kqkamincw841ljj7i","cargo_no_time","Cientista de Dados","2024"
"amincw84fc8mnq3kqkamincw841ljj7i","cargo_no_time","Analista de BI","2024"
"amincw84fc8mnq3kqkamincw841ljj7i","cargo_no_time","Arquiteto de Dados","2024"
"amincw84fc8mnq3kqkamincw841ljj7i","cargo_no_time","Business Analyst","2024"
"amincw84fc8mnq3kqkamincw841ljj7i","cargo_no_time","ML/AI Engineer","2024"
"e5fmck41q8sq44dxv6s3e5fmck41e7j8","cargo_no_time","Engenharia de Dados","2024"
"e5fmck41q8sq44dxv6s3e5fmck41e7j8","cargo_no_time","Analista de Dados","2024"
"nbr403pkp9ztn9dnbr4bphp400jh8ecw","cargo_no_time","Engenharia de Dados","2024"
"nbr403pkp9ztn9dnbr4bphp400jh8ecw","cargo_no_time","Cientista de Dados","2024"
"nbr403pkp9ztn9dnbr4bphp400jh8ecw","cargo_no_time","Analista de BI","2024"
"nbr403pkp9ztn9dnbr4bphp400jh8ecw","cargo_no_time","Data Product Manager","2024"
"msh6167wjbku46v49tmsh61649hkp8ls","cargo_no_time","Analytics Engineer","2024"
"msh6167wjbku46v49tmsh61649hkp8ls","cargo_no_time","Engenharia de Dados","2024"
"msh6167wjbku46v49tmsh61649hkp8ls","cargo_no_time","Analista de Dados","2024"
"msh6167wjbku46v49tmsh61649hkp8ls","cargo_no_time","Cientista de Dados","2024"
"msh6167wjbku46v49tmsh61649hkp8ls","cargo_no_time","Analista de BI","2024"
"msh6167wjbku46v49tmsh61649hkp8ls","cargo_no_time","Arquiteto de Dados","2024"
"msh6167wjbku46v49tmsh61649hkp8ls","cargo_no_time","Business Analyst","2024"
"msh6167wjbku46v49tmsh61649hkp8ls","cargo_no_time","ML/AI Engineer","2024"
"j3rnzmqk5he738pfqasqj3rnzhk2u7vp","cargo_no_time","Analytics Engineer","2024"
"j3rnzmqk5he738pfqasqj3rnzhk2u7vp","cargo_no_time","Engenharia de Dados","2024"
"j3rnzmqk5he738pfqasqj3rnzhk2u7vp","cargo_no_time","Data Product Manager","2024"
"j3rnzmqk5he738pfqasqj3rnzhk2u7vp","cargo_no_time","ML/AI Engineer","2024"
"hkfnp4tp426o51ng6hkfnpyckpwwae8y","cargo_no_time","Engenharia de Dados","2024"
"hkfnp4tp426o51ng6hkfnpyckpwwae8y","cargo_no_time","Analista de Dados","2024"
"hkfnp4tp426o51ng6hkfnpyckpwwae8y","cargo_no_time","Cientista de Dados","2024"
"hkfnp4tp426o51ng6hkfnpyckpwwae8y","cargo_no_time","Business Analyst","2024"
"w2496jfjhumuefqt72w2496jr5svbhoy","cargo_no_time","Engenharia de Dados","2024"
"w2496jfjhumuefqt72w2496jr5svbhoy","cargo_no_time","Analista de Dados","2024"
"w2496jfjhumuefqt72w2496jr5svbhoy","cargo_no_time","Cientista de Dados","2024"
"w2496jfjhumuefqt72w2496jr5svbhoy","cargo_no_time","ML/AI Engineer","2024"
"206lezz6nkebfb54cca206lezzl8e51t","cargo_no_time","Analytics Engineer","2024"
"206lezz6nkebfb54cca206lezzl8e51t","cargo_no_time","Cientista de Dados","2024"
"206lezz6nkebfb54cca206lezzl8e51t","cargo_no_time","Business Analyst","2024"
"9p88w60wkhtx5h9pqfe9eb0nd9vgksc5","cargo_no_time","Analista de Dados","2024"
"pp7b2b1ibb1ks4e1wjrpp7bg42fj2ync","cargo_no_time","Analytics Engineer","2024"
"pp7b2b1ibb1ks4e1wjrpp7bg42fj2ync","cargo_no_time","Engenharia de Dados","2024"
"pp7b2b1ibb1ks4e1wjrpp7bg42fj2ync","cargo_no_time","Analista de Dados","2024"
"pp7b2b1ibb1ks4e1wjrpp7bg42fj2ync","cargo_no_time","Cientista de Dados","2024"
"pp7b2b1ibb1ks4e1wjrpp7bg42fj2ync","cargo_no_time","DBA","2024"
"pp7b2b1ibb1ks4e1wjrpp7bg42fj2ync","cargo_no_time","Analista de BI","2024"
"pp7b2b1ibb1ks4e1wjrpp7bg42fj2ync","cargo_no_time","Arquiteto de Dados","2024"
"pp7b2b1ibb1ks4e1wjrpp7bg42fj2ync","cargo_no_time","Business Analyst","2024"
"pp7b2b1ibb1ks4e1wjrpp7bg42fj2ync","cargo_no_time","ML/AI Engineer","2024"
"g4e4xd6r2sa10nqn9gj2peg4e4x4o4hm","cargo_no_time","Engenharia de Dados","2024"
"g4e4xd6r2sa10nqn9gj2peg4e4x4o4hm","cargo_no_time","Analista de Dados","2024"
"g4e4xd6r2sa10nqn9gj2peg4e4x4o4hm","cargo_no_time","DBA","2024"
"g4e4xd6r2sa10nqn9gj2peg4e4x4o4hm","cargo_no_time","Analista de BI","2024"
"g4e4xd6r2sa10nqn9gj2peg4e4x4o4hm","cargo_no_time","Arquiteto de Dados","2024"
"8ozpbfqqr71hoyortmejem8ozpb89a7b","cargo_no_time","Analytics Engineer","2024"
"8ozpbfqqr71hoyortmejem8ozpb89a7b","cargo_no_time","Engenharia de Dados","2024"
"8ozpbfqqr71hoyortmejem8ozpb89a7b","cargo_no_time","Analista de Dados","2024"
"8ozpbfqqr71hoyortmejem8ozpb89a7b","cargo_no_time","Cientista de Dados","2024"
"8ozpbfqqr71hoyortmejem8ozpb89a7b","cargo_no_time","Arquiteto de Dados","2024"
"8ozpbfqqr71hoyortmejem8ozpb89a7b","cargo_no_time","Data Product Manager","2024"
"8ozpbfqqr71hoyortmejem8ozpb89a7b","cargo_no_time","ML/AI Engineer","2024"
"87ycjwx7o2zg5c987ycj0ove3z1otg4p","cargo_no_time","Analytics Engineer","2024"
"87ycjwx7o2zg5c987ycj0ove3z1otg4p","cargo_no_time","Engenharia de Dados","2024"
"87ycjwx7o2zg5c987ycj0ove3z1otg4p","cargo_no_time","Cientista de Dados","2024"
"87ycjwx7o2zg5c987ycj0ove3z1otg4p","cargo_no_time","Arquiteto de Dados","2024"
"87ycjwx7o2zg5c987ycj0ove3z1otg4p","cargo_no_time","ML/AI Engineer","2024"
"9lrvhc8og8vws89k1t9n9lrvmwyj9pts","cargo_no_time","Analytics Engineer","2024"
"9lrvhc8og8vws89k1t9n9lrvmwyj9pts","cargo_no_time","Engenharia de Dados","2024"
"9lrvhc8og8vws89k1t9n9lrvmwyj9pts","cargo_no_time","Analista de Dados","2024"
"9lrvhc8og8vws89k1t9n9lrvmwyj9pts","cargo_no_time","Cientista de Dados","2024"
"9lrvhc8og8vws89k1t9n9lrvmwyj9pts","cargo_no_time","DBA","2024"
"9lrvhc8og8vws89k1t9n9lrvmwyj9pts","cargo_no_time","Arquiteto de Dados","2024"
"9lrvhc8og8vws89k1t9n9lrvmwyj9pts","cargo_no_time","ML/AI Engineer","2024"
"8dfly76zxmq1a9c09fh8dflyft82r5z0","cargo_no_time","Analista de Dados","2024"
"8dfly76zxmq1a9c09fh8dflyft82r5z0","cargo_no_time","Cientista de Dados","2024"
"8dfly76zxmq1a9c09fh8dflyft82r5z0","cargo_no_time","Analista de BI","2024"
"8dfly76zxmq1a9c09fh8dflyft82r5z0","cargo_no_time","Business Analyst","2024"
"h3bmmxw6z0ilhdjdpth3bm74jiuiqwxg","cargo_no_time","Analytics Engineer","2024"
"h3bmmxw6z0ilhdjdpth3bm74jiuiqwxg","cargo_no_time","Engenharia de Dados","2024"
"h3bmmxw6z0ilhdjdpth3bm74jiuiqwxg","cargo_no_time","Analista de Dados","2024"
"h3bmmxw6z0ilhdjdpth3bm74jiuiqwxg","cargo_no_time","Cientista de Dados","2024"
"h3bmmxw6z0ilhdjdpth3bm74jiuiqwxg","cargo_no_time","DBA","2024"
"h3bmmxw6z0ilhdjdpth3bm74jiuiqwxg","cargo_no_time","Analista de BI","2024"
"h3bmmxw6z0ilhdjdpth3bm74jiuiqwxg","cargo_no_time","Arquiteto de Dados","2024"
"h3bmmxw6z0ilhdjdpth3bm74jiuiqwxg","cargo_no_time","Data Product Manager","2024"
"h3bmmxw6z0ilhdjdpth3bm74jiuiqwxg","cargo_no_time","Business Analyst","2024"
"h3bmmxw6z0ilhdjdpth3bm74jiuiqwxg","cargo_no_time","ML/AI Engineer","2024"
"84yn48gu7dwx86389a7h3z84yn48pbjv","cargo_no_time","Analytics Engineer","2023"
"84yn48gu7dwx86389a7h3z84yn48pbjv","cargo_no_time","Engenharia de Dados","2023"
"84yn48gu7dwx86389a7h3z84yn48pbjv","cargo_no_time","Analista de Dados","2023"
"84yn48gu7dwx86389a7h3z84yn48pbjv","cargo_no_time","Cientista de Dados","2023"
"84yn48gu7dwx86389a7h3z84yn48pbjv","cargo_no_time","Arquiteto de Dados","2023"
"84yn48gu7dwx86389a7h3z84yn48pbjv","cargo_no_time","Data Product Manager","2023"
"84yn48gu7dwx86389a7h3z84yn48pbjv","cargo_no_time","Business Analyst","2023"
"ydzz7zx3hss050m2ys90aydzz716gr80","cargo_no_time","Arquiteto de Dados","2023"
"n5bjoky5s74qx1n55fbxsjuf5p7n9nav","cargo_no_time","Analista de Dados","2023"
"n5bjoky5s74qx1n55fbxsjuf5p7n9nav","cargo_no_time","Analista de BI","2023"
"yxesptgbfd7u0ux3yxespap5etffp36j","cargo_no_time","Analytics Engineer","2023"
"yxesptgbfd7u0ux3yxespap5etffp36j","cargo_no_time","Engenharia de Dados","2023"
"yxesptgbfd7u0ux3yxespap5etffp36j","cargo_no_time","Cientista de Dados","2023"
"yxesptgbfd7u0ux3yxespap5etffp36j","cargo_no_time","Arquiteto de Dados","2023"
"yxesptgbfd7u0ux3yxespap5etffp36j","cargo_no_time","Data Product Manager","2023"
"qspmfnbsc5l34y9egmqspmfm2uxpsa9r","cargo_no_time","Analista de BI","2023"
"qspmfnbsc5l34y9egmqspmfm2uxpsa9r","cargo_no_time","Business Analyst","2023"
"70e5jnez1hihyhrevi70e5jnenr4iduk","cargo_no_time","Analytics Engineer","2023"
"70e5jnez1hihyhrevi70e5jnenr4iduk","cargo_no_time","Engenharia de Dados","2023"
"70e5jnez1hihyhrevi70e5jnenr4iduk","cargo_no_time","Analista de Dados","2023"
"70e5jnez1hihyhrevi70e5jnenr4iduk","cargo_no_time","Cientista de Dados","2023"
"70e5jnez1hihyhrevi70e5jnenr4iduk","cargo_no_time","Analista de BI","2023"
"70e5jnez1hihyhrevi70e5jnenr4iduk","cargo_no_time","Arquiteto de Dados","2023"
"70e5jnez1hihyhrevi70e5jnenr4iduk","cargo_no_time","Data Product Manager","2023"
"gv10rr99fabdi4ydhhogv10rb6kcpvig","cargo_no_time","Analytics Engineer","2023"
"gv10rr99fabdi4ydhhogv10rb6kcpvig","cargo_no_time","Engenharia de Dados","2023"
"gv10rr99fabdi4ydhhogv10rb6kcpvig","cargo_no_time","Cientista de Dados","2023"
"gv10rr99fabdi4ydhhogv10rb6kcpvig","cargo_no_time","Arquiteto de Dados","2023"
"gv10rr99fabdi4ydhhogv10rb6kcpvig","cargo_no_time","Data Product Manager","2023"
"sgclpin7jerwn9m9p06ruoowsgclpiul","cargo_no_time","Engenharia de Dados","2023"
"sgclpin7jerwn9m9p06ruoowsgclpiul","cargo_no_time","Analista de Dados","2023"
"sgclpin7jerwn9m9p06ruoowsgclpiul","cargo_no_time","Analista de BI","2023"
"bv9ptb4y03ce52bv9ptdu6sibaelqu14","cargo_no_time","Engenharia de Dados","2023"
"bv9ptb4y03ce52bv9ptdu6sibaelqu14","cargo_no_time","DBA","2023"
"bv9ptb4y03ce52bv9ptdu6sibaelqu14","cargo_no_time","Arquiteto de Dados","2023"
"bqxpinyjno8ttgaxbj2pfbqxpiwwda7r","cargo_no_time","Analista de Dados","2023"
"9hn77uvp0qym0f9h1jf46lpfocmteuvn","cargo_no_time","Engenharia de Dados","2023"
"9hn77uvp0qym0f9h1jf46lpfocmteuvn","cargo_no_time","Analista de Dados","2023"
"9hn77uvp0qym0f9h1jf46lpfocmteuvn","cargo_no_time","DBA","2023"
"9hn77uvp0qym0f9h1jf46lpfocmteuvn","cargo_no_time","Analista de BI","2023"
"9hn77uvp0qym0f9h1jf46lpfocmteuvn","cargo_no_time","Arquiteto de Dados","2023"
"6iov9atj2pr4v3klg1r86iov9atov2v9","cargo_no_time","Cientista de Dados","2023"
"6iov9atj2pr4v3klg1r86iov9atov2v9","cargo_no_time","DBA","2023"
"h3ibofly7xtpund3c5h3ibofxfnrv2k0","cargo_no_time","Engenharia de Dados","2023"
"h3ibofly7xtpund3c5h3ibofxfnrv2k0","cargo_no_time","Analista de Dados","2023"
"x4l3t5vrvlqixjjo4x4l3tg4doi4igdc","cargo_no_time","Analista de Dados","2023"
"bmgrj437q9gmkagyzfnmbmgrjl1hr42z","cargo_no_time","Engenharia de Dados","2023"
"bmgrj437q9gmkagyzfnmbmgrjl1hr42z","cargo_no_time","Analista de Dados","2023"
"bmgrj437q9gmkagyzfnmbmgrjl1hr42z","cargo_no_time","Cientista de Dados","2023"
"bmgrj437q9gmkagyzfnmbmgrjl1hr42z","cargo_no_time","Analista de BI","2023"
"bmgrj437q9gmkagyzfnmbmgrjl1hr42z","cargo_no_time","Arquiteto de Dados","2023"
"bmgrj437q9gmkagyzfnmbmgrjl1hr42z","cargo_no_time","Business Analyst","2023"
"cnij1w9hzk3n01yqmcdecnij1w1rb2nt","cargo_no_time","Engenharia de Dados","2023"
"cnij1w9hzk3n01yqmcdecnij1w1rb2nt","cargo_no_time","Cientista de Dados","2023"
"cnij1w9hzk3n01yqmcdecnij1w1rb2nt","cargo_no_time","Analista de BI","2023"
"rv5oh83y7djtd8oq75natrv5oh83zzc1","cargo_no_time","Analytics Engineer","2023"
"rv5oh83y7djtd8oq75natrv5oh83zzc1","cargo_no_time","Engenharia de Dados","2023"
"rv5oh83y7djtd8oq75natrv5oh83zzc1","cargo_no_time","Cientista de Dados","2023"
"rv5oh83y7djtd8oq75natrv5oh83zzc1","cargo_no_time","Data Product Manager","2023"
"0tcnmlmc7ue14l3fz6im8tb20tcnmlmc","cargo_no_time","Engenharia de Dados","2023"
"0tcnmlmc7ue14l3fz6im8tb20tcnmlmc","cargo_no_time","Analista de Dados","2023"
"0tcnmlmc7ue14l3fz6im8tb20tcnmlmc","cargo_no_time","Cientista de Dados","2023"
"0tcnmlmc7ue14l3fz6im8tb20tcnmlmc","cargo_no_time","Arquiteto de Dados","2023"
"0tcnmlmc7ue14l3fz6im8tb20tcnmlmc","cargo_no_time","Data Product Manager","2023"
"0tcnmlmc7ue14l3fz6im8tb20tcnmlmc","cargo_no_time","Business Analyst","2023"
"e2pksc6eehj1htwnp2e2pkxhqxwdpfbf","cargo_no_time","Analista de Dados","2023"
"e2pksc6eehj1htwnp2e2pkxhqxwdpfbf","cargo_no_time","Business Analyst","2023"
"oajha3hg847we5yib3oajs5qf7dkit07","cargo_no_time","Engenharia de Dados","2023"
"oajha3hg847we5yib3oajs5qf7dkit07","cargo_no_time","Analista de Dados","2023"
"oajha3hg847we5yib3oajs5qf7dkit07","cargo_no_time","Cientista de Dados","2023"
"oajha3hg847we5yib3oajs5qf7dkit07","cargo_no_time","DBA","2023"
"oajha3hg847we5yib3oajs5qf7dkit07","cargo_no_time","Analista de BI","2023"
"oajha3hg847we5yib3oajs5qf7dkit07","cargo_no_time","Arquiteto de Dados","2023"
"oajha3hg847we5yib3oajs5qf7dkit07","cargo_no_time","Data Product Manager","2023"
"oajha3hg847we5yib3oajs5qf7dkit07","cargo_no_time","Business Analyst","2023"
"2zmrd7bdkxgeztbzuyyd2zmrdnu0b4bc","cargo_no_time","Analista de Dados","2023"
"2zmrd7bdkxgeztbzuyyd2zmrdnu0b4bc","cargo_no_time","Cientista de Dados","2023"
"2zmrd7bdkxgeztbzuyyd2zmrdnu0b4bc","cargo_no_time","DBA","2023"
"y4uhxawqtfpss2kaj6t0zm17y4uhxaw2","cargo_no_time","Engenharia de Dados","2023"
"y4uhxawqtfpss2kaj6t0zm17y4uhxaw2","cargo_no_time","Cientista de Dados","2023"
"lx11qzbqifm5jzsj1x0zlx11qzrphfcl","cargo_no_time","Business Analyst","2023"
"yywbyvy3rl8gyywbjh08ku2cmz6ru27s","cargo_no_time","Analista de Dados","2023"
"yywbyvy3rl8gyywbjh08ku2cmz6ru27s","cargo_no_time","Analista de BI","2023"
"yywbyvy3rl8gyywbjh08ku2cmz6ru27s","cargo_no_time","Business Analyst","2023"
"2pm8um79eusf9dp22pm80sfswptyqgu0","cargo_no_time","Engenharia de Dados","2023"
"2pm8um79eusf9dp22pm80sfswptyqgu0","cargo_no_time","Analista de BI","2023"
"z588pipmhkc61giobzz588pojz420ygj","cargo_no_time","Cientista de Dados","2023"
"c5kebok3pnc2nxlnw3sc5kebo928vvv0","cargo_no_time","Engenharia de Dados","2023"
"c5kebok3pnc2nxlnw3sc5kebo928vvv0","cargo_no_time","Cientista de Dados","2023"
"c5kebok3pnc2nxlnw3sc5kebo928vvv0","cargo_no_time","Analista de BI","2023"
"c5kebok3pnc2nxlnw3sc5kebo928vvv0","cargo_no_time","Arquiteto de Dados","2023"
"hng3bq91eau6wz0jrfnhng3bmatg5vg5","cargo_no_time","Engenharia de Dados","2023"
"hng3bq91eau6wz0jrfnhng3bmatg5vg5","cargo_no_time","Analista de BI","2023"
"e0i6xripwik10qkte0i6xui2urjop8rk","cargo_no_time","Analytics Engineer","2023"
"e0i6xripwik10qkte0i6xui2urjop8rk","cargo_no_time","Engenharia de Dados","2023"
"e0i6xripwik10qkte0i6xui2urjop8rk","cargo_no_time","Analista de Dados","2023"
"e0i6xripwik10qkte0i6xui2urjop8rk","cargo_no_time","Cientista de Dados","2023"
"2v7q4tljga1183hhh2v7q4thxclll5uw","cargo_no_time","Engenharia de Dados","2023"
"2v7q4tljga1183hhh2v7q4thxclll5uw","cargo_no_time","Analista de Dados","2023"
"2v7q4tljga1183hhh2v7q4thxclll5uw","cargo_no_time","Cientista de Dados","2023"
"2v7q4tljga1183hhh2v7q4thxclll5uw","cargo_no_time","Analista de BI","2023"
"2v7q4tljga1183hhh2v7q4thxclll5uw","cargo_no_time","Data Product Manager","2023"
"2v7q4tljga1183hhh2v7q4thxclll5uw","cargo_no_time","Business Analyst","2023"
"4b9tyjjp3m70smie8r2g54b9tyjj62hr","cargo_no_time","Cientista de Dados","2023"
"4b9tyjjp3m70smie8r2g54b9tyjj62hr","cargo_no_time","Analista de BI","2023"
"lheqdzn97j7g7ccw1rlheqdr3tejjmme","cargo_no_time","Engenharia de Dados","2023"
"lheqdzn97j7g7ccw1rlheqdr3tejjmme","cargo_no_time","Cientista de Dados","2023"
"lheqdzn97j7g7ccw1rlheqdr3tejjmme","cargo_no_time","Analista de BI","2023"
"hxtzlz3kszii09ueihxtzlswv9uuqs3v","cargo_no_time","Analista de Dados","2023"
"hxtzlz3kszii09ueihxtzlswv9uuqs3v","cargo_no_time","Analista de BI","2023"
"hxtzlz3kszii09ueihxtzlswv9uuqs3v","cargo_no_time","Business Analyst","2023"
"5th7dte99t64gh6jxzi5th7dte91mwaz","cargo_no_time","Engenharia de Dados","2023"
"5th7dte99t64gh6jxzi5th7dte91mwaz","cargo_no_time","Analista de BI","2023"
"5th7dte99t64gh6jxzi5th7dte91mwaz","cargo_no_time","Business Analyst","2023"
"vgs6969fmc6nchm2pvgs69zuvmigvmc2","cargo_no_time","Business Analyst","2023"
"epzwyo70m8hn8xpbxepzwyhu5srsa4fm","cargo_no_time","Analista de Dados","2023"
"epzwyo70m8hn8xpbxepzwyhu5srsa4fm","cargo_no_time","Cientista de Dados","2023"
"epzwyo70m8hn8xpbxepzwyhu5srsa4fm","cargo_no_time","Analista de BI","2023"
"2qcoh26eevlf9k2qcoh26gl402yenp55","cargo_no_time","Engenharia de Dados","2023"
"2qcoh26eevlf9k2qcoh26gl402yenp55","cargo_no_time","Analista de Dados","2023"
"2qcoh26eevlf9k2qcoh26gl402yenp55","cargo_no_time","Business Analyst","2023"
"80ag6wnffv997c7180a605x6glkdowm5","cargo_no_time","Data Product Manager","2023"
"bdfr7pnnnd645ytw2129cs4bdfr7prqo","cargo_no_time","Analytics Engineer","2023"
"bdfr7pnnnd645ytw2129cs4bdfr7prqo","cargo_no_time","Analista de Dados","2023"
"o3akqlhdioee3642eb8yxo3akqzdxdqe","cargo_no_time","Analista de Dados","2023"
"o3akqlhdioee3642eb8yxo3akqzdxdqe","cargo_no_time","DBA","2023"
"o3akqlhdioee3642eb8yxo3akqzdxdqe","cargo_no_time","Analista de BI","2023"
"nkhhszkszqh4c3nkh23nlvi60y3ymgru","cargo_no_time","Analytics Engineer","2023"
"nkhhszkszqh4c3nkh23nlvi60y3ymgru","cargo_no_time","Engenharia de Dados","2023"
"nkhhszkszqh4c3nkh23nlvi60y3ymgru","cargo_no_time","Analista de Dados","2023"
"nkhhszkszqh4c3nkh23nlvi60y3ymgru","cargo_no_time","Cientista de Dados","2023"
"nkhhszkszqh4c3nkh23nlvi60y3ymgru","cargo_no_time","Arquiteto de Dados","2023"
"nkhhszkszqh4c3nkh23nlvi60y3ymgru","cargo_no_time","Data Product Manager","2023"
"7vipyjms40swskc27vipyj0ztuvwzobv","cargo_no_time","Analytics Engineer","2023"
"7vipyjms40swskc27vipyj0ztuvwzobv","cargo_no_time","Engenharia de Dados","2023"
"7vipyjms40swskc27vipyj0ztuvwzobv","cargo_no_time","Analista de Dados","2023"
"7vipyjms40swskc27vipyj0ztuvwzobv","cargo_no_time","Cientista de Dados","2023"
"7vipyjms40swskc27vipyj0ztuvwzobv","cargo_no_time","Analista de BI","2023"
"7vipyjms40swskc27vipyj0ztuvwzobv","cargo_no_time","Arquiteto de Dados","2023"
"7vipyjms40swskc27vipyj0ztuvwzobv","cargo_no_time","Data Product Manager","2023"
"7vipyjms40swskc27vipyj0ztuvwzobv","cargo_no_time","Business Analyst","2023"
"pvvfs3l1mfnppvvfpm16u23w9n3ll2gk","cargo_no_time","Engenharia de Dados","2023"
"pvvfs3l1mfnppvvfpm16u23w9n3ll2gk","cargo_no_time","Analista de Dados","2023"
"pvvfs3l1mfnppvvfpm16u23w9n3ll2gk","cargo_no_time","Analista de BI","2023"
"6fhilka8a244hexz5vagq6fhijy4m1ec","cargo_no_time","Engenharia de Dados","2023"
"6fhilka8a244hexz5vagq6fhijy4m1ec","cargo_no_time","Analista de Dados","2023"
"6fhilka8a244hexz5vagq6fhijy4m1ec","cargo_no_time","Analista de BI","2023"
"80bcoj15cnbmduc5jdi80bcojtcfolak","cargo_no_time","Engenharia de Dados","2023"
"80bcoj15cnbmduc5jdi80bcojtcfolak","cargo_no_time","Analista de Dados","2023"
"80bcoj15cnbmduc5jdi80bcojtcfolak","cargo_no_time","Cientista de Dados","2023"
"r99b5kcn8w6mfjookgvu7dsr99b5kcnd","cargo_no_time","Analytics Engineer","2023"
"r99b5kcn8w6mfjookgvu7dsr99b5kcnd","cargo_no_time","Engenharia de Dados","2023"
"r99b5kcn8w6mfjookgvu7dsr99b5kcnd","cargo_no_time","Analista de Dados","2023"
"r99b5kcn8w6mfjookgvu7dsr99b5kcnd","cargo_no_time","Cientista de Dados","2023"
"r99b5kcn8w6mfjookgvu7dsr99b5kcnd","cargo_no_time","DBA","2023"
"r99b5kcn8w6mfjookgvu7dsr99b5kcnd","cargo_no_time","Analista de BI","2023"
"r99b5kcn8w6mfjookgvu7dsr99b5kcnd","cargo_no_time","Arquiteto de Dados","2023"
"r99b5kcn8w6mfjookgvu7dsr99b5kcnd","cargo_no_time","Data Product Manager","2023"
"r99b5kcn8w6mfjookgvu7dsr99b5kcnd","cargo_no_time","Business Analyst","2023"
"xv9pvejgmswnpyoycjkjxv9pve70matr","cargo_no_time","Engenharia de Dados","2023"
"xv9pvejgmswnpyoycjkjxv9pve70matr","cargo_no_time","Analista de Dados","2023"
"xv9pvejgmswnpyoycjkjxv9pve70matr","cargo_no_time","Cientista de Dados","2023"
"xv9pvejgmswnpyoycjkjxv9pve70matr","cargo_no_time","DBA","2023"
"xv9pvejgmswnpyoycjkjxv9pve70matr","cargo_no_time","Analista de BI","2023"
"xv9pvejgmswnpyoycjkjxv9pve70matr","cargo_no_time","Business Analyst","2023"
"hgfu8j11ee28re34bfl3hgfu8j1evw9v","cargo_no_time","Analytics Engineer","2023"
"hgfu8j11ee28re34bfl3hgfu8j1evw9v","cargo_no_time","Engenharia de Dados","2023"
"hgfu8j11ee28re34bfl3hgfu8j1evw9v","cargo_no_time","Analista de Dados","2023"
"hgfu8j11ee28re34bfl3hgfu8j1evw9v","cargo_no_time","DBA","2023"
"hgfu8j11ee28re34bfl3hgfu8j1evw9v","cargo_no_time","Analista de BI","2023"
"hgfu8j11ee28re34bfl3hgfu8j1evw9v","cargo_no_time","Arquiteto de Dados","2023"
"hgfu8j11ee28re34bfl3hgfu8j1evw9v","cargo_no_time","Business Analyst","2023"
"81cjupq7e1nbx8ujln881ccql85fp06b","cargo_no_time","Analytics Engineer","2023"
"81cjupq7e1nbx8ujln881ccql85fp06b","cargo_no_time","Engenharia de Dados","2023"
"81cjupq7e1nbx8ujln881ccql85fp06b","cargo_no_time","Analista de Dados","2023"
"81cjupq7e1nbx8ujln881ccql85fp06b","cargo_no_time","Cientista de Dados","2023"
"81cjupq7e1nbx8ujln881ccql85fp06b","cargo_no_time","DBA","2023"
"81cjupq7e1nbx8ujln881ccql85fp06b","cargo_no_time","Analista de BI","2023"
"81cjupq7e1nbx8ujln881ccql85fp06b","cargo_no_time","Data Product Manager","2023"
"d1z11dn7oqzmj5dd1z11mh0639pxzydz","cargo_no_time","Analytics Engineer","2023"
"d1z11dn7oqzmj5dd1z11mh0639pxzydz","cargo_no_time","Engenharia de Dados","2023"
"d1z11dn7oqzmj5dd1z11mh0639pxzydz","cargo_no_time","Analista de Dados","2023"
"d1z11dn7oqzmj5dd1z11mh0639pxzydz","cargo_no_time","Cientista de Dados","2023"
"d1z11dn7oqzmj5dd1z11mh0639pxzydz","cargo_no_time","Analista de BI","2023"
"d1z11dn7oqzmj5dd1z11mh0639pxzydz","cargo_no_time","Data Product Manager","2023"
"d1z11dn7oqzmj5dd1z11mh0639pxzydz","cargo_no_time","Business Analyst","2023"
"gqtzoanttujxnze0qgqtzon1dp71swu7","cargo_no_time","Analytics Engineer","2023"
"gqtzoanttujxnze0qgqtzon1dp71swu7","cargo_no_time","Analista de Dados","2023"
"gqtzoanttujxnze0qgqtzon1dp71swu7","cargo_no_time","Cientista de Dados","2023"
"gqtzoanttujxnze0qgqtzon1dp71swu7","cargo_no_time","Arquiteto de Dados","2023"
"gqtzoanttujxnze0qgqtzon1dp71swu7","cargo_no_time","Data Product Manager","2023"
"gqtzoanttujxnze0qgqtzon1dp71swu7","cargo_no_time","Business Analyst","2023"
"k5etg1bn6v3w7p1oayk5etg18nfd5lpr","cargo_no_time","Engenharia de Dados","2023"
"k5etg1bn6v3w7p1oayk5etg18nfd5lpr","cargo_no_time","Analista de Dados","2023"
"k5etg1bn6v3w7p1oayk5etg18nfd5lpr","cargo_no_time","Cientista de Dados","2023"
"k5etg1bn6v3w7p1oayk5etg18nfd5lpr","cargo_no_time","DBA","2023"
"k5etg1bn6v3w7p1oayk5etg18nfd5lpr","cargo_no_time","Analista de BI","2023"
"k5etg1bn6v3w7p1oayk5etg18nfd5lpr","cargo_no_time","Data Product Manager","2023"
"k5etg1bn6v3w7p1oayk5etg18nfd5lpr","cargo_no_time","Business Analyst","2023"
"ltx4gvqxseib4ps3rh706yltx4gvqios","cargo_no_time","Analytics Engineer","2023"
"ltx4gvqxseib4ps3rh706yltx4gvqios","cargo_no_time","Engenharia de Dados","2023"
"ltx4gvqxseib4ps3rh706yltx4gvqios","cargo_no_time","Cientista de Dados","2023"
"ltx4gvqxseib4ps3rh706yltx4gvqios","cargo_no_time","Analista de BI","2023"
"1synl4koqv7nw9jp9xj1e1synl4koz1e","cargo_no_time","Engenharia de Dados","2023"
"1synl4koqv7nw9jp9xj1e1synl4koz1e","cargo_no_time","Cientista de Dados","2023"
"1synl4koqv7nw9jp9xj1e1synl4koz1e","cargo_no_time","Data Product Manager","2023"
"i01acla3kj9i35f4gvi01acpqob2y1q6","cargo_no_time","Engenharia de Dados","2023"
"i01acla3kj9i35f4gvi01acpqob2y1q6","cargo_no_time","Cientista de Dados","2023"
"i01acla3kj9i35f4gvi01acpqob2y1q6","cargo_no_time","Arquiteto de Dados","2023"
"i01acla3kj9i35f4gvi01acpqob2y1q6","cargo_no_time","Business Analyst","2023"
"hmmtuwu1z87oam1nxpljyhmmt0cme2pk","cargo_no_time","Analista de BI","2023"
"k6cit2pnqak771zvs8jgk6cit2i4gjnd","cargo_no_time","Engenharia de Dados","2023"
"k6cit2pnqak771zvs8jgk6cit2i4gjnd","cargo_no_time","Analista de Dados","2023"
"k6cit2pnqak771zvs8jgk6cit2i4gjnd","cargo_no_time","Cientista de Dados","2023"
"k6cit2pnqak771zvs8jgk6cit2i4gjnd","cargo_no_time","DBA","2023"
"k6cit2pnqak771zvs8jgk6cit2i4gjnd","cargo_no_time","Analista de BI","2023"
"k6cit2pnqak771zvs8jgk6cit2i4gjnd","cargo_no_time","Arquiteto de Dados","2023"
"k6cit2pnqak771zvs8jgk6cit2i4gjnd","cargo_no_time","Data Product Manager","2023"
"k6cit2pnqak771zvs8jgk6cit2i4gjnd","cargo_no_time","Business Analyst","2023"
"lnktx4koz5yb5szft6sthlnktx4kxeov","cargo_no_time","Engenharia de Dados","2023"
"lnktx4koz5yb5szft6sthlnktx4kxeov","cargo_no_time","Analista de Dados","2023"
"lnktx4koz5yb5szft6sthlnktx4kxeov","cargo_no_time","Cientista de Dados","2023"
"lnktx4koz5yb5szft6sthlnktx4kxeov","cargo_no_time","DBA","2023"
"lnktx4koz5yb5szft6sthlnktx4kxeov","cargo_no_time","Analista de BI","2023"
"lnktx4koz5yb5szft6sthlnktx4kxeov","cargo_no_time","Arquiteto de Dados","2023"
"lnktx4koz5yb5szft6sthlnktx4kxeov","cargo_no_time","Business Analyst","2023"
"nv7js0yhz649hm6s5lw9nv7jase8jyno","cargo_no_time","Engenharia de Dados","2023"
"nv7js0yhz649hm6s5lw9nv7jase8jyno","cargo_no_time","Analista de Dados","2023"
"nv7js0yhz649hm6s5lw9nv7jase8jyno","cargo_no_time","Cientista de Dados","2023"
"nv7js0yhz649hm6s5lw9nv7jase8jyno","cargo_no_time","Analista de BI","2023"
"hznhqd4pmh8m0ypw3bmhznhz9jimkady","cargo_no_time","Analytics Engineer","2023"
"hznhqd4pmh8m0ypw3bmhznhz9jimkady","cargo_no_time","Engenharia de Dados","2023"
"hznhqd4pmh8m0ypw3bmhznhz9jimkady","cargo_no_time","Analista de Dados","2023"
"hznhqd4pmh8m0ypw3bmhznhz9jimkady","cargo_no_time","Cientista de Dados","2023"
"hznhqd4pmh8m0ypw3bmhznhz9jimkady","cargo_no_time","Analista de BI","2023"
"hznhqd4pmh8m0ypw3bmhznhz9jimkady","cargo_no_time","Data Product Manager","2023"
"agxp9d6a1yv02bb4qagcnqldgldarct0","cargo_no_time","Analytics Engineer","2023"
"agxp9d6a1yv02bb4qagcnqldgldarct0","cargo_no_time","Engenharia de Dados","2023"
"agxp9d6a1yv02bb4qagcnqldgldarct0","cargo_no_time","Analista de Dados","2023"
"agxp9d6a1yv02bb4qagcnqldgldarct0","cargo_no_time","Cientista de Dados","2023"
"agxp9d6a1yv02bb4qagcnqldgldarct0","cargo_no_time","Analista de BI","2023"
"agxp9d6a1yv02bb4qagcnqldgldarct0","cargo_no_time","Arquiteto de Dados","2023"
"agxp9d6a1yv02bb4qagcnqldgldarct0","cargo_no_time","Data Product Manager","2023"
"fggfms5hiu1gh0vgjfggph6fkrth37dm","cargo_no_time","Analista de Dados","2023"
"fggfms5hiu1gh0vgjfggph6fkrth37dm","cargo_no_time","Analista de BI","2023"
"fggfms5hiu1gh0vgjfggph6fkrth37dm","cargo_no_time","Business Analyst","2023"
"wvieiv5zv80l83vthowvie9hbl4sacbg","cargo_no_time","Engenharia de Dados","2023"
"wvieiv5zv80l83vthowvie9hbl4sacbg","cargo_no_time","Analista de Dados","2023"
"wvieiv5zv80l83vthowvie9hbl4sacbg","cargo_no_time","Cientista de Dados","2023"
"wvieiv5zv80l83vthowvie9hbl4sacbg","cargo_no_time","Business Analyst","2023"
"6qarfct8foodu6qagrp5ys1obafugx4d","cargo_no_time","Analista de Dados","2023"
"6qarfct8foodu6qagrp5ys1obafugx4d","cargo_no_time","Analista de BI","2023"
"vy5xav1u69qseaxdoovy5xw0tbpd85v6","cargo_no_time","Analista de Dados","2023"
"vy5xav1u69qseaxdoovy5xw0tbpd85v6","cargo_no_time","Analista de BI","2023"
"vy5xav1u69qseaxdoovy5xw0tbpd85v6","cargo_no_time","Business Analyst","2023"
"m6f6plo1hkey5kda8fgwmem6f6plodm2","cargo_no_time","Engenharia de Dados","2023"
"m6f6plo1hkey5kda8fgwmem6f6plodm2","cargo_no_time","Analista de Dados","2023"
"m6f6plo1hkey5kda8fgwmem6f6plodm2","cargo_no_time","Cientista de Dados","2023"
"m6f6plo1hkey5kda8fgwmem6f6plodm2","cargo_no_time","DBA","2023"
"m6f6plo1hkey5kda8fgwmem6f6plodm2","cargo_no_time","Analista de BI","2023"
"m6f6plo1hkey5kda8fgwmem6f6plodm2","cargo_no_time","Arquiteto de Dados","2023"
"gehob32kr89b36yqgeho3lh89tf8rlxb","cargo_no_time","Analytics Engineer","2023"
"gehob32kr89b36yqgeho3lh89tf8rlxb","cargo_no_time","Engenharia de Dados","2023"
"gehob32kr89b36yqgeho3lh89tf8rlxb","cargo_no_time","Analista de Dados","2023"
"x8d12hhctinhvmyy76gx8d12halnvbx7","cargo_no_time","Analytics Engineer","2023"
"x8d12hhctinhvmyy76gx8d12halnvbx7","cargo_no_time","Business Analyst","2023"
"rnck7nxkf8y6es8u3rnck97czplti4k0","cargo_no_time","Analista de Dados","2023"
"rnck7nxkf8y6es8u3rnck97czplti4k0","cargo_no_time","Analista de BI","2023"
"rnck7nxkf8y6es8u3rnck97czplti4k0","cargo_no_time","Arquiteto de Dados","2023"
"rnck7nxkf8y6es8u3rnck97czplti4k0","cargo_no_time","Data Product Manager","2023"
"rnck7nxkf8y6es8u3rnck97czplti4k0","cargo_no_time","Business Analyst","2023"
"eli3sjjub5zryb2nmeli3sjb1z1zk1lv","cargo_no_time","Analytics Engineer","2023"
"eli3sjjub5zryb2nmeli3sjb1z1zk1lv","cargo_no_time","Analista de Dados","2023"
"eli3sjjub5zryb2nmeli3sjb1z1zk1lv","cargo_no_time","Analista de BI","2023"
"qs23k9t8y4147yqs23c72fxg9f7p04r6","cargo_no_time","Analytics Engineer","2023"
"qs23k9t8y4147yqs23c72fxg9f7p04r6","cargo_no_time","Engenharia de Dados","2023"
"qs23k9t8y4147yqs23c72fxg9f7p04r6","cargo_no_time","Cientista de Dados","2023"
"qs23k9t8y4147yqs23c72fxg9f7p04r6","cargo_no_time","Analista de BI","2023"
"qs23k9t8y4147yqs23c72fxg9f7p04r6","cargo_no_time","Data Product Manager","2023"
"hq0qcf8gq4hlsi07t4hq0qcvnngl4ehz","cargo_no_time","Analista de Dados","2023"
"hq0qcf8gq4hlsi07t4hq0qcvnngl4ehz","cargo_no_time","Data Product Manager","2023"
"zoso9wpo63awomcpyv9ctzoso98dsb39","cargo_no_time","Analista de BI","2023"
"zoso9wpo63awomcpyv9ctzoso98dsb39","cargo_no_time","Business Analyst","2023"
"aqbdsmo47bfoe8vvvovaqbdsmofdxq4h","cargo_no_time","Engenharia de Dados","2023"
"aqbdsmo47bfoe8vvvovaqbdsmofdxq4h","cargo_no_time","Analista de Dados","2023"
"aqbdsmo47bfoe8vvvovaqbdsmofdxq4h","cargo_no_time","Cientista de Dados","2023"
"l1e5hnyiu5yshrywdehebl1e5hnygmiu","cargo_no_time","Cientista de Dados","2023"
"j34gdx5521gse4fjdj34gdxc441vtnmb","cargo_no_time","Engenharia de Dados","2023"
"j34gdx5521gse4fjdj34gdxc441vtnmb","cargo_no_time","Cientista de Dados","2023"
"svs89ypa2tha3gec930yrsvs89ypud15","cargo_no_time","Analytics Engineer","2023"
"svs89ypa2tha3gec930yrsvs89ypud15","cargo_no_time","Engenharia de Dados","2023"
"svs89ypa2tha3gec930yrsvs89ypud15","cargo_no_time","Analista de Dados","2023"
"svs89ypa2tha3gec930yrsvs89ypud15","cargo_no_time","Cientista de Dados","2023"
"svs89ypa2tha3gec930yrsvs89ypud15","cargo_no_time","Analista de BI","2023"
"svs89ypa2tha3gec930yrsvs89ypud15","cargo_no_time","Arquiteto de Dados","2023"
"svs89ypa2tha3gec930yrsvs89ypud15","cargo_no_time","Business Analyst","2023"
"1hjllifyz30bty9ifyzxau1hjllifyaz","cargo_no_time","Analytics Engineer","2023"
"1hjllifyz30bty9ifyzxau1hjllifyaz","cargo_no_time","Engenharia de Dados","2023"
"1hjllifyz30bty9ifyzxau1hjllifyaz","cargo_no_time","Analista de Dados","2023"
"1hjllifyz30bty9ifyzxau1hjllifyaz","cargo_no_time","Cientista de Dados","2023"
"1hjllifyz30bty9ifyzxau1hjllifyaz","cargo_no_time","Analista de BI","2023"
"1hjllifyz30bty9ifyzxau1hjllifyaz","cargo_no_time","Arquiteto de Dados","2023"
"1hjllifyz30bty9ifyzxau1hjllifyaz","cargo_no_time","Data Product Manager","2023"
"c5vzioss7082zykw2c5vzptnmq9rrjhj","cargo_no_time","Engenharia de Dados","2023"
"c5vzioss7082zykw2c5vzptnmq9rrjhj","cargo_no_time","Analista de Dados","2023"
"c5vzioss7082zykw2c5vzptnmq9rrjhj","cargo_no_time","Cientista de Dados","2023"
"c5vzioss7082zykw2c5vzptnmq9rrjhj","cargo_no_time","Analista de BI","2023"
"3l24uzbqhhdfbkihad3l2411eo7wyubu","cargo_no_time","Analytics Engineer","2023"
"3l24uzbqhhdfbkihad3l2411eo7wyubu","cargo_no_time","Engenharia de Dados","2023"
"3l24uzbqhhdfbkihad3l2411eo7wyubu","cargo_no_time","Cientista de Dados","2023"
"3l24uzbqhhdfbkihad3l2411eo7wyubu","cargo_no_time","Business Analyst","2023"
"2ufrsx2xgu0qtnomn02ufef6b6ln69c2","cargo_no_time","Engenharia de Dados","2023"
"2ufrsx2xgu0qtnomn02ufef6b6ln69c2","cargo_no_time","Analista de Dados","2023"
"2ufrsx2xgu0qtnomn02ufef6b6ln69c2","cargo_no_time","Analista de BI","2023"
"prr1rl6fg71tytnjtprr1rl6m4ywtgpl","cargo_no_time","Analytics Engineer","2023"
"prr1rl6fg71tytnjtprr1rl6m4ywtgpl","cargo_no_time","Engenharia de Dados","2023"
"prr1rl6fg71tytnjtprr1rl6m4ywtgpl","cargo_no_time","Analista de Dados","2023"
"prr1rl6fg71tytnjtprr1rl6m4ywtgpl","cargo_no_time","Cientista de Dados","2023"
"prr1rl6fg71tytnjtprr1rl6m4ywtgpl","cargo_no_time","DBA","2023"
"prr1rl6fg71tytnjtprr1rl6m4ywtgpl","cargo_no_time","Analista de BI","2023"
"prr1rl6fg71tytnjtprr1rl6m4ywtgpl","cargo_no_time","Arquiteto de Dados","2023"
"prr1rl6fg71tytnjtprr1rl6m4ywtgpl","cargo_no_time","Data Product Manager","2023"
"prr1rl6fg71tytnjtprr1rl6m4ywtgpl","cargo_no_time","Business Analyst","2023"
"d0b5exqj4i1po7c3hx4d0b5exym171ot","cargo_no_time","Analytics Engineer","2023"
"d0b5exqj4i1po7c3hx4d0b5exym171ot","cargo_no_time","Engenharia de Dados","2023"
"d0b5exqj4i1po7c3hx4d0b5exym171ot","cargo_no_time","Analista de Dados","2023"
"d0b5exqj4i1po7c3hx4d0b5exym171ot","cargo_no_time","Cientista de Dados","2023"
"d0b5exqj4i1po7c3hx4d0b5exym171ot","cargo_no_time","DBA","2023"
"d0b5exqj4i1po7c3hx4d0b5exym171ot","cargo_no_time","Analista de BI","2023"
"d0b5exqj4i1po7c3hx4d0b5exym171ot","cargo_no_time","Arquiteto de Dados","2023"
"d0b5exqj4i1po7c3hx4d0b5exym171ot","cargo_no_time","Data Product Manager","2023"
"d0b5exqj4i1po7c3hx4d0b5exym171ot","cargo_no_time","Business Analyst","2023"
"qgdw8dk96m3im91wz5f3qgdw8dlpbmks","cargo_no_time","Engenharia de Dados","2023"
"oyjg1nctel0u3ray4k3koyjg1nc94mdi","cargo_no_time","Engenharia de Dados","2023"
"oyjg1nctel0u3ray4k3koyjg1nc94mdi","cargo_no_time","Analista de Dados","2023"
"oyjg1nctel0u3ray4k3koyjg1nc94mdi","cargo_no_time","Cientista de Dados","2023"
"oyjg1nctel0u3ray4k3koyjg1nc94mdi","cargo_no_time","Analista de BI","2023"
"oyjg1nctel0u3ray4k3koyjg1nc94mdi","cargo_no_time","Arquiteto de Dados","2023"
"oyjg1nctel0u3ray4k3koyjg1nc94mdi","cargo_no_time","Data Product Manager","2023"
"71q207i3sc701rsgthhjm71q207i7qvt","cargo_no_time","Analista de Dados","2023"
"71q207i3sc701rsgthhjm71q207i7qvt","cargo_no_time","DBA","2023"
"71q207i3sc701rsgthhjm71q207i7qvt","cargo_no_time","Analista de BI","2023"
"71q207i3sc701rsgthhjm71q207i7qvt","cargo_no_time","Arquiteto de Dados","2023"
"71q207i3sc701rsgthhjm71q207i7qvt","cargo_no_time","Business Analyst","2023"
"4clwgacvranruvgms84clwgacvt53jvz","cargo_no_time","Analista de Dados","2023"
"4clwgacvranruvgms84clwgacvt53jvz","cargo_no_time","Cientista de Dados","2023"
"4clwgacvranruvgms84clwgacvt53jvz","cargo_no_time","Analista de BI","2023"
"f93mfz60y88m07pb7tf93mfz6kxxwe9h","cargo_no_time","Engenharia de Dados","2023"
"f93mfz60y88m07pb7tf93mfz6kxxwe9h","cargo_no_time","Analista de Dados","2023"
"f93mfz60y88m07pb7tf93mfz6kxxwe9h","cargo_no_time","Cientista de Dados","2023"
"f93mfz60y88m07pb7tf93mfz6kxxwe9h","cargo_no_time","Analista de BI","2023"
"f93mfz60y88m07pb7tf93mfz6kxxwe9h","cargo_no_time","Business Analyst","2023"
"w9wr825wljvtdq4fieiw9w9mnopn02xz","cargo_no_time","Analytics Engineer","2023"
"w9wr825wljvtdq4fieiw9w9mnopn02xz","cargo_no_time","Engenharia de Dados","2023"
"w9wr825wljvtdq4fieiw9w9mnopn02xz","cargo_no_time","Analista de Dados","2023"
"vnkds4njyvvtva7xjxraavnkds4nj4px","cargo_no_time","Engenharia de Dados","2023"
"vnkds4njyvvtva7xjxraavnkds4nj4px","cargo_no_time","Analista de Dados","2023"
"vnkds4njyvvtva7xjxraavnkds4nj4px","cargo_no_time","Cientista de Dados","2023"
"c6pk71zqylum2qq84c6pk71lvcsul83c","cargo_no_time","Analytics Engineer","2023"
"c6pk71zqylum2qq84c6pk71lvcsul83c","cargo_no_time","Engenharia de Dados","2023"
"c6pk71zqylum2qq84c6pk71lvcsul83c","cargo_no_time","Analista de Dados","2023"
"c6pk71zqylum2qq84c6pk71lvcsul83c","cargo_no_time","Cientista de Dados","2023"
"c6pk71zqylum2qq84c6pk71lvcsul83c","cargo_no_time","Analista de BI","2023"
"ls3flecj0orf8ajpjopsls3flecm16ol","cargo_no_time","Engenharia de Dados","2023"
"ls3flecj0orf8ajpjopsls3flecm16ol","cargo_no_time","Analista de BI","2023"
"7l1trmi5e4fze8nc8nfzyx7l1trmirgl","cargo_no_time","Analytics Engineer","2023"
"7l1trmi5e4fze8nc8nfzyx7l1trmirgl","cargo_no_time","Engenharia de Dados","2023"
"7l1trmi5e4fze8nc8nfzyx7l1trmirgl","cargo_no_time","Analista de Dados","2023"
"7l1trmi5e4fze8nc8nfzyx7l1trmirgl","cargo_no_time","Cientista de Dados","2023"
"7l1trmi5e4fze8nc8nfzyx7l1trmirgl","cargo_no_time","Analista de BI","2023"
"z7pni37becy2hcejz7pn2zajx51cfnz6","cargo_no_time","Engenharia de Dados","2023"
"z7pni37becy2hcejz7pn2zajx51cfnz6","cargo_no_time","Cientista de Dados","2023"
"z7pni37becy2hcejz7pn2zajx51cfnz6","cargo_no_time","Business Analyst","2023"
"05csrlllrg5xhyryv7i305csrl8hfybu","cargo_no_time","Analista de Dados","2023"
"k506tg7hc08sf2ggk506hzu8jjnf2qe5","cargo_no_time","Cientista de Dados","2023"
"5bj16luh0ponu9okr5bj1vbfz1oxna3w","cargo_no_time","Engenharia de Dados","2023"
"5bj16luh0ponu9okr5bj1vbfz1oxna3w","cargo_no_time","Analista de Dados","2023"
"5bj16luh0ponu9okr5bj1vbfz1oxna3w","cargo_no_time","DBA","2023"
"5bj16luh0ponu9okr5bj1vbfz1oxna3w","cargo_no_time","Analista de BI","2023"
"5bj16luh0ponu9okr5bj1vbfz1oxna3w","cargo_no_time","Business Analyst","2023"
"es4ksonokkepzqm579oles4ksodvgtv2","cargo_no_time","Engenharia de Dados","2023"
"es4ksonokkepzqm579oles4ksodvgtv2","cargo_no_time","Analista de Dados","2023"
"es4ksonokkepzqm579oles4ksodvgtv2","cargo_no_time","Cientista de Dados","2023"
"es4ksonokkepzqm579oles4ksodvgtv2","cargo_no_time","Analista de BI","2023"
"es4ksonokkepzqm579oles4ksodvgtv2","cargo_no_time","Business Analyst","2023"
"an2knt9j04lvmow3eodan2knhwamf3zl","cargo_no_time","Analytics Engineer","2023"
"an2knt9j04lvmow3eodan2knhwamf3zl","cargo_no_time","Cientista de Dados","2023"
"an2knt9j04lvmow3eodan2knhwamf3zl","cargo_no_time","Analista de BI","2023"
"an2knt9j04lvmow3eodan2knhwamf3zl","cargo_no_time","Arquiteto de Dados","2023"
"an2knt9j04lvmow3eodan2knhwamf3zl","cargo_no_time","Business Analyst","2023"
"h5fymszfnjdbi5muvf7h5fymqnw7womw","cargo_no_time","Engenharia de Dados","2023"
"h5fymszfnjdbi5muvf7h5fymqnw7womw","cargo_no_time","Analista de Dados","2023"
"h5fymszfnjdbi5muvf7h5fymqnw7womw","cargo_no_time","Cientista de Dados","2023"
"h5fymszfnjdbi5muvf7h5fymqnw7womw","cargo_no_time","DBA","2023"
"h5fymszfnjdbi5muvf7h5fymqnw7womw","cargo_no_time","Arquiteto de Dados","2023"
"wgrcjgv8tpw3wzwj4pevbwgrcjhov1ks","cargo_no_time","Analytics Engineer","2023"
"wgrcjgv8tpw3wzwj4pevbwgrcjhov1ks","cargo_no_time","Engenharia de Dados","2023"
"wgrcjgv8tpw3wzwj4pevbwgrcjhov1ks","cargo_no_time","Cientista de Dados","2023"
"wgrcjgv8tpw3wzwj4pevbwgrcjhov1ks","cargo_no_time","Analista de BI","2023"
"wgrcjgv8tpw3wzwj4pevbwgrcjhov1ks","cargo_no_time","Data Product Manager","2023"
"uyc6k16tbvz1dchoyqg9uyc65tvbs8c0","cargo_no_time","Analista de Dados","2023"
"uyc6k16tbvz1dchoyqg9uyc65tvbs8c0","cargo_no_time","Cientista de Dados","2023"
"uyc6k16tbvz1dchoyqg9uyc65tvbs8c0","cargo_no_time","Analista de BI","2023"
"uyc6k16tbvz1dchoyqg9uyc65tvbs8c0","cargo_no_time","Business Analyst","2023"
"jciipbjxab1uiotqj3jciq9b85ygdr6g","cargo_no_time","Analytics Engineer","2023"
"jciipbjxab1uiotqj3jciq9b85ygdr6g","cargo_no_time","Engenharia de Dados","2023"
"jciipbjxab1uiotqj3jciq9b85ygdr6g","cargo_no_time","Analista de Dados","2023"
"jciipbjxab1uiotqj3jciq9b85ygdr6g","cargo_no_time","Cientista de Dados","2023"
"jciipbjxab1uiotqj3jciq9b85ygdr6g","cargo_no_time","DBA","2023"
"jciipbjxab1uiotqj3jciq9b85ygdr6g","cargo_no_time","Analista de BI","2023"
"jciipbjxab1uiotqj3jciq9b85ygdr6g","cargo_no_time","Arquiteto de Dados","2023"
"jciipbjxab1uiotqj3jciq9b85ygdr6g","cargo_no_time","Data Product Manager","2023"
"jciipbjxab1uiotqj3jciq9b85ygdr6g","cargo_no_time","Business Analyst","2023"
"xjnvdvkjtb1dp3q94fgpxjnvdvkwafwp","cargo_no_time","Analista de Dados","2023"
"xjnvdvkjtb1dp3q94fgpxjnvdvkwafwp","cargo_no_time","Cientista de Dados","2023"
"xjnvdvkjtb1dp3q94fgpxjnvdvkwafwp","cargo_no_time","Analista de BI","2023"
"xjnvdvkjtb1dp3q94fgpxjnvdvkwafwp","cargo_no_time","Arquiteto de Dados","2023"
"2wzd5tn5rdr9mv22wzd8db7fgfely4g2","cargo_no_time","Analista de Dados","2023"
"2wzd5tn5rdr9mv22wzd8db7fgfely4g2","cargo_no_time","Analista de BI","2023"
"mfhace4lflb3m91mcdmfhace4l8rcuu9","cargo_no_time","Analytics Engineer","2023"
"mfhace4lflb3m91mcdmfhace4l8rcuu9","cargo_no_time","Cientista de Dados","2023"
"m3tpzamh6wh08mor1u1m3tpzfx1r9x8w","cargo_no_time","Analytics Engineer","2023"
"m3tpzamh6wh08mor1u1m3tpzfx1r9x8w","cargo_no_time","Engenharia de Dados","2023"
"m3tpzamh6wh08mor1u1m3tpzfx1r9x8w","cargo_no_time","Analista de Dados","2023"
"m3tpzamh6wh08mor1u1m3tpzfx1r9x8w","cargo_no_time","Cientista de Dados","2023"
"m3tpzamh6wh08mor1u1m3tpzfx1r9x8w","cargo_no_time","Arquiteto de Dados","2023"
"m3tpzamh6wh08mor1u1m3tpzfx1r9x8w","cargo_no_time","Data Product Manager","2023"
"xkpth64kiht3w5rdexkpoannjznayx2s","cargo_no_time","Analista de BI","2023"
"xkpth64kiht3w5rdexkpoannjznayx2s","cargo_no_time","Business Analyst","2023"
"pheghxajr8mbt1noorc2pheghxlk6may","cargo_no_time","Engenharia de Dados","2023"
"pheghxajr8mbt1noorc2pheghxlk6may","cargo_no_time","Cientista de Dados","2023"
"pheghxajr8mbt1noorc2pheghxlk6may","cargo_no_time","DBA","2023"
"pheghxajr8mbt1noorc2pheghxlk6may","cargo_no_time","Business Analyst","2023"
"yufpjg8xnqnzc1abwi93yufpjg8xnoxu","cargo_no_time","Analytics Engineer","2023"
"yufpjg8xnqnzc1abwi93yufpjg8xnoxu","cargo_no_time","Analista de Dados","2023"
"yufpjg8xnqnzc1abwi93yufpjg8xnoxu","cargo_no_time","Cientista de Dados","2023"
"yufpjg8xnqnzc1abwi93yufpjg8xnoxu","cargo_no_time","DBA","2023"
"yufpjg8xnqnzc1abwi93yufpjg8xnoxu","cargo_no_time","Arquiteto de Dados","2023"
"5hz3h26cqhkw9mrie85hz3h24dnusuuk","cargo_no_time","Analista de Dados","2023"
"5hz3h26cqhkw9mrie85hz3h24dnusuuk","cargo_no_time","Cientista de Dados","2023"
"cn9sat58kxdiljqxcn9svz4wp8wmkv8u","cargo_no_time","Analista de Dados","2023"
"cn9sat58kxdiljqxcn9svz4wp8wmkv8u","cargo_no_time","Business Analyst","2023"
"al9pfnlab5gal9p9tsyfe5i60drfo48x","cargo_no_time","Cientista de Dados","2023"
"vu9zecjcpf8k3stpz4eovu9zecjxqm0n","cargo_no_time","Analytics Engineer","2023"
"vu9zecjcpf8k3stpz4eovu9zecjxqm0n","cargo_no_time","Engenharia de Dados","2023"
"vu9zecjcpf8k3stpz4eovu9zecjxqm0n","cargo_no_time","Analista de Dados","2023"
"vu9zecjcpf8k3stpz4eovu9zecjxqm0n","cargo_no_time","Cientista de Dados","2023"
"vu9zecjcpf8k3stpz4eovu9zecjxqm0n","cargo_no_time","Arquiteto de Dados","2023"
"ib43jq3zdd3nmhnd9vuib43jqf1vk7a3","cargo_no_time","Cientista de Dados","2023"
"ib43jq3zdd3nmhnd9vuib43jqf1vk7a3","cargo_no_time","Arquiteto de Dados","2023"
"61xifqmx8nqkbx8rmyqd61xifqmvn8ts","cargo_no_time","Analista de Dados","2023"
"61xifqmx8nqkbx8rmyqd61xifqmvn8ts","cargo_no_time","DBA","2023"
"61xifqmx8nqkbx8rmyqd61xifqmvn8ts","cargo_no_time","Analista de BI","2023"
"61xifqmx8nqkbx8rmyqd61xifqmvn8ts","cargo_no_time","Business Analyst","2023"
"2glvl90j5de1j22glvl9e16cuygm2jsb","cargo_no_time","Analista de BI","2023"
"2glvl90j5de1j22glvl9e16cuygm2jsb","cargo_no_time","Business Analyst","2023"
"mtwvhpmtk52omtwvhpv5p6nlj1sw4v5p","cargo_no_time","Engenharia de Dados","2023"
"mtwvhpmtk52omtwvhpv5p6nlj1sw4v5p","cargo_no_time","Analista de Dados","2023"
"mtwvhpmtk52omtwvhpv5p6nlj1sw4v5p","cargo_no_time","Cientista de Dados","2023"
"xgyl3telwproovy68fpn5fxgyl3te5sd","cargo_no_time","Analytics Engineer","2023"
"xgyl3telwproovy68fpn5fxgyl3te5sd","cargo_no_time","Engenharia de Dados","2023"
"xgyl3telwproovy68fpn5fxgyl3te5sd","cargo_no_time","Analista de Dados","2023"
"xgyl3telwproovy68fpn5fxgyl3te5sd","cargo_no_time","Cientista de Dados","2023"
"q96m5d0dopvr9g8fnnq96m489pbi54jx","cargo_no_time","Cientista de Dados","2023"
"q96m5d0dopvr9g8fnnq96m489pbi54jx","cargo_no_time","Analista de BI","2023"
"dbi7qbexnpuw2qbev4bdbi7qk4dvdriz","cargo_no_time","Engenharia de Dados","2023"
"dbi7qbexnpuw2qbev4bdbi7qk4dvdriz","cargo_no_time","Cientista de Dados","2023"
"dbi7qbexnpuw2qbev4bdbi7qk4dvdriz","cargo_no_time","DBA","2023"
"dbi7qbexnpuw2qbev4bdbi7qk4dvdriz","cargo_no_time","Business Analyst","2023"
"24aggifjzl524a84cy744590nd8so5pp","cargo_no_time","Engenharia de Dados","2023"
"24aggifjzl524a84cy744590nd8so5pp","cargo_no_time","Analista de Dados","2023"
"24aggifjzl524a84cy744590nd8so5pp","cargo_no_time","Cientista de Dados","2023"
"y3ctttq9bf6hynvy3csy5ag9k43o1zdr","cargo_no_time","Analista de BI","2023"
"abgvp6eijfb3kw59rbabcxniraf6wqsc","cargo_no_time","Analista de Dados","2023"
"abgvp6eijfb3kw59rbabcxniraf6wqsc","cargo_no_time","DBA","2023"
"abgvp6eijfb3kw59rbabcxniraf6wqsc","cargo_no_time","Arquiteto de Dados","2023"
"diweca1vwcguo0xediwepy44jewwjg7f","cargo_no_time","Engenharia de Dados","2023"
"diweca1vwcguo0xediwepy44jewwjg7f","cargo_no_time","Cientista de Dados","2023"
"diweca1vwcguo0xediwepy44jewwjg7f","cargo_no_time","Data Product Manager","2023"
"diweca1vwcguo0xediwepy44jewwjg7f","cargo_no_time","Business Analyst","2023"
"4mwn8yj79btkx8ajhu54mwn8yosisuns","cargo_no_time","Analytics Engineer","2023"
"4mwn8yj79btkx8ajhu54mwn8yosisuns","cargo_no_time","Engenharia de Dados","2023"
"4mwn8yj79btkx8ajhu54mwn8yosisuns","cargo_no_time","Analista de Dados","2023"
"4mwn8yj79btkx8ajhu54mwn8yosisuns","cargo_no_time","Cientista de Dados","2023"
"4mwn8yj79btkx8ajhu54mwn8yosisuns","cargo_no_time","Analista de BI","2023"
"4mwn8yj79btkx8ajhu54mwn8yosisuns","cargo_no_time","Arquiteto de Dados","2023"
"4mwn8yj79btkx8ajhu54mwn8yosisuns","cargo_no_time","Data Product Manager","2023"
"djtcscawl3w67e5djtcscai9n063a02u","cargo_no_time","Analytics Engineer","2023"
"djtcscawl3w67e5djtcscai9n063a02u","cargo_no_time","Analista de Dados","2023"
"djtcscawl3w67e5djtcscai9n063a02u","cargo_no_time","Business Analyst","2023"
"1kzvnze4z6503kbeq1kzo5p8zb20muq7","cargo_no_time","Analytics Engineer","2023"
"1kzvnze4z6503kbeq1kzo5p8zb20muq7","cargo_no_time","Engenharia de Dados","2023"
"1kzvnze4z6503kbeq1kzo5p8zb20muq7","cargo_no_time","Analista de Dados","2023"
"1kzvnze4z6503kbeq1kzo5p8zb20muq7","cargo_no_time","Cientista de Dados","2023"
"1kzvnze4z6503kbeq1kzo5p8zb20muq7","cargo_no_time","DBA","2023"
"1kzvnze4z6503kbeq1kzo5p8zb20muq7","cargo_no_time","Analista de BI","2023"
"1kzvnze4z6503kbeq1kzo5p8zb20muq7","cargo_no_time","Arquiteto de Dados","2023"
"1kzvnze4z6503kbeq1kzo5p8zb20muq7","cargo_no_time","Data Product Manager","2023"
"1kzvnze4z6503kbeq1kzo5p8zb20muq7","cargo_no_time","Business Analyst","2023"
"07vxvpqgtstbdqapyq07vo5p9yky8rqh","cargo_no_time","Analytics Engineer","2023"
"07vxvpqgtstbdqapyq07vo5p9yky8rqh","cargo_no_time","Engenharia de Dados","2023"
"07vxvpqgtstbdqapyq07vo5p9yky8rqh","cargo_no_time","Cientista de Dados","2023"
"hp80x900canr7cq6pehp80x9a1mcjf7t","cargo_no_time","Cientista de Dados","2023"
"hp80x900canr7cq6pehp80x9a1mcjf7t","cargo_no_time","Analista de BI","2023"
"4u7q19l0zfcoccxqqp4u7q19lbibpspb","cargo_no_time","Analytics Engineer","2023"
"4u7q19l0zfcoccxqqp4u7q19lbibpspb","cargo_no_time","Engenharia de Dados","2023"
"4u7q19l0zfcoccxqqp4u7q19lbibpspb","cargo_no_time","Analista de Dados","2023"
"4u7q19l0zfcoccxqqp4u7q19lbibpspb","cargo_no_time","Cientista de Dados","2023"
"4u7q19l0zfcoccxqqp4u7q19lbibpspb","cargo_no_time","DBA","2023"
"4u7q19l0zfcoccxqqp4u7q19lbibpspb","cargo_no_time","Analista de BI","2023"
"4u7q19l0zfcoccxqqp4u7q19lbibpspb","cargo_no_time","Arquiteto de Dados","2023"
"4u7q19l0zfcoccxqqp4u7q19lbibpspb","cargo_no_time","Data Product Manager","2023"
"4u7q19l0zfcoccxqqp4u7q19lbibpspb","cargo_no_time","Business Analyst","2023"
"axweibiqcvofzbolf3axwei83evdcn3s","cargo_no_time","Analista de Dados","2023"
"axweibiqcvofzbolf3axwei83evdcn3s","cargo_no_time","Data Product Manager","2023"
"vu4yljtw30z6x8avu4yarkz5mocys8j3","cargo_no_time","Engenharia de Dados","2023"
"vu4yljtw30z6x8avu4yarkz5mocys8j3","cargo_no_time","DBA","2023"
"vu4yljtw30z6x8avu4yarkz5mocys8j3","cargo_no_time","Analista de BI","2023"
"vu4yljtw30z6x8avu4yarkz5mocys8j3","cargo_no_time","Business Analyst","2023"
"bscq665kyme4joxcosbscq68bw2fz2go","cargo_no_time","Analista de Dados","2023"
"bscq665kyme4joxcosbscq68bw2fz2go","cargo_no_time","Analista de BI","2023"
"bscq665kyme4joxcosbscq68bw2fz2go","cargo_no_time","Arquiteto de Dados","2023"
"8wkieyd66umwj8wkiwz7s16hyuf73yr2","cargo_no_time","Analytics Engineer","2023"
"8wkieyd66umwj8wkiwz7s16hyuf73yr2","cargo_no_time","Engenharia de Dados","2023"
"8wkieyd66umwj8wkiwz7s16hyuf73yr2","cargo_no_time","Analista de Dados","2023"
"8wkieyd66umwj8wkiwz7s16hyuf73yr2","cargo_no_time","Cientista de Dados","2023"
"8wkieyd66umwj8wkiwz7s16hyuf73yr2","cargo_no_time","Analista de BI","2023"
"8wkieyd66umwj8wkiwz7s16hyuf73yr2","cargo_no_time","Arquiteto de Dados","2023"
"8wkieyd66umwj8wkiwz7s16hyuf73yr2","cargo_no_time","Data Product Manager","2023"
"8wkieyd66umwj8wkiwz7s16hyuf73yr2","cargo_no_time","Business Analyst","2023"
"uf73wm0av5rj4y5jcn4uf73wmirg84sz","cargo_no_time","Business Analyst","2023"
"hrsb1orjj0bus0cvrbhrsbjzm0wfuvxb","cargo_no_time","Engenharia de Dados","2023"
"hrsb1orjj0bus0cvrbhrsbjzm0wfuvxb","cargo_no_time","Analista de Dados","2023"
"hrsb1orjj0bus0cvrbhrsbjzm0wfuvxb","cargo_no_time","Cientista de Dados","2023"
"hrsb1orjj0bus0cvrbhrsbjzm0wfuvxb","cargo_no_time","Analista de BI","2023"
"hrsb1orjj0bus0cvrbhrsbjzm0wfuvxb","cargo_no_time","Business Analyst","2023"
"3oad733jfin3xe5w3oabvl835eosyktq","cargo_no_time","Analista de Dados","2023"
"3oad733jfin3xe5w3oabvl835eosyktq","cargo_no_time","DBA","2023"
"3oad733jfin3xe5w3oabvl835eosyktq","cargo_no_time","Analista de BI","2023"
"3oad733jfin3xe5w3oabvl835eosyktq","cargo_no_time","Business Analyst","2023"
"0q472yy1a4ua38hg0q42byo044ngq1sb","cargo_no_time","Engenharia de Dados","2023"
"0q472yy1a4ua38hg0q42byo044ngq1sb","cargo_no_time","Analista de Dados","2023"
"71kyufup2jtafiz1i71kyuao1dzty935","cargo_no_time","Analytics Engineer","2023"
"71kyufup2jtafiz1i71kyuao1dzty935","cargo_no_time","Engenharia de Dados","2023"
"71kyufup2jtafiz1i71kyuao1dzty935","cargo_no_time","Analista de BI","2023"
"71kyufup2jtafiz1i71kyuao1dzty935","cargo_no_time","Arquiteto de Dados","2023"
"71kyufup2jtafiz1i71kyuao1dzty935","cargo_no_time","Business Analyst","2023"
"ng8xoyyzr1c9jngbihtch6j1aobih0i6","cargo_no_time","Analytics Engineer","2023"
"ng8xoyyzr1c9jngbihtch6j1aobih0i6","cargo_no_time","Engenharia de Dados","2023"
"ng8xoyyzr1c9jngbihtch6j1aobih0i6","cargo_no_time","Cientista de Dados","2023"
"ng8xoyyzr1c9jngbihtch6j1aobih0i6","cargo_no_time","Data Product Manager","2023"
"ng8xoyyzr1c9jngbihtch6j1aobih0i6","cargo_no_time","Business Analyst","2023"
"7micxwxidr98f7mjl3u0urr5u3wehtua","cargo_no_time","Analytics Engineer","2023"
"7micxwxidr98f7mjl3u0urr5u3wehtua","cargo_no_time","Business Analyst","2023"
"28armsq6zbd2jk0aqncsk28armswl2xb","cargo_no_time","Analista de Dados","2023"
"28armsq6zbd2jk0aqncsk28armswl2xb","cargo_no_time","Cientista de Dados","2023"
"28armsq6zbd2jk0aqncsk28armswl2xb","cargo_no_time","Analista de BI","2023"
"dv4x3j57kei3dcy33awuc159edv4x3jb","cargo_no_time","Engenharia de Dados","2023"
"dv4x3j57kei3dcy33awuc159edv4x3jb","cargo_no_time","Cientista de Dados","2023"
"dv4x3j57kei3dcy33awuc159edv4x3jb","cargo_no_time","Analista de BI","2023"
"ue0qan4ht0gv14gxue0qa85l239mwzdb","cargo_no_time","DBA","2023"
"ue0qan4ht0gv14gxue0qa85l239mwzdb","cargo_no_time","Analista de BI","2023"
"2fjugixvzpew8e6pe2fjugixjw1w5rtn","cargo_no_time","Analista de Dados","2023"
"2fjugixvzpew8e6pe2fjugixjw1w5rtn","cargo_no_time","Analista de BI","2023"
"ia8a3h7hahiiu7gjdia8n4d1ws3tls6a","cargo_no_time","Analytics Engineer","2023"
"ia8a3h7hahiiu7gjdia8n4d1ws3tls6a","cargo_no_time","Engenharia de Dados","2023"
"ia8a3h7hahiiu7gjdia8n4d1ws3tls6a","cargo_no_time","Analista de Dados","2023"
"ia8a3h7hahiiu7gjdia8n4d1ws3tls6a","cargo_no_time","Cientista de Dados","2023"
"ia8a3h7hahiiu7gjdia8n4d1ws3tls6a","cargo_no_time","DBA","2023"
"ia8a3h7hahiiu7gjdia8n4d1ws3tls6a","cargo_no_time","Arquiteto de Dados","2023"
"ia8a3h7hahiiu7gjdia8n4d1ws3tls6a","cargo_no_time","Data Product Manager","2023"
"ia8a3h7hahiiu7gjdia8n4d1ws3tls6a","cargo_no_time","Business Analyst","2023"
"y1trquvnuf1mjvky1trquamdvfsvfqdv","cargo_no_time","Analytics Engineer","2023"
"y1trquvnuf1mjvky1trquamdvfsvfqdv","cargo_no_time","Engenharia de Dados","2023"
"y1trquvnuf1mjvky1trquamdvfsvfqdv","cargo_no_time","Analista de Dados","2023"
"y1trquvnuf1mjvky1trquamdvfsvfqdv","cargo_no_time","Analista de BI","2023"
"4vf5013m26g7sd4vf5qc2pqb85205y01","cargo_no_time","Engenharia de Dados","2023"
"4vf5013m26g7sd4vf5qc2pqb85205y01","cargo_no_time","Cientista de Dados","2023"
"e0ram8w04zrudbe0x1ym0qricu1plx1y","cargo_no_time","Analista de Dados","2023"
"e0ram8w04zrudbe0x1ym0qricu1plx1y","cargo_no_time","Analista de BI","2023"
"99j11f37uqakil5499j1c0ep6nuhft1m","cargo_no_time","Engenharia de Dados","2023"
"99j11f37uqakil5499j1c0ep6nuhft1m","cargo_no_time","Analista de BI","2023"
"99j11f37uqakil5499j1c0ep6nuhft1m","cargo_no_time","Arquiteto de Dados","2023"
"pq3h4zwslk1l7h6ykdmpq3h4zqgnt3e8","cargo_no_time","Analytics Engineer","2023"
"pq3h4zwslk1l7h6ykdmpq3h4zqgnt3e8","cargo_no_time","Cientista de Dados","2023"
"pq3h4zwslk1l7h6ykdmpq3h4zqgnt3e8","cargo_no_time","Analista de BI","2023"
"pq3h4zwslk1l7h6ykdmpq3h4zqgnt3e8","cargo_no_time","Business Analyst","2023"
"awxbeeu0w9moiznmx4sawxbe2l716yxa","cargo_no_time","Analytics Engineer","2023"
"awxbeeu0w9moiznmx4sawxbe2l716yxa","cargo_no_time","Engenharia de Dados","2023"
"awxbeeu0w9moiznmx4sawxbe2l716yxa","cargo_no_time","Analista de Dados","2023"
"awxbeeu0w9moiznmx4sawxbe2l716yxa","cargo_no_time","Cientista de Dados","2023"
"awxbeeu0w9moiznmx4sawxbe2l716yxa","cargo_no_time","Analista de BI","2023"
"awxbeeu0w9moiznmx4sawxbe2l716yxa","cargo_no_time","Arquiteto de Dados","2023"
"awxbeeu0w9moiznmx4sawxbe2l716yxa","cargo_no_time","Data Product Manager","2023"
"qv5zyabqeryu9sqv5zya3ya264k8m9xe","cargo_no_time","Analytics Engineer","2023"
"qv5zyabqeryu9sqv5zya3ya264k8m9xe","cargo_no_time","Engenharia de Dados","2023"
"qv5zyabqeryu9sqv5zya3ya264k8m9xe","cargo_no_time","Analista de Dados","2023"
"qv5zyabqeryu9sqv5zya3ya264k8m9xe","cargo_no_time","Cientista de Dados","2023"
"qv5zyabqeryu9sqv5zya3ya264k8m9xe","cargo_no_time","Analista de BI","2023"
"qv5zyabqeryu9sqv5zya3ya264k8m9xe","cargo_no_time","Data Product Manager","2023"
"hdh1pouiq1x9lme1bhdh1jqstfu38qm8","cargo_no_time","Analytics Engineer","2023"
"hdh1pouiq1x9lme1bhdh1jqstfu38qm8","cargo_no_time","Engenharia de Dados","2023"
"hdh1pouiq1x9lme1bhdh1jqstfu38qm8","cargo_no_time","Analista de Dados","2023"
"hdh1pouiq1x9lme1bhdh1jqstfu38qm8","cargo_no_time","Cientista de Dados","2023"
"hdh1pouiq1x9lme1bhdh1jqstfu38qm8","cargo_no_time","Arquiteto de Dados","2023"
"hdh1pouiq1x9lme1bhdh1jqstfu38qm8","cargo_no_time","Data Product Manager","2023"
"a6gjjnu4uriq1hla6gjjfi2kfp0zawdc","cargo_no_time","Engenharia de Dados","2023"
"a6gjjnu4uriq1hla6gjjfi2kfp0zawdc","cargo_no_time","Analista de Dados","2023"
"a6gjjnu4uriq1hla6gjjfi2kfp0zawdc","cargo_no_time","Cientista de Dados","2023"
"a6gjjnu4uriq1hla6gjjfi2kfp0zawdc","cargo_no_time","Analista de BI","2023"
"a6gjjnu4uriq1hla6gjjfi2kfp0zawdc","cargo_no_time","Data Product Manager","2023"
"yy8vi9mivlnjzebchvyy8vi5b0jwz4sm","cargo_no_time","Engenharia de Dados","2023"
"yy8vi9mivlnjzebchvyy8vi5b0jwz4sm","cargo_no_time","Analista de Dados","2023"
"yy8vi9mivlnjzebchvyy8vi5b0jwz4sm","cargo_no_time","Cientista de Dados","2023"
"yy8vi9mivlnjzebchvyy8vi5b0jwz4sm","cargo_no_time","Analista de BI","2023"
"yy8vi9mivlnjzebchvyy8vi5b0jwz4sm","cargo_no_time","Business Analyst","2023"
"moem4twz2uv96xvemoem4tqsu68vrj4n","cargo_no_time","Engenharia de Dados","2023"
"moem4twz2uv96xvemoem4tqsu68vrj4n","cargo_no_time","Analista de Dados","2023"
"moem4twz2uv96xvemoem4tqsu68vrj4n","cargo_no_time","Cientista de Dados","2023"
"moem4twz2uv96xvemoem4tqsu68vrj4n","cargo_no_time","Business Analyst","2023"
"b4xprgzago69orspb4xpr1hwp8vnq0eg","cargo_no_time","Analytics Engineer","2023"
"b4xprgzago69orspb4xpr1hwp8vnq0eg","cargo_no_time","Engenharia de Dados","2023"
"b4xprgzago69orspb4xpr1hwp8vnq0eg","cargo_no_time","Business Analyst","2023"
"4evsljitb2mq869pggp4x4evsksxfdgf","cargo_no_time","Engenharia de Dados","2023"
"4evsljitb2mq869pggp4x4evsksxfdgf","cargo_no_time","Analista de Dados","2023"
"4evsljitb2mq869pggp4x4evsksxfdgf","cargo_no_time","Cientista de Dados","2023"
"4evsljitb2mq869pggp4x4evsksxfdgf","cargo_no_time","DBA","2023"
"4evsljitb2mq869pggp4x4evsksxfdgf","cargo_no_time","Analista de BI","2023"
"4evsljitb2mq869pggp4x4evsksxfdgf","cargo_no_time","Arquiteto de Dados","2023"
"4evsljitb2mq869pggp4x4evsksxfdgf","cargo_no_time","Business Analyst","2023"
"d3821qggbqrna8rlkd382v2py49824ub","cargo_no_time","Analista de Dados","2023"
"dqf538dvbh8z0ho683b0fkdqf538d9an","cargo_no_time","Analytics Engineer","2023"
"dqf538dvbh8z0ho683b0fkdqf538d9an","cargo_no_time","Engenharia de Dados","2023"
"dqf538dvbh8z0ho683b0fkdqf538d9an","cargo_no_time","Analista de Dados","2023"
"dqf538dvbh8z0ho683b0fkdqf538d9an","cargo_no_time","Cientista de Dados","2023"
"dqf538dvbh8z0ho683b0fkdqf538d9an","cargo_no_time","DBA","2023"
"dqf538dvbh8z0ho683b0fkdqf538d9an","cargo_no_time","Analista de BI","2023"
"dqf538dvbh8z0ho683b0fkdqf538d9an","cargo_no_time","Arquiteto de Dados","2023"
"dqf538dvbh8z0ho683b0fkdqf538d9an","cargo_no_time","Data Product Manager","2023"
"dqf538dvbh8z0ho683b0fkdqf538d9an","cargo_no_time","Business Analyst","2023"
"fpsme120yrw554syab2fpsme1xbwf8yp","cargo_no_time","Analytics Engineer","2023"
"fpsme120yrw554syab2fpsme1xbwf8yp","cargo_no_time","Engenharia de Dados","2023"
"fpsme120yrw554syab2fpsme1xbwf8yp","cargo_no_time","Analista de Dados","2023"
"fpsme120yrw554syab2fpsme1xbwf8yp","cargo_no_time","Cientista de Dados","2023"
"fpsme120yrw554syab2fpsme1xbwf8yp","cargo_no_time","Analista de BI","2023"
"fpsme120yrw554syab2fpsme1xbwf8yp","cargo_no_time","Arquiteto de Dados","2023"
"fpsme120yrw554syab2fpsme1xbwf8yp","cargo_no_time","Data Product Manager","2023"
"fpsme120yrw554syab2fpsme1xbwf8yp","cargo_no_time","Business Analyst","2023"
"r4fvgdq7gknyb1uxx8rr4fvgsvruqimt","cargo_no_time","Engenharia de Dados","2023"
"r4fvgdq7gknyb1uxx8rr4fvgsvruqimt","cargo_no_time","Analista de Dados","2023"
"r4fvgdq7gknyb1uxx8rr4fvgsvruqimt","cargo_no_time","Cientista de Dados","2023"
"r4fvgdq7gknyb1uxx8rr4fvgsvruqimt","cargo_no_time","Analista de BI","2023"
"u6to68a0f1dbqt8gdtju6to68abnj32d","cargo_no_time","Analista de Dados","2023"
"0rchsejnsxoklvzbq790rchsejne0bpi","cargo_no_time","Engenharia de Dados","2023"
"0rchsejnsxoklvzbq790rchsejne0bpi","cargo_no_time","Analista de Dados","2023"
"0rchsejnsxoklvzbq790rchsejne0bpi","cargo_no_time","Analista de BI","2023"
"uy9jm46ca1wd3u8qhkb6uuy9jm46ggnv","cargo_no_time","Analytics Engineer","2023"
"uy9jm46ca1wd3u8qhkb6uuy9jm46ggnv","cargo_no_time","Engenharia de Dados","2023"
"uy9jm46ca1wd3u8qhkb6uuy9jm46ggnv","cargo_no_time","Analista de Dados","2023"
"uy9jm46ca1wd3u8qhkb6uuy9jm46ggnv","cargo_no_time","Cientista de Dados","2023"
"uy9jm46ca1wd3u8qhkb6uuy9jm46ggnv","cargo_no_time","DBA","2023"
"uy9jm46ca1wd3u8qhkb6uuy9jm46ggnv","cargo_no_time","Analista de BI","2023"
"uy9jm46ca1wd3u8qhkb6uuy9jm46ggnv","cargo_no_time","Arquiteto de Dados","2023"
"uy9jm46ca1wd3u8qhkb6uuy9jm46ggnv","cargo_no_time","Data Product Manager","2023"
"uy9jm46ca1wd3u8qhkb6uuy9jm46ggnv","cargo_no_time","Business Analyst","2023"
"btk5l62911lyuv58btk5tr1uqcmq6b9s","cargo_no_time","Engenharia de Dados","2023"
"btk5l62911lyuv58btk5tr1uqcmq6b9s","cargo_no_time","Analista de Dados","2023"
"btk5l62911lyuv58btk5tr1uqcmq6b9s","cargo_no_time","Analista de BI","2023"
"bxqkzgfn8vhha16cobxqkzg7z7kzrzbw","cargo_no_time","Engenharia de Dados","2023"
"bxqkzgfn8vhha16cobxqkzg7z7kzrzbw","cargo_no_time","Cientista de Dados","2023"
"bxqkzgfn8vhha16cobxqkzg7z7kzrzbw","cargo_no_time","Data Product Manager","2023"
"bxqkzgfn8vhha16cobxqkzg7z7kzrzbw","cargo_no_time","Business Analyst","2023"
"wxsxfnruz7nzva956lprawxsxfnzdqx6","cargo_no_time","Engenharia de Dados","2023"
"wxsxfnruz7nzva956lprawxsxfnzdqx6","cargo_no_time","Analista de Dados","2023"
"wxsxfnruz7nzva956lprawxsxfnzdqx6","cargo_no_time","Cientista de Dados","2023"
"wxsxfnruz7nzva956lprawxsxfnzdqx6","cargo_no_time","Analista de BI","2023"
"wxsxfnruz7nzva956lprawxsxfnzdqx6","cargo_no_time","Arquiteto de Dados","2023"
"wxsxfnruz7nzva956lprawxsxfnzdqx6","cargo_no_time","Business Analyst","2023"
"v1axge88k2hsi8mrvrldm1t2v1axgejr","cargo_no_time","Analytics Engineer","2023"
"v1axge88k2hsi8mrvrldm1t2v1axgejr","cargo_no_time","Cientista de Dados","2023"
"v1axge88k2hsi8mrvrldm1t2v1axgejr","cargo_no_time","Business Analyst","2023"
"9e8lpk6anes2fxtr69reej8duu3gwjrc","cargo_no_time","Analytics Engineer","2023"
"9e8lpk6anes2fxtr69reej8duu3gwjrc","cargo_no_time","Analista de Dados","2023"
"9e8lpk6anes2fxtr69reej8duu3gwjrc","cargo_no_time","Cientista de Dados","2023"
"dg93s8uo77twfe7ct41zdg93s8wnn6of","cargo_no_time","Engenharia de Dados","2023"
"dg93s8uo77twfe7ct41zdg93s8wnn6of","cargo_no_time","Analista de Dados","2023"
"dg93s8uo77twfe7ct41zdg93s8wnn6of","cargo_no_time","Cientista de Dados","2023"
"mqotdfbilt50kx5ulmqotft04fdnl59c","cargo_no_time","Business Analyst","2023"
"g05mfh3dlgq9ekw13ep2jpyg05mfh3po","cargo_no_time","Analytics Engineer","2023"
"g05mfh3dlgq9ekw13ep2jpyg05mfh3po","cargo_no_time","Engenharia de Dados","2023"
"g05mfh3dlgq9ekw13ep2jpyg05mfh3po","cargo_no_time","Analista de Dados","2023"
"ilxpfevxpupckc97530ynilxpfevf0bx","cargo_no_time","Engenharia de Dados","2023"
"ilxpfevxpupckc97530ynilxpfevf0bx","cargo_no_time","Analista de Dados","2023"
"ilxpfevxpupckc97530ynilxpfevf0bx","cargo_no_time","Cientista de Dados","2023"
"ilxpfevxpupckc97530ynilxpfevf0bx","cargo_no_time","Analista de BI","2023"
"ilxpfevxpupckc97530ynilxpfevf0bx","cargo_no_time","Arquiteto de Dados","2023"
"aad4m5s9ns9fkldwysaad4m0b66qchtk","cargo_no_time","Engenharia de Dados","2023"
"aad4m5s9ns9fkldwysaad4m0b66qchtk","cargo_no_time","Analista de Dados","2023"
"aad4m5s9ns9fkldwysaad4m0b66qchtk","cargo_no_time","Analista de BI","2023"
"aad4m5s9ns9fkldwysaad4m0b66qchtk","cargo_no_time","Arquiteto de Dados","2023"
"sggkq1pxcgqsgi79fstrsr60xulsvpir","cargo_no_time","Analytics Engineer","2025"
"sggkq1pxcgqsgi79fstrsr60xulsvpir","cargo_no_time","Engenharia de Dados","2025"
"sggkq1pxcgqsgi79fstrsr60xulsvpir","cargo_no_time","Analista de Dados","2025"
"sggkq1pxcgqsgi79fstrsr60xulsvpir","cargo_no_time","Analista de BI","2025"
"6rlyaht7cu2iiwtod4wl6rlyahmvcseh","cargo_no_time","Analista de Dados","2025"
"6rlyaht7cu2iiwtod4wl6rlyahmvcseh","cargo_no_time","Analista de BI","2025"
"6rlyaht7cu2iiwtod4wl6rlyahmvcseh","cargo_no_time","Business Analyst","2025"
"5r7xb54c4hyucbu1ep9qd53h5r7xb5f6","cargo_no_time","Engenharia de Dados","2025"
"5r7xb54c4hyucbu1ep9qd53h5r7xb5f6","cargo_no_time","Analista de Dados","2025"
"5r7xb54c4hyucbu1ep9qd53h5r7xb5f6","cargo_no_time","Cientista de Dados","2025"
"5r7xb54c4hyucbu1ep9qd53h5r7xb5f6","cargo_no_time","DBA","2025"
"5r7xb54c4hyucbu1ep9qd53h5r7xb5f6","cargo_no_time","Analista de BI","2025"
"5r7xb54c4hyucbu1ep9qd53h5r7xb5f6","cargo_no_time","Arquiteto de Dados","2025"
"5r7xb54c4hyucbu1ep9qd53h5r7xb5f6","cargo_no_time","Data Product Manager","2025"
"5r7xb54c4hyucbu1ep9qd53h5r7xb5f6","cargo_no_time","Business Analyst","2025"
"5r7xb54c4hyucbu1ep9qd53h5r7xb5f6","cargo_no_time","ML/AI Engineer","2025"
"k2og4gf5db2d17lk2og4gf8yt244mp25","cargo_no_time","Engenharia de Dados","2025"
"k2og4gf5db2d17lk2og4gf8yt244mp25","cargo_no_time","Analista de Dados","2025"
"k2og4gf5db2d17lk2og4gf8yt244mp25","cargo_no_time","Cientista de Dados","2025"
"t6f4zwoqdrlob6dsje1t6f4zwoqalm7c","cargo_no_time","Engenharia de Dados","2025"
"t6f4zwoqdrlob6dsje1t6f4zwoqalm7c","cargo_no_time","Analista de Dados","2025"
"t6f4zwoqdrlob6dsje1t6f4zwoqalm7c","cargo_no_time","Cientista de Dados","2025"
"t6f4zwoqdrlob6dsje1t6f4zwoqalm7c","cargo_no_time","DBA","2025"
"t6f4zwoqdrlob6dsje1t6f4zwoqalm7c","cargo_no_time","ML/AI Engineer","2025"
"444momjmg2zj5yd0trb5ik7n444momjm","cargo_no_time","Engenharia de Dados","2025"
"444momjmg2zj5yd0trb5ik7n444momjm","cargo_no_time","Analista de Dados","2025"
"444momjmg2zj5yd0trb5ik7n444momjm","cargo_no_time","Cientista de Dados","2025"
"444momjmg2zj5yd0trb5ik7n444momjm","cargo_no_time","Business Analyst","2025"
"444momjmg2zj5yd0trb5ik7n444momjm","cargo_no_time","ML/AI Engineer","2025"
"74jwqdsquiw8mrzp74jwqdsjwkak8ojv","cargo_no_time","Engenharia de Dados","2025"
"74jwqdsquiw8mrzp74jwqdsjwkak8ojv","cargo_no_time","Analista de Dados","2025"
"74jwqdsquiw8mrzp74jwqdsjwkak8ojv","cargo_no_time","Cientista de Dados","2025"
"74jwqdsquiw8mrzp74jwqdsjwkak8ojv","cargo_no_time","Analista de BI","2025"
"74jwqdsquiw8mrzp74jwqdsjwkak8ojv","cargo_no_time","Arquiteto de Dados","2025"
"74jwqdsquiw8mrzp74jwqdsjwkak8ojv","cargo_no_time","Business Analyst","2025"
"towrfasexth0fbdttowrfa0u41s7b39l","cargo_no_time","Analytics Engineer","2025"
"towrfasexth0fbdttowrfa0u41s7b39l","cargo_no_time","Engenharia de Dados","2025"
"towrfasexth0fbdttowrfa0u41s7b39l","cargo_no_time","Analista de Dados","2025"
"towrfasexth0fbdttowrfa0u41s7b39l","cargo_no_time","Cientista de Dados","2025"
"towrfasexth0fbdttowrfa0u41s7b39l","cargo_no_time","DBA","2025"
"towrfasexth0fbdttowrfa0u41s7b39l","cargo_no_time","Analista de BI","2025"
"towrfasexth0fbdttowrfa0u41s7b39l","cargo_no_time","ML/AI Engineer","2025"
"1pobn1dl67el55olh1pobn8ij52l6nhy","cargo_no_time","Engenharia de Dados","2025"
"1pobn1dl67el55olh1pobn8ij52l6nhy","cargo_no_time","Analista de Dados","2025"
"1pobn1dl67el55olh1pobn8ij52l6nhy","cargo_no_time","Analista de BI","2025"
"1pobn1dl67el55olh1pobn8ij52l6nhy","cargo_no_time","Data Product Manager","2025"
"1pobn1dl67el55olh1pobn8ij52l6nhy","cargo_no_time","Business Analyst","2025"
"rh5hcwwd4aoqkfuzrh5hcwz4tgjplhqm","cargo_no_time","Business Analyst","2025"
"b3s0bzc3kvl99srmdvcfvsb3s0bzq3fh","cargo_no_time","Analytics Engineer","2025"
"b3s0bzc3kvl99srmdvcfvsb3s0bzq3fh","cargo_no_time","Engenharia de Dados","2025"
"b3s0bzc3kvl99srmdvcfvsb3s0bzq3fh","cargo_no_time","Analista de Dados","2025"
"b3s0bzc3kvl99srmdvcfvsb3s0bzq3fh","cargo_no_time","Cientista de Dados","2025"
"b3s0bzc3kvl99srmdvcfvsb3s0bzq3fh","cargo_no_time","Arquiteto de Dados","2025"
"b3s0bzc3kvl99srmdvcfvsb3s0bzq3fh","cargo_no_time","Data Product Manager","2025"
"b3s0bzc3kvl99srmdvcfvsb3s0bzq3fh","cargo_no_time","Business Analyst","2025"
"oc4ohrrmhx2mjf9cdoc4ohrrmr0sj3j4","cargo_no_time","Engenharia de Dados","2025"
"oc4ohrrmhx2mjf9cdoc4ohrrmr0sj3j4","cargo_no_time","Analista de Dados","2025"
"oc4ohrrmhx2mjf9cdoc4ohrrmr0sj3j4","cargo_no_time","Cientista de Dados","2025"
"oc4ohrrmhx2mjf9cdoc4ohrrmr0sj3j4","cargo_no_time","Analista de BI","2025"
"t7iitokniz4yfq0iqjeyt7iitatxnvgx","cargo_no_time","Engenharia de Dados","2025"
"t7iitokniz4yfq0iqjeyt7iitatxnvgx","cargo_no_time","Analista de Dados","2025"
"t7iitokniz4yfq0iqjeyt7iitatxnvgx","cargo_no_time","Cientista de Dados","2025"
"t7iitokniz4yfq0iqjeyt7iitatxnvgx","cargo_no_time","Arquiteto de Dados","2025"
"t7iitokniz4yfq0iqjeyt7iitatxnvgx","cargo_no_time","Business Analyst","2025"
"t7iitokniz4yfq0iqjeyt7iitatxnvgx","cargo_no_time","ML/AI Engineer","2025"
"cznsuatvcmnycznsu2aj8pe40d6t6uss","cargo_no_time","Engenharia de Dados","2025"
"cznsuatvcmnycznsu2aj8pe40d6t6uss","cargo_no_time","Analista de Dados","2025"
"cznsuatvcmnycznsu2aj8pe40d6t6uss","cargo_no_time","Cientista de Dados","2025"
"cznsuatvcmnycznsu2aj8pe40d6t6uss","cargo_no_time","Analista de BI","2025"
"p6phdh5rxf9ofrzevp6phdjhz2p4sdcc","cargo_no_time","Analytics Engineer","2025"
"p6phdh5rxf9ofrzevp6phdjhz2p4sdcc","cargo_no_time","Analista de Dados","2025"
"p6phdh5rxf9ofrzevp6phdjhz2p4sdcc","cargo_no_time","Cientista de Dados","2025"
"3ht56rypesysiopw39n3ht51g9hb33p4","cargo_no_time","Engenharia de Dados","2025"
"3ht56rypesysiopw39n3ht51g9hb33p4","cargo_no_time","Analista de Dados","2025"
"rkoy0deqpbw5d91grkoy0d0ml2te2lot","cargo_no_time","Cientista de Dados","2025"
"rkoy0deqpbw5d91grkoy0d0ml2te2lot","cargo_no_time","Business Analyst","2025"
"qmzey7fmx02e9r6wbk61qmzey7f9fuyz","cargo_no_time","Analista de Dados","2025"
"qmzey7fmx02e9r6wbk61qmzey7f9fuyz","cargo_no_time","Business Analyst","2025"
"ryilz9h4n0ytoufqryilz3zcx9djx39i","cargo_no_time","Engenharia de Dados","2025"
"ryilz9h4n0ytoufqryilz3zcx9djx39i","cargo_no_time","Analista de Dados","2025"
"ngxzqeqyncj3cr0enkbsngxzq30ukh7v","cargo_no_time","Engenharia de Dados","2025"
"ngxzqeqyncj3cr0enkbsngxzq30ukh7v","cargo_no_time","Analista de Dados","2025"
"ngxzqeqyncj3cr0enkbsngxzq30ukh7v","cargo_no_time","Cientista de Dados","2025"
"ngxzqeqyncj3cr0enkbsngxzq30ukh7v","cargo_no_time","Analista de BI","2025"
"ngxzqeqyncj3cr0enkbsngxzq30ukh7v","cargo_no_time","Business Analyst","2025"
"6wua28ezum0n7kojno6wua28exm5r989","cargo_no_time","Analytics Engineer","2025"
"6wua28ezum0n7kojno6wua28exm5r989","cargo_no_time","Engenharia de Dados","2025"
"6wua28ezum0n7kojno6wua28exm5r989","cargo_no_time","Analista de Dados","2025"
"6wua28ezum0n7kojno6wua28exm5r989","cargo_no_time","Analista de BI","2025"
"6wua28ezum0n7kojno6wua28exm5r989","cargo_no_time","Arquiteto de Dados","2025"
"c6ciitxmyqx0uy0c6cixyr7gcclnuyz0","cargo_no_time","Engenharia de Dados","2025"
"c6ciitxmyqx0uy0c6cixyr7gcclnuyz0","cargo_no_time","Analista de Dados","2025"
"c6ciitxmyqx0uy0c6cixyr7gcclnuyz0","cargo_no_time","Arquiteto de Dados","2025"
"u17mhslqhe6a9xu17mh6mbwaw2dp9ls6","cargo_no_time","Analista de Dados","2025"
"u17mhslqhe6a9xu17mh6mbwaw2dp9ls6","cargo_no_time","Analista de BI","2025"
"waox7ed6hw8y27a5waox7m62o9gomk6h","cargo_no_time","Engenharia de Dados","2025"
"zl77bdgd0ryalivs10asdzl77bd8p3l6","cargo_no_time","Analytics Engineer","2025"
"09uhyjbfhage0m1xjv0z209uhy2x46x4","cargo_no_time","Analista de Dados","2025"
"09uhyjbfhage0m1xjv0z209uhy2x46x4","cargo_no_time","Analista de BI","2025"
"09uhyjbfhage0m1xjv0z209uhy2x46x4","cargo_no_time","Business Analyst","2025"
"0txhojm7bzmwukip0txh64om5rwe0x9v","cargo_no_time","Analytics Engineer","2025"
"0txhojm7bzmwukip0txh64om5rwe0x9v","cargo_no_time","Engenharia de Dados","2025"
"0txhojm7bzmwukip0txh64om5rwe0x9v","cargo_no_time","Analista de Dados","2025"
"0txhojm7bzmwukip0txh64om5rwe0x9v","cargo_no_time","Data Product Manager","2025"
"0txhojm7bzmwukip0txh64om5rwe0x9v","cargo_no_time","Business Analyst","2025"
"8jkv04oimxii86k809c8jkv06r4bw0xg","cargo_no_time","Engenharia de Dados","2025"
"8jkv04oimxii86k809c8jkv06r4bw0xg","cargo_no_time","Analista de Dados","2025"
"8jkv04oimxii86k809c8jkv06r4bw0xg","cargo_no_time","Analista de BI","2025"
"8jkv04oimxii86k809c8jkv06r4bw0xg","cargo_no_time","Data Product Manager","2025"
"8jkv04oimxii86k809c8jkv06r4bw0xg","cargo_no_time","Business Analyst","2025"
"avklh8ygbx48avpgx7kbsnqp493iu354","cargo_no_time","Engenharia de Dados","2025"
"avklh8ygbx48avpgx7kbsnqp493iu354","cargo_no_time","Analista de Dados","2025"
"avklh8ygbx48avpgx7kbsnqp493iu354","cargo_no_time","Cientista de Dados","2025"
"8p4jkeanjyzkh7d8p4jw1hxr1snxbi1c","cargo_no_time","Analytics Engineer","2024"
"8p4jkeanjyzkh7d8p4jw1hxr1snxbi1c","cargo_no_time","Engenharia de Dados","2024"
"8p4jkeanjyzkh7d8p4jw1hxr1snxbi1c","cargo_no_time","Analista de Dados","2024"
"8p4jkeanjyzkh7d8p4jw1hxr1snxbi1c","cargo_no_time","Cientista de Dados","2024"
"8p4jkeanjyzkh7d8p4jw1hxr1snxbi1c","cargo_no_time","Data Product Manager","2024"
"8p4jkeanjyzkh7d8p4jw1hxr1snxbi1c","cargo_no_time","ML/AI Engineer","2024"
"hwg1rq7kgb1xazdl0hwg19fj370h920k","cargo_no_time","Analista de BI","2024"
"hwg1rq7kgb1xazdl0hwg19fj370h920k","cargo_no_time","Business Analyst","2024"
"fjtgfv7uro3ffz49fjtgfgcrvzelslnh","cargo_no_time","Analytics Engineer","2024"
"fjtgfv7uro3ffz49fjtgfgcrvzelslnh","cargo_no_time","Engenharia de Dados","2024"
"fjtgfv7uro3ffz49fjtgfgcrvzelslnh","cargo_no_time","Analista de Dados","2024"
"fjtgfv7uro3ffz49fjtgfgcrvzelslnh","cargo_no_time","Cientista de Dados","2024"
"fjtgfv7uro3ffz49fjtgfgcrvzelslnh","cargo_no_time","DBA","2024"
"fjtgfv7uro3ffz49fjtgfgcrvzelslnh","cargo_no_time","Arquiteto de Dados","2024"
"fjtgfv7uro3ffz49fjtgfgcrvzelslnh","cargo_no_time","Data Product Manager","2024"
"fjtgfv7uro3ffz49fjtgfgcrvzelslnh","cargo_no_time","ML/AI Engineer","2024"
"xyii4obc093xpmxyii4onk61uzo79058","cargo_no_time","Cientista de Dados","2024"
"xyii4obc093xpmxyii4onk61uzo79058","cargo_no_time","Business Analyst","2024"
"rpjadg503y5d3ubbuukmmrpjadgq8kjw","cargo_no_time","Analista de Dados","2024"
"rpjadg503y5d3ubbuukmmrpjadgq8kjw","cargo_no_time","Cientista de Dados","2024"
"rpjadg503y5d3ubbuukmmrpjadgq8kjw","cargo_no_time","Analista de BI","2024"
"0vhlgy7ri94laqxrnm50vhlgog3whzoa","cargo_no_time","Analytics Engineer","2024"
"0vhlgy7ri94laqxrnm50vhlgog3whzoa","cargo_no_time","Engenharia de Dados","2024"
"0vhlgy7ri94laqxrnm50vhlgog3whzoa","cargo_no_time","Analista de BI","2024"
"0vhlgy7ri94laqxrnm50vhlgog3whzoa","cargo_no_time","Data Product Manager","2024"
"0vhlgy7ri94laqxrnm50vhlgog3whzoa","cargo_no_time","Business Analyst","2024"
"0vhlgy7ri94laqxrnm50vhlgog3whzoa","cargo_no_time","ML/AI Engineer","2024"
"xxr02iu850orp9s1xxr0mgnuyzbpclez","cargo_no_time","Analista de Dados","2024"
"xxr02iu850orp9s1xxr0mgnuyzbpclez","cargo_no_time","Analista de BI","2024"
"65kaz3l2ienhfxt0t37f65kazykc7xuq","cargo_no_time","Analytics Engineer","2024"
"65kaz3l2ienhfxt0t37f65kazykc7xuq","cargo_no_time","Engenharia de Dados","2024"
"65kaz3l2ienhfxt0t37f65kazykc7xuq","cargo_no_time","Cientista de Dados","2024"
"65kaz3l2ienhfxt0t37f65kazykc7xuq","cargo_no_time","Analista de BI","2024"
"65kaz3l2ienhfxt0t37f65kazykc7xuq","cargo_no_time","Business Analyst","2024"
"65kaz3l2ienhfxt0t37f65kazykc7xuq","cargo_no_time","ML/AI Engineer","2024"
"66ceqku15zo6o4rzdw66ceqkdndhyqy9","cargo_no_time","Engenharia de Dados","2024"
"66ceqku15zo6o4rzdw66ceqkdndhyqy9","cargo_no_time","Analista de Dados","2024"
"66ceqku15zo6o4rzdw66ceqkdndhyqy9","cargo_no_time","Analista de BI","2024"
"66ceqku15zo6o4rzdw66ceqkdndhyqy9","cargo_no_time","Arquiteto de Dados","2024"
"66ceqku15zo6o4rzdw66ceqkdndhyqy9","cargo_no_time","Data Product Manager","2024"
"66ceqku15zo6o4rzdw66ceqkdndhyqy9","cargo_no_time","Business Analyst","2024"
"ogrllrbsgyje2ogekj9y14y3v6dipau8","cargo_no_time","Analytics Engineer","2024"
"ogrllrbsgyje2ogekj9y14y3v6dipau8","cargo_no_time","Engenharia de Dados","2024"
"ogrllrbsgyje2ogekj9y14y3v6dipau8","cargo_no_time","Analista de Dados","2024"
"ogrllrbsgyje2ogekj9y14y3v6dipau8","cargo_no_time","Cientista de Dados","2024"
"ogrllrbsgyje2ogekj9y14y3v6dipau8","cargo_no_time","Arquiteto de Dados","2024"
"ogrllrbsgyje2ogekj9y14y3v6dipau8","cargo_no_time","Data Product Manager","2024"
"ogrllrbsgyje2ogekj9y14y3v6dipau8","cargo_no_time","ML/AI Engineer","2024"
"5p3bwzroa1f7r7mm6f8e5p3bwzro8abn","cargo_no_time","Business Analyst","2024"
"ft0mxurmkosolkyzae3ft0mxuryjf1iw","cargo_no_time","Engenharia de Dados","2024"
"ft0mxurmkosolkyzae3ft0mxuryjf1iw","cargo_no_time","Cientista de Dados","2024"
"pwtc0tb91wfqq7spwtc0at9s4zc3px78","cargo_no_time","Engenharia de Dados","2024"
"pwtc0tb91wfqq7spwtc0at9s4zc3px78","cargo_no_time","Analista de Dados","2024"
"pwtc0tb91wfqq7spwtc0at9s4zc3px78","cargo_no_time","Cientista de Dados","2024"
"pwtc0tb91wfqq7spwtc0at9s4zc3px78","cargo_no_time","DBA","2024"
"pwtc0tb91wfqq7spwtc0at9s4zc3px78","cargo_no_time","Analista de BI","2024"
"4cjsvhnulwx4cjsv1odv4p0u5a922vy8","cargo_no_time","Analytics Engineer","2024"
"4cjsvhnulwx4cjsv1odv4p0u5a922vy8","cargo_no_time","Engenharia de Dados","2024"
"4cjsvhnulwx4cjsv1odv4p0u5a922vy8","cargo_no_time","Analista de Dados","2024"
"4cjsvhnulwx4cjsv1odv4p0u5a922vy8","cargo_no_time","Arquiteto de Dados","2024"
"4cjsvhnulwx4cjsv1odv4p0u5a922vy8","cargo_no_time","Data Product Manager","2024"
"4cjsvhnulwx4cjsv1odv4p0u5a922vy8","cargo_no_time","Business Analyst","2024"
"5jjvy3bcnext1qls2of7if5jjvy3buf3","cargo_no_time","Engenharia de Dados","2024"
"5jjvy3bcnext1qls2of7if5jjvy3buf3","cargo_no_time","Analista de BI","2024"
"lmfkxb8n4uq2le5hs9ucp0wbjqe5h57p","cargo_no_time","Engenharia de Dados","2024"
"lmfkxb8n4uq2le5hs9ucp0wbjqe5h57p","cargo_no_time","Analista de Dados","2024"
"lmfkxb8n4uq2le5hs9ucp0wbjqe5h57p","cargo_no_time","Analista de BI","2024"
"lmfkxb8n4uq2le5hs9ucp0wbjqe5h57p","cargo_no_time","Data Product Manager","2024"
"lmfkxb8n4uq2le5hs9ucp0wbjqe5h57p","cargo_no_time","Business Analyst","2024"
"ccdjw6g0byx604cc7elr4q1dolivyo1j","cargo_no_time","Engenharia de Dados","2024"
"ccdjw6g0byx604cc7elr4q1dolivyo1j","cargo_no_time","Analista de Dados","2024"
"ccdjw6g0byx604cc7elr4q1dolivyo1j","cargo_no_time","Cientista de Dados","2024"
"ccdjw6g0byx604cc7elr4q1dolivyo1j","cargo_no_time","ML/AI Engineer","2024"
"iq67n1i7t8vinhmwm6iiq67nzpar8fmz","cargo_no_time","Analytics Engineer","2024"
"iq67n1i7t8vinhmwm6iiq67nzpar8fmz","cargo_no_time","Engenharia de Dados","2024"
"iq67n1i7t8vinhmwm6iiq67nzpar8fmz","cargo_no_time","Analista de Dados","2024"
"iq67n1i7t8vinhmwm6iiq67nzpar8fmz","cargo_no_time","Cientista de Dados","2024"
"iq67n1i7t8vinhmwm6iiq67nzpar8fmz","cargo_no_time","DBA","2024"
"iq67n1i7t8vinhmwm6iiq67nzpar8fmz","cargo_no_time","Analista de BI","2024"
"iq67n1i7t8vinhmwm6iiq67nzpar8fmz","cargo_no_time","Arquiteto de Dados","2024"
"iq67n1i7t8vinhmwm6iiq67nzpar8fmz","cargo_no_time","Data Product Manager","2024"
"iq67n1i7t8vinhmwm6iiq67nzpar8fmz","cargo_no_time","Business Analyst","2024"
"iq67n1i7t8vinhmwm6iiq67nzpar8fmz","cargo_no_time","ML/AI Engineer","2024"
"bvqfuackfnkw820b2gzp5bvqfuatu9ur","cargo_no_time","Engenharia de Dados","2024"
"bvqfuackfnkw820b2gzp5bvqfuatu9ur","cargo_no_time","Analista de Dados","2024"
"bvqfuackfnkw820b2gzp5bvqfuatu9ur","cargo_no_time","DBA","2024"
"bvqfuackfnkw820b2gzp5bvqfuatu9ur","cargo_no_time","Arquiteto de Dados","2024"
"vi04t72sl76i782ku7avqvi04t72ubpo","cargo_no_time","Analista de BI","2024"
"0wgllqnx0j6hzs3invz0wgllqnkqtam3","cargo_no_time","Analista de Dados","2024"
"0wgllqnx0j6hzs3invz0wgllqnkqtam3","cargo_no_time","Cientista de Dados","2024"
"h3q1ovwf8wxbw9h3q1o8ad4m5skp7ohw","cargo_no_time","Engenharia de Dados","2024"
"h3q1ovwf8wxbw9h3q1o8ad4m5skp7ohw","cargo_no_time","Analista de Dados","2024"
"h3q1ovwf8wxbw9h3q1o8ad4m5skp7ohw","cargo_no_time","Cientista de Dados","2024"
"h3q1ovwf8wxbw9h3q1o8ad4m5skp7ohw","cargo_no_time","DBA","2024"
"h3q1ovwf8wxbw9h3q1o8ad4m5skp7ohw","cargo_no_time","Analista de BI","2024"
"h3q1ovwf8wxbw9h3q1o8ad4m5skp7ohw","cargo_no_time","Arquiteto de Dados","2024"
"h3q1ovwf8wxbw9h3q1o8ad4m5skp7ohw","cargo_no_time","Business Analyst","2024"
"h3q1ovwf8wxbw9h3q1o8ad4m5skp7ohw","cargo_no_time","ML/AI Engineer","2024"
"7rdrwvllk1f20cst5637rdr1n8d92mit","cargo_no_time","Analytics Engineer","2024"
"7rdrwvllk1f20cst5637rdr1n8d92mit","cargo_no_time","Engenharia de Dados","2024"
"7rdrwvllk1f20cst5637rdr1n8d92mit","cargo_no_time","Analista de Dados","2024"
"7rdrwvllk1f20cst5637rdr1n8d92mit","cargo_no_time","Cientista de Dados","2024"
"7rdrwvllk1f20cst5637rdr1n8d92mit","cargo_no_time","DBA","2024"
"7rdrwvllk1f20cst5637rdr1n8d92mit","cargo_no_time","Analista de BI","2024"
"7rdrwvllk1f20cst5637rdr1n8d92mit","cargo_no_time","Arquiteto de Dados","2024"
"7rdrwvllk1f20cst5637rdr1n8d92mit","cargo_no_time","Data Product Manager","2024"
"7rdrwvllk1f20cst5637rdr1n8d92mit","cargo_no_time","Business Analyst","2024"
"7rdrwvllk1f20cst5637rdr1n8d92mit","cargo_no_time","ML/AI Engineer","2024"
"miyx6dp3vjtbmr5mo9bqlmiyx6dpdckk","cargo_no_time","Engenharia de Dados","2024"
"miyx6dp3vjtbmr5mo9bqlmiyx6dpdckk","cargo_no_time","Analista de Dados","2024"
"miyx6dp3vjtbmr5mo9bqlmiyx6dpdckk","cargo_no_time","Cientista de Dados","2024"
"miyx6dp3vjtbmr5mo9bqlmiyx6dpdckk","cargo_no_time","DBA","2024"
"miyx6dp3vjtbmr5mo9bqlmiyx6dpdckk","cargo_no_time","Analista de BI","2024"
"miyx6dp3vjtbmr5mo9bqlmiyx6dpdckk","cargo_no_time","Arquiteto de Dados","2024"
"miyx6dp3vjtbmr5mo9bqlmiyx6dpdckk","cargo_no_time","Data Product Manager","2024"
"miyx6dp3vjtbmr5mo9bqlmiyx6dpdckk","cargo_no_time","Business Analyst","2024"
"miyx6dp3vjtbmr5mo9bqlmiyx6dpdckk","cargo_no_time","ML/AI Engineer","2024"
"r0g7lbmpizg8akler0g7lbbwh46qnha6","cargo_no_time","DBA","2024"
"r0g7lbmpizg8akler0g7lbbwh46qnha6","cargo_no_time","Arquiteto de Dados","2024"
"r0g7lbmpizg8akler0g7lbbwh46qnha6","cargo_no_time","Business Analyst","2024"
"r0g7lbmpizg8akler0g7lbbwh46qnha6","cargo_no_time","ML/AI Engineer","2024"
"o65e41nmn5euekkco65e41shqy51pubq","cargo_no_time","Engenharia de Dados","2024"
"o65e41nmn5euekkco65e41shqy51pubq","cargo_no_time","Analista de Dados","2024"
"73hp9lthilpoh2yiwmwgnt5m73hp9gkf","cargo_no_time","Analista de Dados","2024"
"73hp9lthilpoh2yiwmwgnt5m73hp9gkf","cargo_no_time","Cientista de Dados","2024"
"73hp9lthilpoh2yiwmwgnt5m73hp9gkf","cargo_no_time","Analista de BI","2024"
"73hp9lthilpoh2yiwmwgnt5m73hp9gkf","cargo_no_time","Arquiteto de Dados","2024"
"h8s17wqzdz3ft1cfpvxh8s17wpzqtqlm","cargo_no_time","Analytics Engineer","2024"
"h8s17wqzdz3ft1cfpvxh8s17wpzqtqlm","cargo_no_time","Engenharia de Dados","2024"
"h8s17wqzdz3ft1cfpvxh8s17wpzqtqlm","cargo_no_time","Cientista de Dados","2024"
"23bf1eroneg3w4i5drh23bf9v5w8xuzj","cargo_no_time","Analista de Dados","2024"
"23bf1eroneg3w4i5drh23bf9v5w8xuzj","cargo_no_time","Cientista de Dados","2024"
"23bf1eroneg3w4i5drh23bf9v5w8xuzj","cargo_no_time","Analista de BI","2024"
"23bf1eroneg3w4i5drh23bf9v5w8xuzj","cargo_no_time","ML/AI Engineer","2024"
"2o8uwz5mpivn52q12o8uodjn1c8p04es","cargo_no_time","Analytics Engineer","2024"
"2o8uwz5mpivn52q12o8uodjn1c8p04es","cargo_no_time","Engenharia de Dados","2024"
"2o8uwz5mpivn52q12o8uodjn1c8p04es","cargo_no_time","Analista de Dados","2024"
"2o8uwz5mpivn52q12o8uodjn1c8p04es","cargo_no_time","Cientista de Dados","2024"
"2o8uwz5mpivn52q12o8uodjn1c8p04es","cargo_no_time","Data Product Manager","2024"
"2o8uwz5mpivn52q12o8uodjn1c8p04es","cargo_no_time","ML/AI Engineer","2024"
"0pl3oqy7erlmzi0pl38ksfzhu28etwu8","cargo_no_time","Analista de Dados","2024"
"0pl3oqy7erlmzi0pl38ksfzhu28etwu8","cargo_no_time","Analista de BI","2024"
"h3s7w3644wq6ei8h3s7wc36g0a9nj90e","cargo_no_time","Engenharia de Dados","2024"
"h3s7w3644wq6ei8h3s7wc36g0a9nj90e","cargo_no_time","Analista de Dados","2024"
"h3s7w3644wq6ei8h3s7wc36g0a9nj90e","cargo_no_time","Cientista de Dados","2024"
"h3s7w3644wq6ei8h3s7wc36g0a9nj90e","cargo_no_time","Analista de BI","2024"
"7raqxz3e18hygyr7raqfbwbuotmcs4cx","cargo_no_time","Analytics Engineer","2024"
"7raqxz3e18hygyr7raqfbwbuotmcs4cx","cargo_no_time","Engenharia de Dados","2024"
"7raqxz3e18hygyr7raqfbwbuotmcs4cx","cargo_no_time","Analista de Dados","2024"
"7raqxz3e18hygyr7raqfbwbuotmcs4cx","cargo_no_time","Cientista de Dados","2024"
"7raqxz3e18hygyr7raqfbwbuotmcs4cx","cargo_no_time","Analista de BI","2024"
"7raqxz3e18hygyr7raqfbwbuotmcs4cx","cargo_no_time","Arquiteto de Dados","2024"
"7raqxz3e18hygyr7raqfbwbuotmcs4cx","cargo_no_time","Data Product Manager","2024"
"7raqxz3e18hygyr7raqfbwbuotmcs4cx","cargo_no_time","ML/AI Engineer","2024"
"lpbtdxkeq9hm60fjrwhmlpb70sx5n2k0","cargo_no_time","Engenharia de Dados","2024"
"lpbtdxkeq9hm60fjrwhmlpb70sx5n2k0","cargo_no_time","Cientista de Dados","2024"
"lpbtdxkeq9hm60fjrwhmlpb70sx5n2k0","cargo_no_time","DBA","2024"
"lpbtdxkeq9hm60fjrwhmlpb70sx5n2k0","cargo_no_time","Business Analyst","2024"
"2ck89mkbxlxnta2c514v26grm731ag8g","cargo_no_time","Analytics Engineer","2024"
"2ck89mkbxlxnta2c514v26grm731ag8g","cargo_no_time","Engenharia de Dados","2024"
"2ck89mkbxlxnta2c514v26grm731ag8g","cargo_no_time","Data Product Manager","2024"
"2ck89mkbxlxnta2c514v26grm731ag8g","cargo_no_time","ML/AI Engineer","2024"
"tnomxnksanqtll0hxgtno5smxhuit93w","cargo_no_time","Analytics Engineer","2024"
"tnomxnksanqtll0hxgtno5smxhuit93w","cargo_no_time","Engenharia de Dados","2024"
"tnomxnksanqtll0hxgtno5smxhuit93w","cargo_no_time","Analista de Dados","2024"
"tnomxnksanqtll0hxgtno5smxhuit93w","cargo_no_time","Cientista de Dados","2024"
"tnomxnksanqtll0hxgtno5smxhuit93w","cargo_no_time","DBA","2024"
"tnomxnksanqtll0hxgtno5smxhuit93w","cargo_no_time","Analista de BI","2024"
"tnomxnksanqtll0hxgtno5smxhuit93w","cargo_no_time","Arquiteto de Dados","2024"
"tnomxnksanqtll0hxgtno5smxhuit93w","cargo_no_time","Data Product Manager","2024"
"tnomxnksanqtll0hxgtno5smxhuit93w","cargo_no_time","Business Analyst","2024"
"tnomxnksanqtll0hxgtno5smxhuit93w","cargo_no_time","ML/AI Engineer","2024"
"y95dggfkry5a19j9kxfy4y95dggfk8rm","cargo_no_time","Analytics Engineer","2024"
"y95dggfkry5a19j9kxfy4y95dggfk8rm","cargo_no_time","Analista de Dados","2024"
"y95dggfkry5a19j9kxfy4y95dggfk8rm","cargo_no_time","DBA","2024"
"y95dggfkry5a19j9kxfy4y95dggfk8rm","cargo_no_time","Analista de BI","2024"
"y95dggfkry5a19j9kxfy4y95dggfk8rm","cargo_no_time","Data Product Manager","2024"
"y95dggfkry5a19j9kxfy4y95dggfk8rm","cargo_no_time","Business Analyst","2024"
"f3asko6482p06pkof3ascc7efs8zkjwj","cargo_no_time","Engenharia de Dados","2024"
"e5849vjm9wk8261oqe584ugky8kbibqe","cargo_no_time","Engenharia de Dados","2024"
"e5849vjm9wk8261oqe584ugky8kbibqe","cargo_no_time","Cientista de Dados","2024"
"e5849vjm9wk8261oqe584ugky8kbibqe","cargo_no_time","Analista de BI","2024"
"zs81dtuspmftvgisju7e81zs81dtz5w4","cargo_no_time","Analytics Engineer","2024"
"zs81dtuspmftvgisju7e81zs81dtz5w4","cargo_no_time","Engenharia de Dados","2024"
"zs81dtuspmftvgisju7e81zs81dtz5w4","cargo_no_time","Analista de Dados","2024"
"zs81dtuspmftvgisju7e81zs81dtz5w4","cargo_no_time","Cientista de Dados","2024"
"zs81dtuspmftvgisju7e81zs81dtz5w4","cargo_no_time","ML/AI Engineer","2024"
"56d598fsna50ibcfjc56d598fxhdz720","cargo_no_time","Analytics Engineer","2024"
"56d598fsna50ibcfjc56d598fxhdz720","cargo_no_time","Cientista de Dados","2024"
"56d598fsna50ibcfjc56d598fxhdz720","cargo_no_time","Business Analyst","2024"
"56d598fsna50ibcfjc56d598fxhdz720","cargo_no_time","ML/AI Engineer","2024"
"9yx2js22xr09ok4ftilx39yx2js22mnq","cargo_no_time","Analytics Engineer","2024"
"9yx2js22xr09ok4ftilx39yx2js22mnq","cargo_no_time","Cientista de Dados","2024"
"9yx2js22xr09ok4ftilx39yx2js22mnq","cargo_no_time","Business Analyst","2024"
"9yx2js22xr09ok4ftilx39yx2js22mnq","cargo_no_time","ML/AI Engineer","2024"
"rfe6qz43ccz44p5pd7yrfe6q3537rzoe","cargo_no_time","Analytics Engineer","2024"
"rfe6qz43ccz44p5pd7yrfe6q3537rzoe","cargo_no_time","Engenharia de Dados","2024"
"rfe6qz43ccz44p5pd7yrfe6q3537rzoe","cargo_no_time","Analista de Dados","2024"
"rfe6qz43ccz44p5pd7yrfe6q3537rzoe","cargo_no_time","Cientista de Dados","2024"
"rfe6qz43ccz44p5pd7yrfe6q3537rzoe","cargo_no_time","Arquiteto de Dados","2024"
"rfe6qz43ccz44p5pd7yrfe6q3537rzoe","cargo_no_time","ML/AI Engineer","2024"
"7pg7zr76th50pcm1rs7pg7ze03wvg3hv","cargo_no_time","Analytics Engineer","2024"
"7pg7zr76th50pcm1rs7pg7ze03wvg3hv","cargo_no_time","Engenharia de Dados","2024"
"7pg7zr76th50pcm1rs7pg7ze03wvg3hv","cargo_no_time","Analista de Dados","2024"
"7pg7zr76th50pcm1rs7pg7ze03wvg3hv","cargo_no_time","Cientista de Dados","2024"
"7pg7zr76th50pcm1rs7pg7ze03wvg3hv","cargo_no_time","DBA","2024"
"7pg7zr76th50pcm1rs7pg7ze03wvg3hv","cargo_no_time","Analista de BI","2024"
"7pg7zr76th50pcm1rs7pg7ze03wvg3hv","cargo_no_time","Arquiteto de Dados","2024"
"7pg7zr76th50pcm1rs7pg7ze03wvg3hv","cargo_no_time","Business Analyst","2024"
"7pg7zr76th50pcm1rs7pg7ze03wvg3hv","cargo_no_time","ML/AI Engineer","2024"
"70c118pngpsmwj9cif14970c118oomoe","cargo_no_time","Engenharia de Dados","2024"
"70c118pngpsmwj9cif14970c118oomoe","cargo_no_time","Cientista de Dados","2024"
"70c118pngpsmwj9cif14970c118oomoe","cargo_no_time","Analista de BI","2024"
"45s93fa3sh2mttfifuh45s9ypzve92e5","cargo_no_time","Engenharia de Dados","2024"
"45s93fa3sh2mttfifuh45s9ypzve92e5","cargo_no_time","Cientista de Dados","2024"
"45s93fa3sh2mttfifuh45s9ypzve92e5","cargo_no_time","Business Analyst","2024"
"ysbudzz21b8eis0hjp5ysbudz7brr2id","cargo_no_time","Engenharia de Dados","2024"
"ysbudzz21b8eis0hjp5ysbudz7brr2id","cargo_no_time","Analista de Dados","2024"
"vax22ivi5tgskkptfvax22gsj9llafi8","cargo_no_time","Analista de BI","2024"
"pfxpjtwpxp86k8mdxopfxpft9yvou401","cargo_no_time","Analista de Dados","2024"
"pfxpjtwpxp86k8mdxopfxpft9yvou401","cargo_no_time","Cientista de Dados","2024"
"pfxpjtwpxp86k8mdxopfxpft9yvou401","cargo_no_time","Analista de BI","2024"
"pfxpjtwpxp86k8mdxopfxpft9yvou401","cargo_no_time","Business Analyst","2024"
"zgpsh1wnefrjau7o6j8zgpsh2s7idj0f","cargo_no_time","Engenharia de Dados","2024"
"zgpsh1wnefrjau7o6j8zgpsh2s7idj0f","cargo_no_time","Analista de Dados","2024"
"zgpsh1wnefrjau7o6j8zgpsh2s7idj0f","cargo_no_time","Cientista de Dados","2024"
"zgpsh1wnefrjau7o6j8zgpsh2s7idj0f","cargo_no_time","Analista de BI","2024"
"zgpsh1wnefrjau7o6j8zgpsh2s7idj0f","cargo_no_time","Arquiteto de Dados","2024"
"tekai0vwj7vfm99fk5tekai0j1j72169","cargo_no_time","Engenharia de Dados","2024"
"tekai0vwj7vfm99fk5tekai0j1j72169","cargo_no_time","Cientista de Dados","2024"
"tekai0vwj7vfm99fk5tekai0j1j72169","cargo_no_time","Data Product Manager","2024"
"tekai0vwj7vfm99fk5tekai0j1j72169","cargo_no_time","Business Analyst","2024"
"tekai0vwj7vfm99fk5tekai0j1j72169","cargo_no_time","ML/AI Engineer","2024"
"vazd1pabdb9qu1khxoezxvazd1hsoqhl","cargo_no_time","Engenharia de Dados","2024"
"vazd1pabdb9qu1khxoezxvazd1hsoqhl","cargo_no_time","Analista de BI","2024"
"vazd1pabdb9qu1khxoezxvazd1hsoqhl","cargo_no_time","Arquiteto de Dados","2024"
"0avqb0pfasu79utp0avrppihhnnx3em5","cargo_no_time","Engenharia de Dados","2024"
"0avqb0pfasu79utp0avrppihhnnx3em5","cargo_no_time","Analista de BI","2024"
"83mc80ab32ntxtnew83mc80efe2a19jv","cargo_no_time","Analista de Dados","2024"
"83mc80ab32ntxtnew83mc80efe2a19jv","cargo_no_time","Cientista de Dados","2024"
"fucy63aido3j25udl9489fucy63avokx","cargo_no_time","Engenharia de Dados","2024"
"fucy63aido3j25udl9489fucy63avokx","cargo_no_time","Analista de Dados","2024"
"fucy63aido3j25udl9489fucy63avokx","cargo_no_time","Cientista de Dados","2024"
"fucy63aido3j25udl9489fucy63avokx","cargo_no_time","Analista de BI","2024"
"fucy63aido3j25udl9489fucy63avokx","cargo_no_time","Arquiteto de Dados","2024"
"fucy63aido3j25udl9489fucy63avokx","cargo_no_time","Data Product Manager","2024"
"fucy63aido3j25udl9489fucy63avokx","cargo_no_time","Business Analyst","2024"
"fucy63aido3j25udl9489fucy63avokx","cargo_no_time","ML/AI Engineer","2024"
"opk0k3xo9e52npopkiiczpbolrfxe7ih","cargo_no_time","Analytics Engineer","2024"
"opk0k3xo9e52npopkiiczpbolrfxe7ih","cargo_no_time","Analista de Dados","2024"
"opk0k3xo9e52npopkiiczpbolrfxe7ih","cargo_no_time","Arquiteto de Dados","2024"
"opk0k3xo9e52npopkiiczpbolrfxe7ih","cargo_no_time","Business Analyst","2024"
"dbshb6anid7ja18bdbshb6anyjjo28yz","cargo_no_time","Engenharia de Dados","2024"
"dbshb6anid7ja18bdbshb6anyjjo28yz","cargo_no_time","Analista de Dados","2024"
"dbshb6anid7ja18bdbshb6anyjjo28yz","cargo_no_time","Cientista de Dados","2024"
"dbshb6anid7ja18bdbshb6anyjjo28yz","cargo_no_time","Arquiteto de Dados","2024"
"dbshb6anid7ja18bdbshb6anyjjo28yz","cargo_no_time","ML/AI Engineer","2024"
"3qiw0fgge0df0j7x3qiw41zdcz8hu8sc","cargo_no_time","Engenharia de Dados","2024"
"3qiw0fgge0df0j7x3qiw41zdcz8hu8sc","cargo_no_time","Analista de Dados","2024"
"3qiw0fgge0df0j7x3qiw41zdcz8hu8sc","cargo_no_time","Cientista de Dados","2024"
"3qiw0fgge0df0j7x3qiw41zdcz8hu8sc","cargo_no_time","DBA","2024"
"3qiw0fgge0df0j7x3qiw41zdcz8hu8sc","cargo_no_time","Arquiteto de Dados","2024"
"3qiw0fgge0df0j7x3qiw41zdcz8hu8sc","cargo_no_time","Data Product Manager","2024"
"3qiw0fgge0df0j7x3qiw41zdcz8hu8sc","cargo_no_time","Business Analyst","2024"
"3qiw0fgge0df0j7x3qiw41zdcz8hu8sc","cargo_no_time","ML/AI Engineer","2024"
"zrlklmweotog0ectfzrlkpxwm3kle2v7","cargo_no_time","Engenharia de Dados","2024"
"zrlklmweotog0ectfzrlkpxwm3kle2v7","cargo_no_time","Analista de Dados","2024"
"zrlklmweotog0ectfzrlkpxwm3kle2v7","cargo_no_time","Analista de BI","2024"
"zrlklmweotog0ectfzrlkpxwm3kle2v7","cargo_no_time","Arquiteto de Dados","2024"
"gp13ifcxgmyuqjx6er42xgp13ij66qcu","cargo_no_time","Analytics Engineer","2024"
"gp13ifcxgmyuqjx6er42xgp13ij66qcu","cargo_no_time","Engenharia de Dados","2024"
"gp13ifcxgmyuqjx6er42xgp13ij66qcu","cargo_no_time","Analista de Dados","2024"
"gp13ifcxgmyuqjx6er42xgp13ij66qcu","cargo_no_time","Cientista de Dados","2024"
"gp13ifcxgmyuqjx6er42xgp13ij66qcu","cargo_no_time","DBA","2024"
"gp13ifcxgmyuqjx6er42xgp13ij66qcu","cargo_no_time","Analista de BI","2024"
"gp13ifcxgmyuqjx6er42xgp13ij66qcu","cargo_no_time","Arquiteto de Dados","2024"
"gp13ifcxgmyuqjx6er42xgp13ij66qcu","cargo_no_time","Data Product Manager","2024"
"gp13ifcxgmyuqjx6er42xgp13ij66qcu","cargo_no_time","Business Analyst","2024"
"gp13ifcxgmyuqjx6er42xgp13ij66qcu","cargo_no_time","ML/AI Engineer","2024"
"h9m17uni9mspwbuz6y7h9m1uhyq90kl1","cargo_no_time","Engenharia de Dados","2024"
"h9m17uni9mspwbuz6y7h9m1uhyq90kl1","cargo_no_time","Analista de Dados","2024"
"h9m17uni9mspwbuz6y7h9m1uhyq90kl1","cargo_no_time","Cientista de Dados","2024"
"h9m17uni9mspwbuz6y7h9m1uhyq90kl1","cargo_no_time","DBA","2024"
"h9m17uni9mspwbuz6y7h9m1uhyq90kl1","cargo_no_time","Analista de BI","2024"
"h9m17uni9mspwbuz6y7h9m1uhyq90kl1","cargo_no_time","Arquiteto de Dados","2024"
"h9m17uni9mspwbuz6y7h9m1uhyq90kl1","cargo_no_time","Business Analyst","2024"
"7rgck273ffp3lpuep7rgcbrm5evkypyr","cargo_no_time","Engenharia de Dados","2024"
"7rgck273ffp3lpuep7rgcbrm5evkypyr","cargo_no_time","Analista de Dados","2024"
"7rgck273ffp3lpuep7rgcbrm5evkypyr","cargo_no_time","Cientista de Dados","2024"
"7rgck273ffp3lpuep7rgcbrm5evkypyr","cargo_no_time","Analista de BI","2024"
"7rgck273ffp3lpuep7rgcbrm5evkypyr","cargo_no_time","Arquiteto de Dados","2024"
"4gukvcz9p0uj9r234di4guk5csqkfcdo","cargo_no_time","Engenharia de Dados","2024"
"4gukvcz9p0uj9r234di4guk5csqkfcdo","cargo_no_time","Analista de Dados","2024"
"4gukvcz9p0uj9r234di4guk5csqkfcdo","cargo_no_time","Cientista de Dados","2024"
"4gukvcz9p0uj9r234di4guk5csqkfcdo","cargo_no_time","Arquiteto de Dados","2024"
"4gukvcz9p0uj9r234di4guk5csqkfcdo","cargo_no_time","ML/AI Engineer","2024"
"hk6cdxe19vhwcinitnthk6cdx3musplm","cargo_no_time","Engenharia de Dados","2025"
"hk6cdxe19vhwcinitnthk6cdx3musplm","cargo_no_time","Analista de Dados","2025"
"hk6cdxe19vhwcinitnthk6cdx3musplm","cargo_no_time","Cientista de Dados","2025"
"hk6cdxe19vhwcinitnthk6cdx3musplm","cargo_no_time","Analista de BI","2025"
"hk6cdxe19vhwcinitnthk6cdx3musplm","cargo_no_time","Business Analyst","2025"
"w3x6by8sm99bc2hmssxw3x6bya0yovc4","cargo_no_time","Analista de Dados","2025"
"w3x6by8sm99bc2hmssxw3x6bya0yovc4","cargo_no_time","Cientista de Dados","2025"
"mah2f3aeg8ad5gpb1uis9vzmah2f3ad3","cargo_no_time","Engenharia de Dados","2025"
"mah2f3aeg8ad5gpb1uis9vzmah2f3ad3","cargo_no_time","Analista de Dados","2025"
"mah2f3aeg8ad5gpb1uis9vzmah2f3ad3","cargo_no_time","Cientista de Dados","2025"
"mah2f3aeg8ad5gpb1uis9vzmah2f3ad3","cargo_no_time","Data Product Manager","2025"
"mah2f3aeg8ad5gpb1uis9vzmah2f3ad3","cargo_no_time","ML/AI Engineer","2025"
"vtsuyfdmnk38bf3ivtswwsg27g9cqman","cargo_no_time","Engenharia de Dados","2025"
"vtsuyfdmnk38bf3ivtswwsg27g9cqman","cargo_no_time","Analista de Dados","2025"
"vtsuyfdmnk38bf3ivtswwsg27g9cqman","cargo_no_time","Cientista de Dados","2025"
"vtsuyfdmnk38bf3ivtswwsg27g9cqman","cargo_no_time","Data Product Manager","2025"
"vtsuyfdmnk38bf3ivtswwsg27g9cqman","cargo_no_time","ML/AI Engineer","2025"
"um7kiodua8veo5zvbum7kid8uuex3vxx","cargo_no_time","Analytics Engineer","2025"
"um7kiodua8veo5zvbum7kid8uuex3vxx","cargo_no_time","Engenharia de Dados","2025"
"um7kiodua8veo5zvbum7kid8uuex3vxx","cargo_no_time","Analista de Dados","2025"
"um7kiodua8veo5zvbum7kid8uuex3vxx","cargo_no_time","Cientista de Dados","2025"
"um7kiodua8veo5zvbum7kid8uuex3vxx","cargo_no_time","Analista de BI","2025"
"um7kiodua8veo5zvbum7kid8uuex3vxx","cargo_no_time","Business Analyst","2025"
"um7kiodua8veo5zvbum7kid8uuex3vxx","cargo_no_time","ML/AI Engineer","2025"
"infcviyi1fkxrai09gninfc2v7zrdsaa","cargo_no_time","Analista de BI","2025"
"infcviyi1fkxrai09gninfc2v7zrdsaa","cargo_no_time","ML/AI Engineer","2025"
"uuz7oxlp8rfphxkp6iuuz7oszxzvawik","cargo_no_time","Analista de BI","2025"
"uuz7oxlp8rfphxkp6iuuz7oszxzvawik","cargo_no_time","Business Analyst","2025"
"u1r5i1iu6dhwcv62fu1r5iyxw64tp727","cargo_no_time","Analista de Dados","2025"
"u1r5i1iu6dhwcv62fu1r5iyxw64tp727","cargo_no_time","Cientista de Dados","2025"
"0cr41y385ovqm20cr4t4irla8qaekqg1","cargo_no_time","Engenharia de Dados","2025"
"0cr41y385ovqm20cr4t4irla8qaekqg1","cargo_no_time","Cientista de Dados","2025"
"0cr41y385ovqm20cr4t4irla8qaekqg1","cargo_no_time","Analista de BI","2025"
"hfl5stbxoxk4izyzd8v18k7thfl5s67d","cargo_no_time","Engenharia de Dados","2025"
"hfl5stbxoxk4izyzd8v18k7thfl5s67d","cargo_no_time","Cientista de Dados","2025"
"8layzws059pvr5335k8layzwtcip0clp","cargo_no_time","Engenharia de Dados","2025"
"8layzws059pvr5335k8layzwtcip0clp","cargo_no_time","Analista de Dados","2025"
"8layzws059pvr5335k8layzwtcip0clp","cargo_no_time","Cientista de Dados","2025"
"8layzws059pvr5335k8layzwtcip0clp","cargo_no_time","ML/AI Engineer","2025"
"17hxuud18y27887o17rogu1aooqpgt6f","cargo_no_time","Analista de Dados","2025"
"17hxuud18y27887o17rogu1aooqpgt6f","cargo_no_time","Cientista de Dados","2025"
"17hxuud18y27887o17rogu1aooqpgt6f","cargo_no_time","Analista de BI","2025"
"17hxuud18y27887o17rogu1aooqpgt6f","cargo_no_time","Data Product Manager","2025"
"17hxuud18y27887o17rogu1aooqpgt6f","cargo_no_time","ML/AI Engineer","2025"
"nqxsamjcc5h9sosvntfnqxslws38ddpw","cargo_no_time","Engenharia de Dados","2025"
"nqxsamjcc5h9sosvntfnqxslws38ddpw","cargo_no_time","Cientista de Dados","2025"
"nqxsamjcc5h9sosvntfnqxslws38ddpw","cargo_no_time","Analista de BI","2025"
"nqxsamjcc5h9sosvntfnqxslws38ddpw","cargo_no_time","Arquiteto de Dados","2025"
"htjevg7qgg9bim54htjevrk4tt3qsf0j","cargo_no_time","Analytics Engineer","2025"
"htjevg7qgg9bim54htjevrk4tt3qsf0j","cargo_no_time","Engenharia de Dados","2025"
"htjevg7qgg9bim54htjevrk4tt3qsf0j","cargo_no_time","Analista de Dados","2025"
"htjevg7qgg9bim54htjevrk4tt3qsf0j","cargo_no_time","Analista de BI","2025"
"6e6kyd34u656e6knxn032rqtbmeemtbk","cargo_no_time","Analytics Engineer","2025"
"6e6kyd34u656e6knxn032rqtbmeemtbk","cargo_no_time","Engenharia de Dados","2025"
"6e6kyd34u656e6knxn032rqtbmeemtbk","cargo_no_time","Cientista de Dados","2025"
"6e6kyd34u656e6knxn032rqtbmeemtbk","cargo_no_time","Analista de BI","2025"
"6e6kyd34u656e6knxn032rqtbmeemtbk","cargo_no_time","ML/AI Engineer","2025"
"unalupatel0pkl5eyimunalu8s3rgbep","cargo_no_time","Engenharia de Dados","2025"
"unalupatel0pkl5eyimunalu8s3rgbep","cargo_no_time","Analista de Dados","2025"
"unalupatel0pkl5eyimunalu8s3rgbep","cargo_no_time","Arquiteto de Dados","2025"
"unalupatel0pkl5eyimunalu8s3rgbep","cargo_no_time","Data Product Manager","2025"
"svxh16p2obioe9ovsvxhr7ablsjl3xb6","cargo_no_time","Analista de Dados","2025"
"791gcixvvl6tlw0p791gcix98gz5e1gf","cargo_no_time","Analytics Engineer","2025"
"791gcixvvl6tlw0p791gcix98gz5e1gf","cargo_no_time","Engenharia de Dados","2025"
"791gcixvvl6tlw0p791gcix98gz5e1gf","cargo_no_time","Analista de Dados","2025"
"791gcixvvl6tlw0p791gcix98gz5e1gf","cargo_no_time","Cientista de Dados","2025"
"791gcixvvl6tlw0p791gcix98gz5e1gf","cargo_no_time","DBA","2025"
"791gcixvvl6tlw0p791gcix98gz5e1gf","cargo_no_time","Analista de BI","2025"
"791gcixvvl6tlw0p791gcix98gz5e1gf","cargo_no_time","ML/AI Engineer","2025"
"pvxvt8g6ujtekqpvp10jbqsy9eowt1p1","cargo_no_time","Analytics Engineer","2025"
"pvxvt8g6ujtekqpvp10jbqsy9eowt1p1","cargo_no_time","Engenharia de Dados","2025"
"pvxvt8g6ujtekqpvp10jbqsy9eowt1p1","cargo_no_time","Cientista de Dados","2025"
"pvxvt8g6ujtekqpvp10jbqsy9eowt1p1","cargo_no_time","Arquiteto de Dados","2025"
"pvxvt8g6ujtekqpvp10jbqsy9eowt1p1","cargo_no_time","ML/AI Engineer","2025"
"7ay5n2xkeocf4texiu7ay5ni40bvfxhz","cargo_no_time","Analytics Engineer","2025"
"7ay5n2xkeocf4texiu7ay5ni40bvfxhz","cargo_no_time","Engenharia de Dados","2025"
"7ay5n2xkeocf4texiu7ay5ni40bvfxhz","cargo_no_time","Analista de Dados","2025"
"7ay5n2xkeocf4texiu7ay5ni40bvfxhz","cargo_no_time","Cientista de Dados","2025"
"7ay5n2xkeocf4texiu7ay5ni40bvfxhz","cargo_no_time","Analista de BI","2025"
"7ay5n2xkeocf4texiu7ay5ni40bvfxhz","cargo_no_time","Arquiteto de Dados","2025"
"7ay5n2xkeocf4texiu7ay5ni40bvfxhz","cargo_no_time","ML/AI Engineer","2025"
"lldzxzcu7px5ssa6lldzxzc8mexclpda","cargo_no_time","Analista de BI","2025"
"cxvi6scp0s5fh6h5i6dmcxvi8pdf8dfp","cargo_no_time","Analista de Dados","2025"
"cxvi6scp0s5fh6h5i6dmcxvi8pdf8dfp","cargo_no_time","Analista de BI","2025"
"cxvi6scp0s5fh6h5i6dmcxvi8pdf8dfp","cargo_no_time","Business Analyst","2025"
"tiy2a57yao7fg9tiy2ah6mvp6347l99h","cargo_no_time","Analytics Engineer","2025"
"tiy2a57yao7fg9tiy2ah6mvp6347l99h","cargo_no_time","Engenharia de Dados","2025"
"tiy2a57yao7fg9tiy2ah6mvp6347l99h","cargo_no_time","Analista de Dados","2025"
"tiy2a57yao7fg9tiy2ah6mvp6347l99h","cargo_no_time","Cientista de Dados","2025"
"tiy2a57yao7fg9tiy2ah6mvp6347l99h","cargo_no_time","Analista de BI","2025"
"tiy2a57yao7fg9tiy2ah6mvp6347l99h","cargo_no_time","Data Product Manager","2025"
"tiy2a57yao7fg9tiy2ah6mvp6347l99h","cargo_no_time","Business Analyst","2025"
"tiy2a57yao7fg9tiy2ah6mvp6347l99h","cargo_no_time","ML/AI Engineer","2025"
"if6etkwk5f7yrqpk1wif6etg716n034v","cargo_no_time","Analytics Engineer","2025"
"if6etkwk5f7yrqpk1wif6etg716n034v","cargo_no_time","Engenharia de Dados","2025"
"if6etkwk5f7yrqpk1wif6etg716n034v","cargo_no_time","Analista de Dados","2025"
"if6etkwk5f7yrqpk1wif6etg716n034v","cargo_no_time","Cientista de Dados","2025"
"if6etkwk5f7yrqpk1wif6etg716n034v","cargo_no_time","DBA","2025"
"if6etkwk5f7yrqpk1wif6etg716n034v","cargo_no_time","Analista de BI","2025"
"if6etkwk5f7yrqpk1wif6etg716n034v","cargo_no_time","Data Product Manager","2025"
"if6etkwk5f7yrqpk1wif6etg716n034v","cargo_no_time","Business Analyst","2025"
"ic2rqybiif4s55icic2rqyby90ils84d","cargo_no_time","Engenharia de Dados","2025"
"ic2rqybiif4s55icic2rqyby90ils84d","cargo_no_time","Analista de Dados","2025"
"ic2rqybiif4s55icic2rqyby90ils84d","cargo_no_time","Cientista de Dados","2025"
"ic2rqybiif4s55icic2rqyby90ils84d","cargo_no_time","Analista de BI","2025"
"cic2t3njxi0bhllag8scic2t3nu1c9pb","cargo_no_time","Engenharia de Dados","2025"
"cic2t3njxi0bhllag8scic2t3nu1c9pb","cargo_no_time","Cientista de Dados","2025"
"cic2t3njxi0bhllag8scic2t3nu1c9pb","cargo_no_time","ML/AI Engineer","2025"
"auh1eqkvf5eyauhhcdtg6igy65hibvjh","cargo_no_time","Analytics Engineer","2025"
"auh1eqkvf5eyauhhcdtg6igy65hibvjh","cargo_no_time","Engenharia de Dados","2025"
"auh1eqkvf5eyauhhcdtg6igy65hibvjh","cargo_no_time","Analista de Dados","2025"
"auh1eqkvf5eyauhhcdtg6igy65hibvjh","cargo_no_time","Cientista de Dados","2025"
"auh1eqkvf5eyauhhcdtg6igy65hibvjh","cargo_no_time","DBA","2025"
"auh1eqkvf5eyauhhcdtg6igy65hibvjh","cargo_no_time","Analista de BI","2025"
"auh1eqkvf5eyauhhcdtg6igy65hibvjh","cargo_no_time","Arquiteto de Dados","2025"
"auh1eqkvf5eyauhhcdtg6igy65hibvjh","cargo_no_time","Data Product Manager","2025"
"auh1eqkvf5eyauhhcdtg6igy65hibvjh","cargo_no_time","Business Analyst","2025"
"auh1eqkvf5eyauhhcdtg6igy65hibvjh","cargo_no_time","ML/AI Engineer","2025"
"uu6jfju8m9cpxf9gy0u0finuu6jfj3gy","cargo_no_time","Analista de Dados","2025"
"uu6jfju8m9cpxf9gy0u0finuu6jfj3gy","cargo_no_time","Analista de BI","2025"
"uu6jfju8m9cpxf9gy0u0finuu6jfj3gy","cargo_no_time","Business Analyst","2025"
"q7s0kih2oq352uq7s0kumuhrrsog4ue5","cargo_no_time","Business Analyst","2025"
"6puv1z1f4xu31g1dclv43n6puv1z5c28","cargo_no_time","ML/AI Engineer","2025"
"orkyjnmus066a7dczoorkywn08nt7euc","cargo_no_time","Engenharia de Dados","2025"
"orkyjnmus066a7dczoorkywn08nt7euc","cargo_no_time","Analista de Dados","2025"
"orkyjnmus066a7dczoorkywn08nt7euc","cargo_no_time","DBA","2025"
"orkyjnmus066a7dczoorkywn08nt7euc","cargo_no_time","Business Analyst","2025"
"bq02iet2a9sfjbq08u2usxsrrfr9qr8u","cargo_no_time","Analista de BI","2025"
"bq02iet2a9sfjbq08u2usxsrrfr9qr8u","cargo_no_time","Business Analyst","2025"
"fvtsztl0pmfad19679hfvtszetd9iyci","cargo_no_time","Engenharia de Dados","2025"
"fvtsztl0pmfad19679hfvtszetd9iyci","cargo_no_time","Analista de Dados","2025"
"fvtsztl0pmfad19679hfvtszetd9iyci","cargo_no_time","Cientista de Dados","2025"
"fvtsztl0pmfad19679hfvtszetd9iyci","cargo_no_time","DBA","2025"
"fvtsztl0pmfad19679hfvtszetd9iyci","cargo_no_time","Arquiteto de Dados","2025"
"fvtsztl0pmfad19679hfvtszetd9iyci","cargo_no_time","Business Analyst","2025"
"0g49a0yde59p5chf9pitg7vn0g49a0yj","cargo_no_time","Analytics Engineer","2025"
"0g49a0yde59p5chf9pitg7vn0g49a0yj","cargo_no_time","Engenharia de Dados","2025"
"0g49a0yde59p5chf9pitg7vn0g49a0yj","cargo_no_time","Analista de Dados","2025"
"0g49a0yde59p5chf9pitg7vn0g49a0yj","cargo_no_time","Cientista de Dados","2025"
"0g49a0yde59p5chf9pitg7vn0g49a0yj","cargo_no_time","Analista de BI","2025"
"0g49a0yde59p5chf9pitg7vn0g49a0yj","cargo_no_time","Business Analyst","2025"
"dy0w3rjv65nqxmqxfj4dy0w0bf476g3p","cargo_no_time","Analista de BI","2025"
"dy0w3rjv65nqxmqxfj4dy0w0bf476g3p","cargo_no_time","Data Product Manager","2025"
"dy0w3rjv65nqxmqxfj4dy0w0bf476g3p","cargo_no_time","Business Analyst","2025"
"ojf81ynxjcdi5eojom4x3c8thfk1bmdd","cargo_no_time","Analytics Engineer","2025"
"ojf81ynxjcdi5eojom4x3c8thfk1bmdd","cargo_no_time","Engenharia de Dados","2025"
"ojf81ynxjcdi5eojom4x3c8thfk1bmdd","cargo_no_time","Analista de Dados","2025"
"ojf81ynxjcdi5eojom4x3c8thfk1bmdd","cargo_no_time","Cientista de Dados","2025"
"ojf81ynxjcdi5eojom4x3c8thfk1bmdd","cargo_no_time","DBA","2025"
"ojf81ynxjcdi5eojom4x3c8thfk1bmdd","cargo_no_time","Analista de BI","2025"
"ojf81ynxjcdi5eojom4x3c8thfk1bmdd","cargo_no_time","Arquiteto de Dados","2025"
"ojf81ynxjcdi5eojom4x3c8thfk1bmdd","cargo_no_time","Data Product Manager","2025"
"ojf81ynxjcdi5eojom4x3c8thfk1bmdd","cargo_no_time","Business Analyst","2025"
"ojf81ynxjcdi5eojom4x3c8thfk1bmdd","cargo_no_time","ML/AI Engineer","2025"
"cv6fukbh2jxawycv6fopp4g6ip72amqk","cargo_no_time","Analista de BI","2025"
"7t7g8e2d7pmfh7t7yiswuhciyfphrzky","cargo_no_time","Analista de Dados","2025"
"7t7g8e2d7pmfh7t7yiswuhciyfphrzky","cargo_no_time","Cientista de Dados","2025"
"7t7g8e2d7pmfh7t7yiswuhciyfphrzky","cargo_no_time","DBA","2025"
"eb003rh3e64e8dwzpjkdideb003rhgq5","cargo_no_time","Engenharia de Dados","2025"
"eb003rh3e64e8dwzpjkdideb003rhgq5","cargo_no_time","Analista de Dados","2025"
"eb003rh3e64e8dwzpjkdideb003rhgq5","cargo_no_time","Cientista de Dados","2025"
"eb003rh3e64e8dwzpjkdideb003rhgq5","cargo_no_time","Arquiteto de Dados","2025"
"tykmpwq5wpfh3pc843guntykmpwqw4mv","cargo_no_time","Business Analyst","2025"
"f1gofx3oc9a8pf1geki8k6m4xzxf7f87","cargo_no_time","Engenharia de Dados","2025"
"f1gofx3oc9a8pf1geki8k6m4xzxf7f87","cargo_no_time","Analista de Dados","2025"
"f1gofx3oc9a8pf1geki8k6m4xzxf7f87","cargo_no_time","Cientista de Dados","2025"
"f1gofx3oc9a8pf1geki8k6m4xzxf7f87","cargo_no_time","Analista de BI","2025"
"ky44v16h2724rawhentaz4ky44v1clqv","cargo_no_time","Engenharia de Dados","2025"
"ky44v16h2724rawhentaz4ky44v1clqv","cargo_no_time","Analista de Dados","2025"
"ky44v16h2724rawhentaz4ky44v1clqv","cargo_no_time","Cientista de Dados","2025"
"zkrwmeg7g4hl4i9xdkeswuzkrwmecqkt","cargo_no_time","Analista de BI","2025"
"e93an0fr9rue8uegng2jle937q1a6pj7","cargo_no_time","Engenharia de Dados","2025"
"e93an0fr9rue8uegng2jle937q1a6pj7","cargo_no_time","Analista de Dados","2025"
"e93an0fr9rue8uegng2jle937q1a6pj7","cargo_no_time","Cientista de Dados","2025"
"e93an0fr9rue8uegng2jle937q1a6pj7","cargo_no_time","DBA","2025"
"e93an0fr9rue8uegng2jle937q1a6pj7","cargo_no_time","Analista de BI","2025"
"e93an0fr9rue8uegng2jle937q1a6pj7","cargo_no_time","Arquiteto de Dados","2025"
"e93an0fr9rue8uegng2jle937q1a6pj7","cargo_no_time","Data Product Manager","2025"
"9xd7b2o6d8239ngmwgqg9xd7b2o6qiit","cargo_no_time","Cientista de Dados","2025"
"g7mo80zoc63iih3s5ourg7mo8k6gxeub","cargo_no_time","Analytics Engineer","2025"
"g7mo80zoc63iih3s5ourg7mo8k6gxeub","cargo_no_time","Analista de Dados","2025"
"g7mo80zoc63iih3s5ourg7mo8k6gxeub","cargo_no_time","Cientista de Dados","2025"
"g7mo80zoc63iih3s5ourg7mo8k6gxeub","cargo_no_time","DBA","2025"
"g7mo80zoc63iih3s5ourg7mo8k6gxeub","cargo_no_time","Analista de BI","2025"
"g7mo80zoc63iih3s5ourg7mo8k6gxeub","cargo_no_time","Arquiteto de Dados","2025"
"g7mo80zoc63iih3s5ourg7mo8k6gxeub","cargo_no_time","ML/AI Engineer","2025"
"ofvugxsg6w23zww704yofvugl9dr6uu9","cargo_no_time","Analista de Dados","2025"
"ofvugxsg6w23zww704yofvugl9dr6uu9","cargo_no_time","Arquiteto de Dados","2025"
"viu6b1p1mwo1t5pxviu6baby3ju8836z","cargo_no_time","Engenharia de Dados","2025"
"viu6b1p1mwo1t5pxviu6baby3ju8836z","cargo_no_time","Cientista de Dados","2025"
"viu6b1p1mwo1t5pxviu6baby3ju8836z","cargo_no_time","DBA","2025"
"viu6b1p1mwo1t5pxviu6baby3ju8836z","cargo_no_time","Analista de BI","2025"
"viu6b1p1mwo1t5pxviu6baby3ju8836z","cargo_no_time","ML/AI Engineer","2025"
"h45phlcjbpuwgc3bfh45pgs2qo3fwc46","cargo_no_time","Analytics Engineer","2025"
"h45phlcjbpuwgc3bfh45pgs2qo3fwc46","cargo_no_time","Engenharia de Dados","2025"
"h45phlcjbpuwgc3bfh45pgs2qo3fwc46","cargo_no_time","Analista de Dados","2025"
"h45phlcjbpuwgc3bfh45pgs2qo3fwc46","cargo_no_time","Cientista de Dados","2025"
"h45phlcjbpuwgc3bfh45pgs2qo3fwc46","cargo_no_time","DBA","2025"
"h45phlcjbpuwgc3bfh45pgs2qo3fwc46","cargo_no_time","Analista de BI","2025"
"h45phlcjbpuwgc3bfh45pgs2qo3fwc46","cargo_no_time","Arquiteto de Dados","2025"
"h45phlcjbpuwgc3bfh45pgs2qo3fwc46","cargo_no_time","Data Product Manager","2025"
"h45phlcjbpuwgc3bfh45pgs2qo3fwc46","cargo_no_time","Business Analyst","2025"
"h45phlcjbpuwgc3bfh45pgs2qo3fwc46","cargo_no_time","ML/AI Engineer","2025"
"j1tfesutf6whj8j1tferjqztix3my2kc","cargo_no_time","Analytics Engineer","2025"
"j1tfesutf6whj8j1tferjqztix3my2kc","cargo_no_time","Engenharia de Dados","2025"
"j1tfesutf6whj8j1tferjqztix3my2kc","cargo_no_time","Analista de Dados","2025"
"j1tfesutf6whj8j1tferjqztix3my2kc","cargo_no_time","Cientista de Dados","2025"
"j1tfesutf6whj8j1tferjqztix3my2kc","cargo_no_time","Analista de BI","2025"
"j1tfesutf6whj8j1tferjqztix3my2kc","cargo_no_time","Arquiteto de Dados","2025"
"j1tfesutf6whj8j1tferjqztix3my2kc","cargo_no_time","ML/AI Engineer","2025"
"umcgj0yv0fz7um9uit5eurlxv9sh45j9","cargo_no_time","Engenharia de Dados","2025"
"umcgj0yv0fz7um9uit5eurlxv9sh45j9","cargo_no_time","Cientista de Dados","2025"
"umcgj0yv0fz7um9uit5eurlxv9sh45j9","cargo_no_time","Analista de BI","2025"
"umcgj0yv0fz7um9uit5eurlxv9sh45j9","cargo_no_time","Arquiteto de Dados","2025"
"umcgj0yv0fz7um9uit5eurlxv9sh45j9","cargo_no_time","Data Product Manager","2025"
"ymtsyle2d3ip8iwrsymtsyopzsguqn8x","cargo_no_time","Analytics Engineer","2025"
"ymtsyle2d3ip8iwrsymtsyopzsguqn8x","cargo_no_time","Analista de Dados","2025"
"ymtsyle2d3ip8iwrsymtsyopzsguqn8x","cargo_no_time","DBA","2025"
"ymtsyle2d3ip8iwrsymtsyopzsguqn8x","cargo_no_time","Analista de BI","2025"
"ymtsyle2d3ip8iwrsymtsyopzsguqn8x","cargo_no_time","Business Analyst","2025"
"7gaq41pgr09woe7galuhdxd07w7mlo2x","cargo_no_time","Analytics Engineer","2025"
"7gaq41pgr09woe7galuhdxd07w7mlo2x","cargo_no_time","Engenharia de Dados","2025"
"7gaq41pgr09woe7galuhdxd07w7mlo2x","cargo_no_time","Analista de Dados","2025"
"7gaq41pgr09woe7galuhdxd07w7mlo2x","cargo_no_time","Cientista de Dados","2025"
"7gaq41pgr09woe7galuhdxd07w7mlo2x","cargo_no_time","DBA","2025"
"7gaq41pgr09woe7galuhdxd07w7mlo2x","cargo_no_time","Data Product Manager","2025"
"7gaq41pgr09woe7galuhdxd07w7mlo2x","cargo_no_time","Business Analyst","2025"
"7gaq41pgr09woe7galuhdxd07w7mlo2x","cargo_no_time","ML/AI Engineer","2025"
"s31gofyf3dcuh8gyd4z3s31go5bizlq1","cargo_no_time","Engenharia de Dados","2025"
"s31gofyf3dcuh8gyd4z3s31go5bizlq1","cargo_no_time","Analista de Dados","2025"
"s31gofyf3dcuh8gyd4z3s31go5bizlq1","cargo_no_time","Cientista de Dados","2025"
"i9g8i7n4i7ebrf1wt3vi9g8i2yg8c3hp","cargo_no_time","Engenharia de Dados","2025"
"i9g8i7n4i7ebrf1wt3vi9g8i2yg8c3hp","cargo_no_time","DBA","2025"
"i9g8i7n4i7ebrf1wt3vi9g8i2yg8c3hp","cargo_no_time","Analista de BI","2025"
"25mlq6dp5cqjjx1vpsi25mlqdankw485","cargo_no_time","Analytics Engineer","2025"
"25mlq6dp5cqjjx1vpsi25mlqdankw485","cargo_no_time","Engenharia de Dados","2025"
"25mlq6dp5cqjjx1vpsi25mlqdankw485","cargo_no_time","Analista de Dados","2025"
"25mlq6dp5cqjjx1vpsi25mlqdankw485","cargo_no_time","Cientista de Dados","2025"
"25mlq6dp5cqjjx1vpsi25mlqdankw485","cargo_no_time","DBA","2025"
"25mlq6dp5cqjjx1vpsi25mlqdankw485","cargo_no_time","Analista de BI","2025"
"25mlq6dp5cqjjx1vpsi25mlqdankw485","cargo_no_time","Arquiteto de Dados","2025"
"25mlq6dp5cqjjx1vpsi25mlqdankw485","cargo_no_time","Business Analyst","2025"
"25mlq6dp5cqjjx1vpsi25mlqdankw485","cargo_no_time","ML/AI Engineer","2025"
"k9lzzndxeyr7oo38xk9lzwd02ku2h4yy","cargo_no_time","Analytics Engineer","2025"
"k9lzzndxeyr7oo38xk9lzwd02ku2h4yy","cargo_no_time","Engenharia de Dados","2025"
"k9lzzndxeyr7oo38xk9lzwd02ku2h4yy","cargo_no_time","Analista de Dados","2025"
"k9lzzndxeyr7oo38xk9lzwd02ku2h4yy","cargo_no_time","Cientista de Dados","2025"
"k9lzzndxeyr7oo38xk9lzwd02ku2h4yy","cargo_no_time","DBA","2025"
"k9lzzndxeyr7oo38xk9lzwd02ku2h4yy","cargo_no_time","Arquiteto de Dados","2025"
"k9lzzndxeyr7oo38xk9lzwd02ku2h4yy","cargo_no_time","Data Product Manager","2025"
"k9lzzndxeyr7oo38xk9lzwd02ku2h4yy","cargo_no_time","ML/AI Engineer","2025"
"iydbmepmvxjoivjiydbmwv6crfa3t2qu","cargo_no_time","Analista de BI","2025"
"iydbmepmvxjoivjiydbmwv6crfa3t2qu","cargo_no_time","Business Analyst","2025"
"teyrx86b1sba3grxpteyucsddq855ygb","cargo_no_time","Analista de BI","2025"
"p2apphrhzwgcct9jp2awjzhiwqddrpkq","cargo_no_time","Analista de Dados","2025"
"p2apphrhzwgcct9jp2awjzhiwqddrpkq","cargo_no_time","Cientista de Dados","2025"
"p2apphrhzwgcct9jp2awjzhiwqddrpkq","cargo_no_time","DBA","2025"
"p2apphrhzwgcct9jp2awjzhiwqddrpkq","cargo_no_time","Analista de BI","2025"
"u3pf4hfjvgktu3cvu65rt47aquujfhy5","cargo_no_time","Engenharia de Dados","2025"
"u3pf4hfjvgktu3cvu65rt47aquujfhy5","cargo_no_time","Analista de Dados","2025"
"u3pf4hfjvgktu3cvu65rt47aquujfhy5","cargo_no_time","Cientista de Dados","2025"
"o1gjv7vagu1nloeo1gj6qsss6psdvejw","cargo_no_time","Analytics Engineer","2025"
"o1gjv7vagu1nloeo1gj6qsss6psdvejw","cargo_no_time","Engenharia de Dados","2025"
"o1gjv7vagu1nloeo1gj6qsss6psdvejw","cargo_no_time","Analista de Dados","2025"
"o1gjv7vagu1nloeo1gj6qsss6psdvejw","cargo_no_time","Analista de BI","2025"
"o1gjv7vagu1nloeo1gj6qsss6psdvejw","cargo_no_time","Arquiteto de Dados","2025"
"o1gjv7vagu1nloeo1gj6qsss6psdvejw","cargo_no_time","Business Analyst","2025"
"v9el6ggqeh38do39fdtv9el6s4g3fr3l","cargo_no_time","Engenharia de Dados","2025"
"v9el6ggqeh38do39fdtv9el6s4g3fr3l","cargo_no_time","DBA","2025"
"v9el6ggqeh38do39fdtv9el6s4g3fr3l","cargo_no_time","Analista de BI","2025"
"v9el6ggqeh38do39fdtv9el6s4g3fr3l","cargo_no_time","Arquiteto de Dados","2025"
"v9el6ggqeh38do39fdtv9el6s4g3fr3l","cargo_no_time","Data Product Manager","2025"
"v9el6ggqeh38do39fdtv9el6s4g3fr3l","cargo_no_time","Business Analyst","2025"
"9jqqgn8qancikb8sio9jqqgyx04i5qhq","cargo_no_time","Engenharia de Dados","2025"
"9jqqgn8qancikb8sio9jqqgyx04i5qhq","cargo_no_time","Analista de Dados","2025"
"9jqqgn8qancikb8sio9jqqgyx04i5qhq","cargo_no_time","Cientista de Dados","2025"
"9jqqgn8qancikb8sio9jqqgyx04i5qhq","cargo_no_time","DBA","2025"
"9jqqgn8qancikb8sio9jqqgyx04i5qhq","cargo_no_time","Data Product Manager","2025"
"nb6x2tb70l7tq3rnb6x9zatmwccmjdsl","cargo_no_time","Engenharia de Dados","2025"
"nb6x2tb70l7tq3rnb6x9zatmwccmjdsl","cargo_no_time","Analista de Dados","2025"
"nb6x2tb70l7tq3rnb6x9zatmwccmjdsl","cargo_no_time","Cientista de Dados","2025"
"nb6x2tb70l7tq3rnb6x9zatmwccmjdsl","cargo_no_time","Analista de BI","2025"
"nb6x2tb70l7tq3rnb6x9zatmwccmjdsl","cargo_no_time","Arquiteto de Dados","2025"
"nb6x2tb70l7tq3rnb6x9zatmwccmjdsl","cargo_no_time","ML/AI Engineer","2025"
"p41r4fnqo2dopm3sxcfp41rnovkf690u","cargo_no_time","Analista de Dados","2025"
"p41r4fnqo2dopm3sxcfp41rnovkf690u","cargo_no_time","Analista de BI","2025"
"p41r4fnqo2dopm3sxcfp41rnovkf690u","cargo_no_time","Business Analyst","2025"
"t2r9qv5nwpfr60x7t2r9c7cea0ej8ca2","cargo_no_time","Analytics Engineer","2025"
"t2r9qv5nwpfr60x7t2r9c7cea0ej8ca2","cargo_no_time","Engenharia de Dados","2025"
"t2r9qv5nwpfr60x7t2r9c7cea0ej8ca2","cargo_no_time","Cientista de Dados","2025"
"t2r9qv5nwpfr60x7t2r9c7cea0ej8ca2","cargo_no_time","Business Analyst","2025"
"p1naw143w04ucvyb9cfr5p1naw14q0xc","cargo_no_time","Engenharia de Dados","2025"
"p1naw143w04ucvyb9cfr5p1naw14q0xc","cargo_no_time","Cientista de Dados","2025"
"p1naw143w04ucvyb9cfr5p1naw14q0xc","cargo_no_time","Data Product Manager","2025"
"1us5jelhfz4p8x3h24t1us5jexo9prrg","cargo_no_time","Analista de Dados","2025"
"1us5jelhfz4p8x3h24t1us5jexo9prrg","cargo_no_time","Cientista de Dados","2025"
"5fgyuqf5ane44dp5v5fgyuqcsw537lql","cargo_no_time","Analytics Engineer","2025"
"5fgyuqf5ane44dp5v5fgyuqcsw537lql","cargo_no_time","Engenharia de Dados","2025"
"5fgyuqf5ane44dp5v5fgyuqcsw537lql","cargo_no_time","Analista de Dados","2025"
"5fgyuqf5ane44dp5v5fgyuqcsw537lql","cargo_no_time","Cientista de Dados","2025"
"5fgyuqf5ane44dp5v5fgyuqcsw537lql","cargo_no_time","Data Product Manager","2025"
"5fgyuqf5ane44dp5v5fgyuqcsw537lql","cargo_no_time","ML/AI Engineer","2025"
"dbfmzfkwp5omv1fsffdbfmzvbj9pg7qt","cargo_no_time","Engenharia de Dados","2025"
"dbfmzfkwp5omv1fsffdbfmzvbj9pg7qt","cargo_no_time","Cientista de Dados","2025"
"dbfmzfkwp5omv1fsffdbfmzvbj9pg7qt","cargo_no_time","Analista de BI","2025"
"dbfmzfkwp5omv1fsffdbfmzvbj9pg7qt","cargo_no_time","ML/AI Engineer","2025"
"kjrlcb8odqeez00zmve7s6kjrlc7tchh","cargo_no_time","Cientista de Dados","2025"
"kjrlcb8odqeez00zmve7s6kjrlc7tchh","cargo_no_time","DBA","2025"
"kjrlcb8odqeez00zmve7s6kjrlc7tchh","cargo_no_time","Analista de BI","2025"
"kjrlcb8odqeez00zmve7s6kjrlc7tchh","cargo_no_time","Business Analyst","2025"
"cjtpkyz8274j9liehcjtpkyzdlw599vi","cargo_no_time","Analytics Engineer","2025"
"cjtpkyz8274j9liehcjtpkyzdlw599vi","cargo_no_time","Engenharia de Dados","2025"
"cjtpkyz8274j9liehcjtpkyzdlw599vi","cargo_no_time","Analista de Dados","2025"
"cjtpkyz8274j9liehcjtpkyzdlw599vi","cargo_no_time","Cientista de Dados","2025"
"cjtpkyz8274j9liehcjtpkyzdlw599vi","cargo_no_time","DBA","2025"
"cjtpkyz8274j9liehcjtpkyzdlw599vi","cargo_no_time","Analista de BI","2025"
"cjtpkyz8274j9liehcjtpkyzdlw599vi","cargo_no_time","Arquiteto de Dados","2025"
"cjtpkyz8274j9liehcjtpkyzdlw599vi","cargo_no_time","Data Product Manager","2025"
"cjtpkyz8274j9liehcjtpkyzdlw599vi","cargo_no_time","Business Analyst","2025"
"cjtpkyz8274j9liehcjtpkyzdlw599vi","cargo_no_time","ML/AI Engineer","2025"
"rpws5xotcs7xc6qirpws5ra09si3ccr9","cargo_no_time","Analista de BI","2025"
"rpws5xotcs7xc6qirpws5ra09si3ccr9","cargo_no_time","Business Analyst","2025"
"9g0viblpkixemtu9g0viyw6ft4x3lzdl","cargo_no_time","Analytics Engineer","2025"
"9g0viblpkixemtu9g0viyw6ft4x3lzdl","cargo_no_time","Engenharia de Dados","2025"
"9g0viblpkixemtu9g0viyw6ft4x3lzdl","cargo_no_time","Analista de BI","2025"
"9g0viblpkixemtu9g0viyw6ft4x3lzdl","cargo_no_time","Arquiteto de Dados","2025"
"rine4fo216odymtk6hrine4fo1nzl13c","cargo_no_time","Analytics Engineer","2025"
"rine4fo216odymtk6hrine4fo1nzl13c","cargo_no_time","Engenharia de Dados","2025"
"rine4fo216odymtk6hrine4fo1nzl13c","cargo_no_time","Analista de Dados","2025"
"rine4fo216odymtk6hrine4fo1nzl13c","cargo_no_time","Cientista de Dados","2025"
"rine4fo216odymtk6hrine4fo1nzl13c","cargo_no_time","Arquiteto de Dados","2025"
"rine4fo216odymtk6hrine4fo1nzl13c","cargo_no_time","Data Product Manager","2025"
"rine4fo216odymtk6hrine4fo1nzl13c","cargo_no_time","Business Analyst","2025"
"rine4fo216odymtk6hrine4fo1nzl13c","cargo_no_time","ML/AI Engineer","2025"
"vauss0wp2czukqvaussihsdjzlx51s5u","cargo_no_time","Analista de Dados","2025"
"vauss0wp2czukqvaussihsdjzlx51s5u","cargo_no_time","Cientista de Dados","2025"
"vauss0wp2czukqvaussihsdjzlx51s5u","cargo_no_time","Analista de BI","2025"
"vauss0wp2czukqvaussihsdjzlx51s5u","cargo_no_time","Arquiteto de Dados","2025"
"vauss0wp2czukqvaussihsdjzlx51s5u","cargo_no_time","Business Analyst","2025"
"vauss0wp2czukqvaussihsdjzlx51s5u","cargo_no_time","ML/AI Engineer","2025"
"1zaa76ocjppkmu6kcslt1zaa76ow6t9d","cargo_no_time","Engenharia de Dados","2025"
"1zaa76ocjppkmu6kcslt1zaa76ow6t9d","cargo_no_time","Analista de Dados","2025"
"1zaa76ocjppkmu6kcslt1zaa76ow6t9d","cargo_no_time","Analista de BI","2025"
"3u98s9ik4qt5nqacyqz355b3u98s9yns","cargo_no_time","Analytics Engineer","2025"
"3u98s9ik4qt5nqacyqz355b3u98s9yns","cargo_no_time","Cientista de Dados","2025"
"3u98s9ik4qt5nqacyqz355b3u98s9yns","cargo_no_time","Analista de BI","2025"
"3u98s9ik4qt5nqacyqz355b3u98s9yns","cargo_no_time","Business Analyst","2025"
"4ptlstlshjrj3uncqag34ptlstlo5n8f","cargo_no_time","Engenharia de Dados","2025"
"4ptlstlshjrj3uncqag34ptlstlo5n8f","cargo_no_time","Analista de Dados","2025"
"4ptlstlshjrj3uncqag34ptlstlo5n8f","cargo_no_time","Cientista de Dados","2025"
"4ptlstlshjrj3uncqag34ptlstlo5n8f","cargo_no_time","Analista de BI","2025"
"9xdyj7xoxf6s6zt79xdo03k1mybumeyw","cargo_no_time","Analytics Engineer","2025"
"9xdyj7xoxf6s6zt79xdo03k1mybumeyw","cargo_no_time","Engenharia de Dados","2025"
"9xdyj7xoxf6s6zt79xdo03k1mybumeyw","cargo_no_time","Data Product Manager","2025"
"hun6k73qrk89rr9owyhun6kiw8008czl","cargo_no_time","Analytics Engineer","2025"
"hun6k73qrk89rr9owyhun6kiw8008czl","cargo_no_time","Engenharia de Dados","2025"
"hun6k73qrk89rr9owyhun6kiw8008czl","cargo_no_time","Analista de Dados","2025"
"hun6k73qrk89rr9owyhun6kiw8008czl","cargo_no_time","Cientista de Dados","2025"
"hun6k73qrk89rr9owyhun6kiw8008czl","cargo_no_time","DBA","2025"
"hun6k73qrk89rr9owyhun6kiw8008czl","cargo_no_time","Analista de BI","2025"
"hun6k73qrk89rr9owyhun6kiw8008czl","cargo_no_time","Arquiteto de Dados","2025"
"hun6k73qrk89rr9owyhun6kiw8008czl","cargo_no_time","Data Product Manager","2025"
"hun6k73qrk89rr9owyhun6kiw8008czl","cargo_no_time","ML/AI Engineer","2025"
"6ss69zry9jvqgb6ss69ovkjr45qboue6","cargo_no_time","Engenharia de Dados","2025"
"6ss69zry9jvqgb6ss69ovkjr45qboue6","cargo_no_time","Analista de Dados","2025"
"6ss69zry9jvqgb6ss69ovkjr45qboue6","cargo_no_time","Cientista de Dados","2025"
"6ss69zry9jvqgb6ss69ovkjr45qboue6","cargo_no_time","Analista de BI","2025"
"mn9axx2cj2yevzbo8gw6gmn9axx83nbq","cargo_no_time","Analytics Engineer","2025"
"mn9axx2cj2yevzbo8gw6gmn9axx83nbq","cargo_no_time","Engenharia de Dados","2025"
"mn9axx2cj2yevzbo8gw6gmn9axx83nbq","cargo_no_time","Cientista de Dados","2025"
"mn9axx2cj2yevzbo8gw6gmn9axx83nbq","cargo_no_time","Analista de BI","2025"
"mn9axx2cj2yevzbo8gw6gmn9axx83nbq","cargo_no_time","Arquiteto de Dados","2025"
"nfs23gv4o858jrslz5nfs2be2dy8pax5","cargo_no_time","Arquiteto de Dados","2025"
"nfs23gv4o858jrslz5nfs2be2dy8pax5","cargo_no_time","Business Analyst","2025"
"z2anjqt664r8z5tus2wplz2anjqbwxdj","cargo_no_time","Engenharia de Dados","2025"
"z2anjqt664r8z5tus2wplz2anjqbwxdj","cargo_no_time","Analista de Dados","2025"
"z2anjqt664r8z5tus2wplz2anjqbwxdj","cargo_no_time","Analista de BI","2025"
"z2anjqt664r8z5tus2wplz2anjqbwxdj","cargo_no_time","Arquiteto de Dados","2025"
"wl0q9li4wdr7adewiak8wl0q9ld7jhpc","cargo_no_time","Business Analyst","2025"
"fz3f10jznmhgf6wbfz3f10dugtwpdg55","cargo_no_time","Engenharia de Dados","2025"
"fz3f10jznmhgf6wbfz3f10dugtwpdg55","cargo_no_time","Analista de Dados","2025"
"fz3f10jznmhgf6wbfz3f10dugtwpdg55","cargo_no_time","Cientista de Dados","2025"
"fz3f10jznmhgf6wbfz3f10dugtwpdg55","cargo_no_time","ML/AI Engineer","2025"
"d7l9sz5tnp4rwixokffd7l9sd7uoky4d","cargo_no_time","Engenharia de Dados","2025"
"d7l9sz5tnp4rwixokffd7l9sd7uoky4d","cargo_no_time","Cientista de Dados","2025"
"d7l9sz5tnp4rwixokffd7l9sd7uoky4d","cargo_no_time","Arquiteto de Dados","2025"
"d7l9sz5tnp4rwixokffd7l9sd7uoky4d","cargo_no_time","ML/AI Engineer","2025"
"utqm157o53lj1d64zutqm1lybhu5o9ag","cargo_no_time","Engenharia de Dados","2025"
"utqm157o53lj1d64zutqm1lybhu5o9ag","cargo_no_time","Analista de Dados","2025"
"utqm157o53lj1d64zutqm1lybhu5o9ag","cargo_no_time","Analista de BI","2025"
"utqm157o53lj1d64zutqm1lybhu5o9ag","cargo_no_time","Arquiteto de Dados","2025"
"56tqd3u79ub61u56t4k32zpcva27u3e2","cargo_no_time","Engenharia de Dados","2025"
"56tqd3u79ub61u56t4k32zpcva27u3e2","cargo_no_time","Analista de Dados","2025"
"56tqd3u79ub61u56t4k32zpcva27u3e2","cargo_no_time","Cientista de Dados","2025"
"56tqd3u79ub61u56t4k32zpcva27u3e2","cargo_no_time","DBA","2025"
"56tqd3u79ub61u56t4k32zpcva27u3e2","cargo_no_time","Analista de BI","2025"
"56tqd3u79ub61u56t4k32zpcva27u3e2","cargo_no_time","Business Analyst","2025"
"m43lr95wa9anpsaczj1im43lr9dom6we","cargo_no_time","Engenharia de Dados","2025"
"m43lr95wa9anpsaczj1im43lr9dom6we","cargo_no_time","Analista de Dados","2025"
"m43lr95wa9anpsaczj1im43lr9dom6we","cargo_no_time","Cientista de Dados","2025"
"m43lr95wa9anpsaczj1im43lr9dom6we","cargo_no_time","Analista de BI","2025"
"m43lr95wa9anpsaczj1im43lr9dom6we","cargo_no_time","ML/AI Engineer","2025"
"fsbfc1pdkz4jzhdcxfsbfc1pdoaolutw","cargo_no_time","Analytics Engineer","2025"
"fsbfc1pdkz4jzhdcxfsbfc1pdoaolutw","cargo_no_time","Engenharia de Dados","2025"
"fsbfc1pdkz4jzhdcxfsbfc1pdoaolutw","cargo_no_time","Analista de Dados","2025"
"fsbfc1pdkz4jzhdcxfsbfc1pdoaolutw","cargo_no_time","Cientista de Dados","2025"
"fsbfc1pdkz4jzhdcxfsbfc1pdoaolutw","cargo_no_time","Arquiteto de Dados","2025"
"fsbfc1pdkz4jzhdcxfsbfc1pdoaolutw","cargo_no_time","Data Product Manager","2025"
"z6t0h37z97elqec62z6t0h37zto16j9i","cargo_no_time","Analytics Engineer","2025"
"z6t0h37z97elqec62z6t0h37zto16j9i","cargo_no_time","Engenharia de Dados","2025"
"z6t0h37z97elqec62z6t0h37zto16j9i","cargo_no_time","Analista de Dados","2025"
"z6t0h37z97elqec62z6t0h37zto16j9i","cargo_no_time","Cientista de Dados","2025"
"z6t0h37z97elqec62z6t0h37zto16j9i","cargo_no_time","ML/AI Engineer","2025"
"fv8dqj5vfwnrxqqne982fv8dqj1xv69h","cargo_no_time","Analytics Engineer","2025"
"fv8dqj5vfwnrxqqne982fv8dqj1xv69h","cargo_no_time","Engenharia de Dados","2025"
"fv8dqj5vfwnrxqqne982fv8dqj1xv69h","cargo_no_time","Analista de Dados","2025"
"fv8dqj5vfwnrxqqne982fv8dqj1xv69h","cargo_no_time","Cientista de Dados","2025"
"fv8dqj5vfwnrxqqne982fv8dqj1xv69h","cargo_no_time","Data Product Manager","2025"
"fv8dqj5vfwnrxqqne982fv8dqj1xv69h","cargo_no_time","ML/AI Engineer","2025"
"kmdats8kvlu2vhxq01ufkmdats8461yf","cargo_no_time","Engenharia de Dados","2025"
"kmdats8kvlu2vhxq01ufkmdats8461yf","cargo_no_time","Analista de Dados","2025"
"kmdats8kvlu2vhxq01ufkmdats8461yf","cargo_no_time","Cientista de Dados","2025"
"kmdats8kvlu2vhxq01ufkmdats8461yf","cargo_no_time","DBA","2025"
"kmdats8kvlu2vhxq01ufkmdats8461yf","cargo_no_time","Analista de BI","2025"
"kmdats8kvlu2vhxq01ufkmdats8461yf","cargo_no_time","Arquiteto de Dados","2025"
"kmdats8kvlu2vhxq01ufkmdats8461yf","cargo_no_time","Business Analyst","2025"
"kmdats8kvlu2vhxq01ufkmdats8461yf","cargo_no_time","ML/AI Engineer","2025"
"fdnxkn7ljjlz0ttcjfptzfdnxkwi84xs","cargo_no_time","Analista de Dados","2025"
"voeyurkb9rv4ii5jvoeyu8pg9rzc4g97","cargo_no_time","Analytics Engineer","2025"
"voeyurkb9rv4ii5jvoeyu8pg9rzc4g97","cargo_no_time","Engenharia de Dados","2025"
"voeyurkb9rv4ii5jvoeyu8pg9rzc4g97","cargo_no_time","Cientista de Dados","2025"
"voeyurkb9rv4ii5jvoeyu8pg9rzc4g97","cargo_no_time","Analista de BI","2025"
"voeyurkb9rv4ii5jvoeyu8pg9rzc4g97","cargo_no_time","ML/AI Engineer","2025"
"ffh0okb57pyz22b675pvkvffh0okb5l2","cargo_no_time","Cientista de Dados","2025"
"2sg0y3lorp20dk5dmh2sg0yog0t1n2ii","cargo_no_time","Engenharia de Dados","2025"
"2sg0y3lorp20dk5dmh2sg0yog0t1n2ii","cargo_no_time","Analista de Dados","2025"
"2sg0y3lorp20dk5dmh2sg0yog0t1n2ii","cargo_no_time","Cientista de Dados","2025"
"2sg0y3lorp20dk5dmh2sg0yog0t1n2ii","cargo_no_time","Arquiteto de Dados","2025"
"2sg0y3lorp20dk5dmh2sg0yog0t1n2ii","cargo_no_time","Data Product Manager","2025"
"2sg0y3lorp20dk5dmh2sg0yog0t1n2ii","cargo_no_time","ML/AI Engineer","2025"
"69n2yxc9lwbug5eyo9x69n2yvmi6fx64","cargo_no_time","Cientista de Dados","2025"
"z9d1molx5kksi56157agq3z9d1monx7k","cargo_no_time","Analista de Dados","2023"
"z9d1molx5kksi56157agq3z9d1monx7k","cargo_no_time","Analista de BI","2023"
"zeae7jryflyv6zeae5sdmm6eo28jbc0i","cargo_no_time","Engenharia de Dados","2023"
"zeae7jryflyv6zeae5sdmm6eo28jbc0i","cargo_no_time","Analista de BI","2023"
"l18753wr22n11a7oajl1875k22cto31u","cargo_no_time","Analista de Dados","2023"
"l18753wr22n11a7oajl1875k22cto31u","cargo_no_time","Cientista de Dados","2023"
"l18753wr22n11a7oajl1875k22cto31u","cargo_no_time","DBA","2023"
"l18753wr22n11a7oajl1875k22cto31u","cargo_no_time","Data Product Manager","2023"
"iu8meyh7nonfslytwiu8meynhx7660hz","cargo_no_time","Analytics Engineer","2023"
"iu8meyh7nonfslytwiu8meynhx7660hz","cargo_no_time","Engenharia de Dados","2023"
"iu8meyh7nonfslytwiu8meynhx7660hz","cargo_no_time","Analista de Dados","2023"
"iu8meyh7nonfslytwiu8meynhx7660hz","cargo_no_time","Cientista de Dados","2023"
"iu8meyh7nonfslytwiu8meynhx7660hz","cargo_no_time","DBA","2023"
"iu8meyh7nonfslytwiu8meynhx7660hz","cargo_no_time","Analista de BI","2023"
"iu8meyh7nonfslytwiu8meynhx7660hz","cargo_no_time","Arquiteto de Dados","2023"
"iu8meyh7nonfslytwiu8meynhx7660hz","cargo_no_time","Data Product Manager","2023"
"iu8meyh7nonfslytwiu8meynhx7660hz","cargo_no_time","Business Analyst","2023"
"f4zao3nedfe9l2nxf4zaoyin9vgih70c","cargo_no_time","Analytics Engineer","2023"
"f4zao3nedfe9l2nxf4zaoyin9vgih70c","cargo_no_time","Engenharia de Dados","2023"
"f4zao3nedfe9l2nxf4zaoyin9vgih70c","cargo_no_time","Analista de Dados","2023"
"f4zao3nedfe9l2nxf4zaoyin9vgih70c","cargo_no_time","Cientista de Dados","2023"
"f4zao3nedfe9l2nxf4zaoyin9vgih70c","cargo_no_time","Analista de BI","2023"
"f4zao3nedfe9l2nxf4zaoyin9vgih70c","cargo_no_time","Arquiteto de Dados","2023"
"f4zao3nedfe9l2nxf4zaoyin9vgih70c","cargo_no_time","Business Analyst","2023"
"f6scvrob5dswrtbgf6scmrtwz7j30z94","cargo_no_time","Analytics Engineer","2023"
"f6scvrob5dswrtbgf6scmrtwz7j30z94","cargo_no_time","Analista de Dados","2023"
"f6scvrob5dswrtbgf6scmrtwz7j30z94","cargo_no_time","Cientista de Dados","2023"
"f6scvrob5dswrtbgf6scmrtwz7j30z94","cargo_no_time","DBA","2023"
"f6scvrob5dswrtbgf6scmrtwz7j30z94","cargo_no_time","Analista de BI","2023"
"f6scvrob5dswrtbgf6scmrtwz7j30z94","cargo_no_time","Business Analyst","2023"
"ieee1mot5pk02eqeoox0ieee1morijzi","cargo_no_time","Engenharia de Dados","2023"
"ieee1mot5pk02eqeoox0ieee1morijzi","cargo_no_time","Analista de Dados","2023"
"ieee1mot5pk02eqeoox0ieee1morijzi","cargo_no_time","Business Analyst","2023"
"cc0j3u81ibfgv1cc0j3uis9w08rny7k9","cargo_no_time","Engenharia de Dados","2023"
"cc0j3u81ibfgv1cc0j3uis9w08rny7k9","cargo_no_time","Analista de Dados","2023"
"cc0j3u81ibfgv1cc0j3uis9w08rny7k9","cargo_no_time","Cientista de Dados","2023"
"cc0j3u81ibfgv1cc0j3uis9w08rny7k9","cargo_no_time","DBA","2023"
"cc0j3u81ibfgv1cc0j3uis9w08rny7k9","cargo_no_time","Analista de BI","2023"
"cc0j3u81ibfgv1cc0j3uis9w08rny7k9","cargo_no_time","Business Analyst","2023"
"utzp13kvftp8idku3oqutzp1jk9yddxn","cargo_no_time","Engenharia de Dados","2023"
"utzp13kvftp8idku3oqutzp1jk9yddxn","cargo_no_time","Cientista de Dados","2023"
"utzp13kvftp8idku3oqutzp1jk9yddxn","cargo_no_time","Data Product Manager","2023"
"dered1a9210mdu5w8deredkn2jgqdd8r","cargo_no_time","Analista de Dados","2023"
"mjsln27t9tlikze9s4mjsln27toekxuu","cargo_no_time","Analytics Engineer","2023"
"mjsln27t9tlikze9s4mjsln27toekxuu","cargo_no_time","Engenharia de Dados","2023"
"mjsln27t9tlikze9s4mjsln27toekxuu","cargo_no_time","Analista de Dados","2023"
"mjsln27t9tlikze9s4mjsln27toekxuu","cargo_no_time","Cientista de Dados","2023"
"mjsln27t9tlikze9s4mjsln27toekxuu","cargo_no_time","DBA","2023"
"mjsln27t9tlikze9s4mjsln27toekxuu","cargo_no_time","Arquiteto de Dados","2023"
"mjsln27t9tlikze9s4mjsln27toekxuu","cargo_no_time","Business Analyst","2023"
"kej1msijkbah6uf6kej1mehniv0sglu6","cargo_no_time","Engenharia de Dados","2023"
"kej1msijkbah6uf6kej1mehniv0sglu6","cargo_no_time","Analista de Dados","2023"
"kej1msijkbah6uf6kej1mehniv0sglu6","cargo_no_time","Cientista de Dados","2023"
"kej1msijkbah6uf6kej1mehniv0sglu6","cargo_no_time","Analista de BI","2023"
"kej1msijkbah6uf6kej1mehniv0sglu6","cargo_no_time","Data Product Manager","2023"
"4a76k59f92958nws9bn94a76k5cqezmr","cargo_no_time","Engenharia de Dados","2023"
"4a76k59f92958nws9bn94a76k5cqezmr","cargo_no_time","Analista de Dados","2023"
"4a76k59f92958nws9bn94a76k5cqezmr","cargo_no_time","Cientista de Dados","2023"
"4a76k59f92958nws9bn94a76k5cqezmr","cargo_no_time","DBA","2023"
"4a76k59f92958nws9bn94a76k5cqezmr","cargo_no_time","Analista de BI","2023"
"4a76k59f92958nws9bn94a76k5cqezmr","cargo_no_time","Arquiteto de Dados","2023"
"4a76k59f92958nws9bn94a76k5cqezmr","cargo_no_time","Business Analyst","2023"
"c4bupgv34sjcinaw3c4bup1ojvejd2hw","cargo_no_time","DBA","2023"
"c4bupgv34sjcinaw3c4bup1ojvejd2hw","cargo_no_time","Arquiteto de Dados","2023"
"7zl88zi69jh47a1qt717zl80qmmm0eug","cargo_no_time","Analista de Dados","2023"
"ciac51wsksh5ulj4n7ciac57qtcco4g7","cargo_no_time","Analytics Engineer","2023"
"ciac51wsksh5ulj4n7ciac57qtcco4g7","cargo_no_time","Engenharia de Dados","2023"
"ciac51wsksh5ulj4n7ciac57qtcco4g7","cargo_no_time","Analista de Dados","2023"
"ciac51wsksh5ulj4n7ciac57qtcco4g7","cargo_no_time","Cientista de Dados","2023"
"ciac51wsksh5ulj4n7ciac57qtcco4g7","cargo_no_time","Arquiteto de Dados","2023"
"ciac51wsksh5ulj4n7ciac57qtcco4g7","cargo_no_time","Data Product Manager","2023"
"2ep0j4rveitwcslt1h8i2r7g2ep0j417","cargo_no_time","Analytics Engineer","2023"
"2ep0j4rveitwcslt1h8i2r7g2ep0j417","cargo_no_time","Engenharia de Dados","2023"
"2ep0j4rveitwcslt1h8i2r7g2ep0j417","cargo_no_time","Analista de Dados","2023"
"2ep0j4rveitwcslt1h8i2r7g2ep0j417","cargo_no_time","Cientista de Dados","2023"
"2ep0j4rveitwcslt1h8i2r7g2ep0j417","cargo_no_time","Analista de BI","2023"
"rpck9xz6tncfzyjdm0xbrpck9qsla13r","cargo_no_time","Engenharia de Dados","2023"
"rpck9xz6tncfzyjdm0xbrpck9qsla13r","cargo_no_time","Cientista de Dados","2023"
"rpck9xz6tncfzyjdm0xbrpck9qsla13r","cargo_no_time","Analista de BI","2023"
"rpck9xz6tncfzyjdm0xbrpck9qsla13r","cargo_no_time","Arquiteto de Dados","2023"
"rpck9xz6tncfzyjdm0xbrpck9qsla13r","cargo_no_time","Business Analyst","2023"
"ky91v1y02g5egky91p8go73devmphfna","cargo_no_time","Analytics Engineer","2023"
"ky91v1y02g5egky91p8go73devmphfna","cargo_no_time","Analista de Dados","2023"
"ky91v1y02g5egky91p8go73devmphfna","cargo_no_time","Cientista de Dados","2023"
"ky91v1y02g5egky91p8go73devmphfna","cargo_no_time","Arquiteto de Dados","2023"
"ky91v1y02g5egky91p8go73devmphfna","cargo_no_time","Data Product Manager","2023"
"a5pclqdl5hcv37qh4f2sj7a14da5pclq","cargo_no_time","Analytics Engineer","2023"
"a5pclqdl5hcv37qh4f2sj7a14da5pclq","cargo_no_time","Analista de Dados","2023"
"a5pclqdl5hcv37qh4f2sj7a14da5pclq","cargo_no_time","Cientista de Dados","2023"
"rvwzt75emf1496krfgdervwzt7czmcw8","cargo_no_time","Analista de BI","2023"
"rvwzt75emf1496krfgdervwzt7czmcw8","cargo_no_time","Business Analyst","2023"
"991fu6b8e5ol56zvp9991fuy5xd0jtdk","cargo_no_time","Engenharia de Dados","2023"
"991fu6b8e5ol56zvp9991fuy5xd0jtdk","cargo_no_time","Analista de Dados","2023"
"991fu6b8e5ol56zvp9991fuy5xd0jtdk","cargo_no_time","Cientista de Dados","2023"
"991fu6b8e5ol56zvp9991fuy5xd0jtdk","cargo_no_time","DBA","2023"
"991fu6b8e5ol56zvp9991fuy5xd0jtdk","cargo_no_time","Arquiteto de Dados","2023"
"991fu6b8e5ol56zvp9991fuy5xd0jtdk","cargo_no_time","Business Analyst","2023"
"x196yli2qtdd27appix196tka6kaqnfl","cargo_no_time","Cientista de Dados","2023"
"x196yli2qtdd27appix196tka6kaqnfl","cargo_no_time","Analista de BI","2023"
"x196yli2qtdd27appix196tka6kaqnfl","cargo_no_time","Business Analyst","2023"
"b3fqsyj3e66pnbkb3fqs4icxv9qa7oh6","cargo_no_time","Analista de Dados","2023"
"b3fqsyj3e66pnbkb3fqs4icxv9qa7oh6","cargo_no_time","Business Analyst","2023"
"cs35n88j95qg8ijgxdcs35n8pywk5arj","cargo_no_time","Analista de BI","2023"
"qq1ja8x7niipuzhn8qq1ja819irf69jb","cargo_no_time","Engenharia de Dados","2023"
"qq1ja8x7niipuzhn8qq1ja819irf69jb","cargo_no_time","Cientista de Dados","2023"
"qq1ja8x7niipuzhn8qq1ja819irf69jb","cargo_no_time","Analista de BI","2023"
"qq1ja8x7niipuzhn8qq1ja819irf69jb","cargo_no_time","Business Analyst","2023"
"scu53rsu3w3jnh7luto23hscu53rs4vs","cargo_no_time","Engenharia de Dados","2023"
"scu53rsu3w3jnh7luto23hscu53rs4vs","cargo_no_time","Analista de Dados","2023"
"scu53rsu3w3jnh7luto23hscu53rs4vs","cargo_no_time","Cientista de Dados","2023"
"scu53rsu3w3jnh7luto23hscu53rs4vs","cargo_no_time","Analista de BI","2023"
"scu53rsu3w3jnh7luto23hscu53rs4vs","cargo_no_time","Business Analyst","2023"
"oecmyuove1yvn5lbt5hngoecmyu4wq4v","cargo_no_time","Engenharia de Dados","2023"
"oecmyuove1yvn5lbt5hngoecmyu4wq4v","cargo_no_time","Analista de Dados","2023"
"oecmyuove1yvn5lbt5hngoecmyu4wq4v","cargo_no_time","Cientista de Dados","2023"
"oecmyuove1yvn5lbt5hngoecmyu4wq4v","cargo_no_time","DBA","2023"
"oecmyuove1yvn5lbt5hngoecmyu4wq4v","cargo_no_time","Analista de BI","2023"
"oecmyuove1yvn5lbt5hngoecmyu4wq4v","cargo_no_time","Business Analyst","2023"
"zp81flis4n1zpr76dwaetn3cfehdlcry","cargo_no_time","Analytics Engineer","2023"
"zp81flis4n1zpr76dwaetn3cfehdlcry","cargo_no_time","Engenharia de Dados","2023"
"zp81flis4n1zpr76dwaetn3cfehdlcry","cargo_no_time","Analista de Dados","2023"
"zp81flis4n1zpr76dwaetn3cfehdlcry","cargo_no_time","Cientista de Dados","2023"
"zp81flis4n1zpr76dwaetn3cfehdlcry","cargo_no_time","DBA","2023"
"zp81flis4n1zpr76dwaetn3cfehdlcry","cargo_no_time","Analista de BI","2023"
"zp81flis4n1zpr76dwaetn3cfehdlcry","cargo_no_time","Arquiteto de Dados","2023"
"zp81flis4n1zpr76dwaetn3cfehdlcry","cargo_no_time","Data Product Manager","2023"
"zp81flis4n1zpr76dwaetn3cfehdlcry","cargo_no_time","Business Analyst","2023"
"zplx45h2coolqekkzplx481qshzwxt09","cargo_no_time","Analytics Engineer","2023"
"zplx45h2coolqekkzplx481qshzwxt09","cargo_no_time","Analista de BI","2023"
"zplx45h2coolqekkzplx481qshzwxt09","cargo_no_time","Data Product Manager","2023"
"zplx45h2coolqekkzplx481qshzwxt09","cargo_no_time","Business Analyst","2023"
"6a7faj45k8b7g6a7faj4km2de34rft0z","cargo_no_time","Analista de Dados","2023"
"6a7faj45k8b7g6a7faj4km2de34rft0z","cargo_no_time","Analista de BI","2023"
"6a7faj45k8b7g6a7faj4km2de34rft0z","cargo_no_time","Business Analyst","2023"
"ncwqaj9x5qfd580xrpsncwqaskto1t6y","cargo_no_time","Analista de Dados","2023"
"ncwqaj9x5qfd580xrpsncwqaskto1t6y","cargo_no_time","Business Analyst","2023"
"3uyk5zyuzhz9jr23uygzhn24kh2vnr9f","cargo_no_time","Engenharia de Dados","2023"
"3uyk5zyuzhz9jr23uygzhn24kh2vnr9f","cargo_no_time","Cientista de Dados","2023"
"3uyk5zyuzhz9jr23uygzhn24kh2vnr9f","cargo_no_time","Analista de BI","2023"
"it021gldrpmg64znlyfit02169094sri","cargo_no_time","Analista de Dados","2023"
"it021gldrpmg64znlyfit02169094sri","cargo_no_time","DBA","2023"
"one4amk5k51t6zc1one4pn43fj7h3axc","cargo_no_time","Engenharia de Dados","2023"
"spn6uavors90oznzusspn6ua6q705s4l","cargo_no_time","Analytics Engineer","2023"
"spn6uavors90oznzusspn6ua6q705s4l","cargo_no_time","Engenharia de Dados","2023"
"spn6uavors90oznzusspn6ua6q705s4l","cargo_no_time","Analista de Dados","2023"
"spn6uavors90oznzusspn6ua6q705s4l","cargo_no_time","Cientista de Dados","2023"
"spn6uavors90oznzusspn6ua6q705s4l","cargo_no_time","Analista de BI","2023"
"spn6uavors90oznzusspn6ua6q705s4l","cargo_no_time","Arquiteto de Dados","2023"
"spn6uavors90oznzusspn6ua6q705s4l","cargo_no_time","Data Product Manager","2023"
"ws6ibl3qrvaaip7pws6ikjupydb4b70f","cargo_no_time","Engenharia de Dados","2023"
"ws6ibl3qrvaaip7pws6ikjupydb4b70f","cargo_no_time","Analista de Dados","2023"
"ws6ibl3qrvaaip7pws6ikjupydb4b70f","cargo_no_time","Cientista de Dados","2023"
"ws6ibl3qrvaaip7pws6ikjupydb4b70f","cargo_no_time","Analista de BI","2023"
"ws6ibl3qrvaaip7pws6ikjupydb4b70f","cargo_no_time","Business Analyst","2023"
"3lrxr1us2f1q6umt6heu3lrxr1usz7ww","cargo_no_time","DBA","2023"
"3lrxr1us2f1q6umt6heu3lrxr1usz7ww","cargo_no_time","Analista de BI","2023"
"3lrxr1us2f1q6umt6heu3lrxr1usz7ww","cargo_no_time","Business Analyst","2023"
"g0gsu6huv9a8wv39kjnzgg0gsu6h6goi","cargo_no_time","Analista de Dados","2023"
"g0gsu6huv9a8wv39kjnzgg0gsu6h6goi","cargo_no_time","Cientista de Dados","2023"
"g0gsu6huv9a8wv39kjnzgg0gsu6h6goi","cargo_no_time","DBA","2023"
"en6lrkopnv2qdynden6l527wsmke7vkv","cargo_no_time","Analytics Engineer","2023"
"en6lrkopnv2qdynden6l527wsmke7vkv","cargo_no_time","Engenharia de Dados","2023"
"en6lrkopnv2qdynden6l527wsmke7vkv","cargo_no_time","Analista de Dados","2023"
"en6lrkopnv2qdynden6l527wsmke7vkv","cargo_no_time","Cientista de Dados","2023"
"en6lrkopnv2qdynden6l527wsmke7vkv","cargo_no_time","DBA","2023"
"en6lrkopnv2qdynden6l527wsmke7vkv","cargo_no_time","Analista de BI","2023"
"en6lrkopnv2qdynden6l527wsmke7vkv","cargo_no_time","Arquiteto de Dados","2023"
"en6lrkopnv2qdynden6l527wsmke7vkv","cargo_no_time","Data Product Manager","2023"
"en6lrkopnv2qdynden6l527wsmke7vkv","cargo_no_time","Business Analyst","2023"
"z75h0hewr7gy1rqm5z75vr9qxv6pniv3","cargo_no_time","Analista de Dados","2023"
"z75h0hewr7gy1rqm5z75vr9qxv6pniv3","cargo_no_time","Analista de BI","2023"
"z75h0hewr7gy1rqm5z75vr9qxv6pniv3","cargo_no_time","Business Analyst","2023"
"alfr2xa44nkfcnejjfalfr2r0tdjkt2u","cargo_no_time","Analista de Dados","2023"
"alfr2xa44nkfcnejjfalfr2r0tdjkt2u","cargo_no_time","Cientista de Dados","2023"
"alfr2xa44nkfcnejjfalfr2r0tdjkt2u","cargo_no_time","DBA","2023"
"alfr2xa44nkfcnejjfalfr2r0tdjkt2u","cargo_no_time","Business Analyst","2023"
"pv3ocp58xcqfgvwusscapv37bqtfrd21","cargo_no_time","Analytics Engineer","2023"
"pv3ocp58xcqfgvwusscapv37bqtfrd21","cargo_no_time","Engenharia de Dados","2023"
"pv3ocp58xcqfgvwusscapv37bqtfrd21","cargo_no_time","Analista de Dados","2023"
"pv3ocp58xcqfgvwusscapv37bqtfrd21","cargo_no_time","Cientista de Dados","2023"
"pv3ocp58xcqfgvwusscapv37bqtfrd21","cargo_no_time","Analista de BI","2023"
"pv3ocp58xcqfgvwusscapv37bqtfrd21","cargo_no_time","Arquiteto de Dados","2023"
"pv3ocp58xcqfgvwusscapv37bqtfrd21","cargo_no_time","Data Product Manager","2023"
"pv3ocp58xcqfgvwusscapv37bqtfrd21","cargo_no_time","Business Analyst","2023"
"puylnyjjd6mf9ru1puydukao5vhdxdk4","cargo_no_time","Analytics Engineer","2023"
"puylnyjjd6mf9ru1puydukao5vhdxdk4","cargo_no_time","Engenharia de Dados","2023"
"puylnyjjd6mf9ru1puydukao5vhdxdk4","cargo_no_time","Analista de Dados","2023"
"puylnyjjd6mf9ru1puydukao5vhdxdk4","cargo_no_time","Cientista de Dados","2023"
"puylnyjjd6mf9ru1puydukao5vhdxdk4","cargo_no_time","Data Product Manager","2023"
"9fi7a9zi520sxg1siv9fiq5782pdzdsj","cargo_no_time","Engenharia de Dados","2023"
"9fi7a9zi520sxg1siv9fiq5782pdzdsj","cargo_no_time","Analista de Dados","2023"
"9fi7a9zi520sxg1siv9fiq5782pdzdsj","cargo_no_time","Cientista de Dados","2023"
"o2dsia5ldeyvt2po2dkk3r0hlf89j5dp","cargo_no_time","Analytics Engineer","2023"
"o2dsia5ldeyvt2po2dkk3r0hlf89j5dp","cargo_no_time","Engenharia de Dados","2023"
"o2dsia5ldeyvt2po2dkk3r0hlf89j5dp","cargo_no_time","Analista de Dados","2023"
"o2dsia5ldeyvt2po2dkk3r0hlf89j5dp","cargo_no_time","Cientista de Dados","2023"
"o2dsia5ldeyvt2po2dkk3r0hlf89j5dp","cargo_no_time","DBA","2023"
"o2dsia5ldeyvt2po2dkk3r0hlf89j5dp","cargo_no_time","Analista de BI","2023"
"o2dsia5ldeyvt2po2dkk3r0hlf89j5dp","cargo_no_time","Arquiteto de Dados","2023"
"o2dsia5ldeyvt2po2dkk3r0hlf89j5dp","cargo_no_time","Data Product Manager","2023"
"o2dsia5ldeyvt2po2dkk3r0hlf89j5dp","cargo_no_time","Business Analyst","2023"
"6wj3ftwaiyidiyd408g23s6wj3ftv0v3","cargo_no_time","Engenharia de Dados","2023"
"6wj3ftwaiyidiyd408g23s6wj3ftv0v3","cargo_no_time","Cientista de Dados","2023"
"kug1d15roo7v1zrjskug1d15ckxd415p","cargo_no_time","Analista de Dados","2023"
"kug1d15roo7v1zrjskug1d15ckxd415p","cargo_no_time","Cientista de Dados","2023"
"3qmfdww1rn0n48kyqxdsu3fuk3qmfdww","cargo_no_time","Analytics Engineer","2023"
"3qmfdww1rn0n48kyqxdsu3fuk3qmfdww","cargo_no_time","Engenharia de Dados","2023"
"3qmfdww1rn0n48kyqxdsu3fuk3qmfdww","cargo_no_time","Analista de Dados","2023"
"3qmfdww1rn0n48kyqxdsu3fuk3qmfdww","cargo_no_time","Cientista de Dados","2023"
"3qmfdww1rn0n48kyqxdsu3fuk3qmfdww","cargo_no_time","Analista de BI","2023"
"3qmfdww1rn0n48kyqxdsu3fuk3qmfdww","cargo_no_time","Data Product Manager","2023"
"3qmfdww1rn0n48kyqxdsu3fuk3qmfdww","cargo_no_time","Business Analyst","2023"
"ctblkai29blkxuctblktddl3c646tt68","cargo_no_time","Cientista de Dados","2023"
"ctblkai29blkxuctblktddl3c646tt68","cargo_no_time","Analista de BI","2023"
"ctblkai29blkxuctblktddl3c646tt68","cargo_no_time","Business Analyst","2023"
"51skirjrwp9lmibkl8w51skiretxn13l","cargo_no_time","Analytics Engineer","2023"
"51skirjrwp9lmibkl8w51skiretxn13l","cargo_no_time","Engenharia de Dados","2023"
"51skirjrwp9lmibkl8w51skiretxn13l","cargo_no_time","Analista de Dados","2023"
"51skirjrwp9lmibkl8w51skiretxn13l","cargo_no_time","Cientista de Dados","2023"
"51skirjrwp9lmibkl8w51skiretxn13l","cargo_no_time","Arquiteto de Dados","2023"
"51skirjrwp9lmibkl8w51skiretxn13l","cargo_no_time","Data Product Manager","2023"
"6djhnctfbcflpzg6djhrdmlqd0286b9t","cargo_no_time","Engenharia de Dados","2023"
"6djhnctfbcflpzg6djhrdmlqd0286b9t","cargo_no_time","Analista de Dados","2023"
"6djhnctfbcflpzg6djhrdmlqd0286b9t","cargo_no_time","Cientista de Dados","2023"
"vz84vr94w9wj2c7rbe6vz84u8fundh02","cargo_no_time","Analista de Dados","2023"
"vz84vr94w9wj2c7rbe6vz84u8fundh02","cargo_no_time","Cientista de Dados","2023"
"wyvm9vuinth78zvom03wyvm96024u7cg","cargo_no_time","Engenharia de Dados","2023"
"wyvm9vuinth78zvom03wyvm96024u7cg","cargo_no_time","Analista de Dados","2023"
"wyvm9vuinth78zvom03wyvm96024u7cg","cargo_no_time","Cientista de Dados","2023"
"wyvm9vuinth78zvom03wyvm96024u7cg","cargo_no_time","DBA","2023"
"wyvm9vuinth78zvom03wyvm96024u7cg","cargo_no_time","Arquiteto de Dados","2023"
"7wih0e8oa2wb0eakpeyge67wih0ecwk2","cargo_no_time","Analytics Engineer","2023"
"7wih0e8oa2wb0eakpeyge67wih0ecwk2","cargo_no_time","Engenharia de Dados","2023"
"7wih0e8oa2wb0eakpeyge67wih0ecwk2","cargo_no_time","Analista de Dados","2023"
"7wih0e8oa2wb0eakpeyge67wih0ecwk2","cargo_no_time","Cientista de Dados","2023"
"7wih0e8oa2wb0eakpeyge67wih0ecwk2","cargo_no_time","Data Product Manager","2023"
"tfccmqvbl1agl6tfcqtmlfmp2fi9q2is","cargo_no_time","Analista de Dados","2023"
"ef628r0h25rli1ujui54ef629hgpce3f","cargo_no_time","Engenharia de Dados","2023"
"ef628r0h25rli1ujui54ef629hgpce3f","cargo_no_time","Analista de Dados","2023"
"ef628r0h25rli1ujui54ef629hgpce3f","cargo_no_time","Cientista de Dados","2023"
"ef628r0h25rli1ujui54ef629hgpce3f","cargo_no_time","Analista de BI","2023"
"ef628r0h25rli1ujui54ef629hgpce3f","cargo_no_time","Data Product Manager","2023"
"rn34zbjnps675flrn34ksjclvq2uilm7","cargo_no_time","Analytics Engineer","2023"
"rn34zbjnps675flrn34ksjclvq2uilm7","cargo_no_time","Engenharia de Dados","2023"
"rn34zbjnps675flrn34ksjclvq2uilm7","cargo_no_time","Analista de Dados","2023"
"rn34zbjnps675flrn34ksjclvq2uilm7","cargo_no_time","Cientista de Dados","2023"
"mx1xwyqly1j0cruad56mx1xwyiiurdhx","cargo_no_time","Analista de Dados","2023"
"mx1xwyqly1j0cruad56mx1xwyiiurdhx","cargo_no_time","Analista de BI","2023"
"mx1xwyqly1j0cruad56mx1xwyiiurdhx","cargo_no_time","Arquiteto de Dados","2023"
"mx1xwyqly1j0cruad56mx1xwyiiurdhx","cargo_no_time","Business Analyst","2023"
"1mjwa49a3mvroi8p1mjwgxumf37stfvg","cargo_no_time","Analista de BI","2023"
"1mjwa49a3mvroi8p1mjwgxumf37stfvg","cargo_no_time","Business Analyst","2023"
"dxkrj5y278judxjwbvdxkrdjc4bsdehm","cargo_no_time","Analytics Engineer","2023"
"dxkrj5y278judxjwbvdxkrdjc4bsdehm","cargo_no_time","Engenharia de Dados","2023"
"dxkrj5y278judxjwbvdxkrdjc4bsdehm","cargo_no_time","Analista de Dados","2023"
"dxkrj5y278judxjwbvdxkrdjc4bsdehm","cargo_no_time","Cientista de Dados","2023"
"dxkrj5y278judxjwbvdxkrdjc4bsdehm","cargo_no_time","Data Product Manager","2023"
"duzuz53211jx2duzgcwyrpp9bpv0aesg","cargo_no_time","Engenharia de Dados","2023"
"duzuz53211jx2duzgcwyrpp9bpv0aesg","cargo_no_time","Analista de Dados","2023"
"duzuz53211jx2duzgcwyrpp9bpv0aesg","cargo_no_time","Cientista de Dados","2023"
"duzuz53211jx2duzgcwyrpp9bpv0aesg","cargo_no_time","DBA","2023"
"duzuz53211jx2duzgcwyrpp9bpv0aesg","cargo_no_time","Analista de BI","2023"
"duzuz53211jx2duzgcwyrpp9bpv0aesg","cargo_no_time","Arquiteto de Dados","2023"
"duzuz53211jx2duzgcwyrpp9bpv0aesg","cargo_no_time","Data Product Manager","2023"
"8ftnxwwexfjghr32ez8pz8ftnl4v9ol8","cargo_no_time","Engenharia de Dados","2023"
"8ftnxwwexfjghr32ez8pz8ftnl4v9ol8","cargo_no_time","Analista de Dados","2023"
"8ftnxwwexfjghr32ez8pz8ftnl4v9ol8","cargo_no_time","Cientista de Dados","2023"
"8ftnxwwexfjghr32ez8pz8ftnl4v9ol8","cargo_no_time","Arquiteto de Dados","2023"
"8ftnxwwexfjghr32ez8pz8ftnl4v9ol8","cargo_no_time","Data Product Manager","2023"
"8ftnxwwexfjghr32ez8pz8ftnl4v9ol8","cargo_no_time","Business Analyst","2023"
"3nt20c7u47lj3uax8k86r3nt20c7rves","cargo_no_time","Analytics Engineer","2023"
"3nt20c7u47lj3uax8k86r3nt20c7rves","cargo_no_time","Engenharia de Dados","2023"
"3nt20c7u47lj3uax8k86r3nt20c7rves","cargo_no_time","Analista de Dados","2023"
"3puphv35koob78lwx23puphcvmuv1786","cargo_no_time","Engenharia de Dados","2023"
"3puphv35koob78lwx23puphcvmuv1786","cargo_no_time","Cientista de Dados","2023"
"ivdg9r4xg08xkke5pivdg9l5tqdioei9","cargo_no_time","Analytics Engineer","2023"
"ivdg9r4xg08xkke5pivdg9l5tqdioei9","cargo_no_time","Analista de Dados","2023"
"ivdg9r4xg08xkke5pivdg9l5tqdioei9","cargo_no_time","Cientista de Dados","2023"
"ivdg9r4xg08xkke5pivdg9l5tqdioei9","cargo_no_time","Analista de BI","2023"
"ivdg9r4xg08xkke5pivdg9l5tqdioei9","cargo_no_time","Data Product Manager","2023"
"9emb9e00mdu2ym3r9emb9sn5zd09tlfi","cargo_no_time","Engenharia de Dados","2023"
"9emb9e00mdu2ym3r9emb9sn5zd09tlfi","cargo_no_time","DBA","2023"
"9emb9e00mdu2ym3r9emb9sn5zd09tlfi","cargo_no_time","Analista de BI","2023"
"p95ymhajmtiuhc0fb9qod4p95ymwcbxw","cargo_no_time","Analytics Engineer","2023"
"p95ymhajmtiuhc0fb9qod4p95ymwcbxw","cargo_no_time","Engenharia de Dados","2023"
"p95ymhajmtiuhc0fb9qod4p95ymwcbxw","cargo_no_time","Cientista de Dados","2023"
"p95ymhajmtiuhc0fb9qod4p95ymwcbxw","cargo_no_time","Analista de BI","2023"
"p95ymhajmtiuhc0fb9qod4p95ymwcbxw","cargo_no_time","Arquiteto de Dados","2023"
"p95ymhajmtiuhc0fb9qod4p95ymwcbxw","cargo_no_time","Data Product Manager","2023"
"p95ymhajmtiuhc0fb9qod4p95ymwcbxw","cargo_no_time","Business Analyst","2023"
"rdlg7npqacrttrdlmnlmrcbwzgckuib9","cargo_no_time","Engenharia de Dados","2023"
"rdlg7npqacrttrdlmnlmrcbwzgckuib9","cargo_no_time","Cientista de Dados","2023"
"rdlg7npqacrttrdlmnlmrcbwzgckuib9","cargo_no_time","Analista de BI","2023"
"2e215h4a4helllcb8zg02e215hq9g1gd","cargo_no_time","Analista de Dados","2023"
"2e215h4a4helllcb8zg02e215hq9g1gd","cargo_no_time","Cientista de Dados","2023"
"2e215h4a4helllcb8zg02e215hq9g1gd","cargo_no_time","Analista de BI","2023"
"egyxha7t7zv4724k7hlqegyxha7uof63","cargo_no_time","Engenharia de Dados","2023"
"egyxha7t7zv4724k7hlqegyxha7uof63","cargo_no_time","Cientista de Dados","2023"
"i0sjsws206v4mtei0sjsrdd5bz1k70xg","cargo_no_time","Engenharia de Dados","2023"
"i0sjsws206v4mtei0sjsrdd5bz1k70xg","cargo_no_time","Analista de Dados","2023"
"i0sjsws206v4mtei0sjsrdd5bz1k70xg","cargo_no_time","Cientista de Dados","2023"
"4u53kaedje8erx2plkh7j4u53kajftp8","cargo_no_time","Analista de Dados","2023"
"4u53kaedje8erx2plkh7j4u53kajftp8","cargo_no_time","Cientista de Dados","2023"
"4u53kaedje8erx2plkh7j4u53kajftp8","cargo_no_time","Business Analyst","2023"
"dh4dh7suqrbrf9g5goip40dh4dh7s9sy","cargo_no_time","Analista de Dados","2023"
"dh4dh7suqrbrf9g5goip40dh4dh7s9sy","cargo_no_time","Business Analyst","2023"
"6xhkufk822zdn2yk70lg6x9wdlox0oxl","cargo_no_time","Engenharia de Dados","2023"
"6xhkufk822zdn2yk70lg6x9wdlox0oxl","cargo_no_time","Cientista de Dados","2023"
"6xhkufk822zdn2yk70lg6x9wdlox0oxl","cargo_no_time","Arquiteto de Dados","2023"
"v2inuf0vqbqmd7w1h72u43v2inufl1mj","cargo_no_time","Analista de Dados","2023"
"v2inuf0vqbqmd7w1h72u43v2inufl1mj","cargo_no_time","Cientista de Dados","2023"
"v2inuf0vqbqmd7w1h72u43v2inufl1mj","cargo_no_time","DBA","2023"
"v2inuf0vqbqmd7w1h72u43v2inufl1mj","cargo_no_time","Analista de BI","2023"
"v2inuf0vqbqmd7w1h72u43v2inufl1mj","cargo_no_time","Business Analyst","2023"
"pwoee4xdm4oyxirwa9z4pwoee4x5knur","cargo_no_time","Engenharia de Dados","2023"
"pwoee4xdm4oyxirwa9z4pwoee4x5knur","cargo_no_time","Analista de Dados","2023"
"pwoee4xdm4oyxirwa9z4pwoee4x5knur","cargo_no_time","Arquiteto de Dados","2023"
"0tl82osi0qhnkaj9x0tl8izgbvvl9bju","cargo_no_time","Analista de Dados","2024"
"00an4map6plykv9zmmwc400atuh2scka","cargo_no_time","Analista de Dados","2024"
"00an4map6plykv9zmmwc400atuh2scka","cargo_no_time","Cientista de Dados","2024"
"00an4map6plykv9zmmwc400atuh2scka","cargo_no_time","DBA","2024"
"00an4map6plykv9zmmwc400atuh2scka","cargo_no_time","Analista de BI","2024"
"gmxb1l61dt8uxhd961l2igmxb1l73slp","cargo_no_time","Analista de Dados","2024"
"gmxb1l61dt8uxhd961l2igmxb1l73slp","cargo_no_time","Cientista de Dados","2024"
"gmxb1l61dt8uxhd961l2igmxb1l73slp","cargo_no_time","Analista de BI","2024"
"misb0uhhyn3y2vdl8tmtmisbzaxndzkv","cargo_no_time","Engenharia de Dados","2024"
"misb0uhhyn3y2vdl8tmtmisbzaxndzkv","cargo_no_time","Analista de Dados","2024"
"gmxb1l61dt8uxhd961l2igmxb1l73slp","cargo_no_time","Business Analyst","2024"
"gmxb1l61dt8uxhd961l2igmxb1l73slp","cargo_no_time","ML/AI Engineer","2024"
"ojw7oatgeapf8dojnxfpza2wo68e8mbe","cargo_no_time","Engenharia de Dados","2024"
"ojw7oatgeapf8dojnxfpza2wo68e8mbe","cargo_no_time","Analista de Dados","2024"
"ojw7oatgeapf8dojnxfpza2wo68e8mbe","cargo_no_time","Cientista de Dados","2024"
"ojw7oatgeapf8dojnxfpza2wo68e8mbe","cargo_no_time","Analista de BI","2024"
"ojw7oatgeapf8dojnxfpza2wo68e8mbe","cargo_no_time","Arquiteto de Dados","2024"
"ojw7oatgeapf8dojnxfpza2wo68e8mbe","cargo_no_time","Data Product Manager","2024"
"misb0uhhyn3y2vdl8tmtmisbzaxndzkv","cargo_no_time","Cientista de Dados","2024"
"misb0uhhyn3y2vdl8tmtmisbzaxndzkv","cargo_no_time","Analista de BI","2024"
"misb0uhhyn3y2vdl8tmtmisbzaxndzkv","cargo_no_time","Arquiteto de Dados","2024"
"misb0uhhyn3y2vdl8tmtmisbzaxndzkv","cargo_no_time","ML/AI Engineer","2024"
"ojw7oatgeapf8dojnxfpza2wo68e8mbe","cargo_no_time","ML/AI Engineer","2024"
"z4omempowiflctz4oicdfwp0optzp42b","cargo_no_time","Analytics Engineer","2024"
"z4omempowiflctz4oicdfwp0optzp42b","cargo_no_time","Engenharia de Dados","2024"
"z4omempowiflctz4oicdfwp0optzp42b","cargo_no_time","Cientista de Dados","2024"
"z4omempowiflctz4oicdfwp0optzp42b","cargo_no_time","Analista de BI","2024"
"z4omempowiflctz4oicdfwp0optzp42b","cargo_no_time","Arquiteto de Dados","2024"
"z4omempowiflctz4oicdfwp0optzp42b","cargo_no_time","Data Product Manager","2024"
"z4omempowiflctz4oicdfwp0optzp42b","cargo_no_time","ML/AI Engineer","2024"
"d9rskxnqi0l1d4785t1tvd9rskxncetd","cargo_no_time","Cientista de Dados","2024"
"d9rskxnqi0l1d4785t1tvd9rskxncetd","cargo_no_time","ML/AI Engineer","2024"
"xul3rxjthx1p0r8y2woixul3rxjrgqep","cargo_no_time","Analytics Engineer","2024"
"xul3rxjthx1p0r8y2woixul3rxjrgqep","cargo_no_time","Engenharia de Dados","2024"
"xul3rxjthx1p0r8y2woixul3rxjrgqep","cargo_no_time","Analista de Dados","2024"
"xul3rxjthx1p0r8y2woixul3rxjrgqep","cargo_no_time","Arquiteto de Dados","2024"
"eqy2kfg7z6wbsyr6l40eqy2k9gtq8zs3","cargo_no_time","Analista de Dados","2024"
"eqy2kfg7z6wbsyr6l40eqy2k9gtq8zs3","cargo_no_time","Analista de BI","2024"
"erzhfo62dn3dgl2xl3zzerzhfoalk45a","cargo_no_time","Cientista de Dados","2024"
"erzhfo62dn3dgl2xl3zzerzhfoalk45a","cargo_no_time","Business Analyst","2024"
"bu9aw29l00mpm10qbu9aw29fjnzo9lle","cargo_no_time","Analytics Engineer","2024"
"bu9aw29l00mpm10qbu9aw29fjnzo9lle","cargo_no_time","Engenharia de Dados","2024"
"bu9aw29l00mpm10qbu9aw29fjnzo9lle","cargo_no_time","Cientista de Dados","2024"
"bu9aw29l00mpm10qbu9aw29fjnzo9lle","cargo_no_time","Arquiteto de Dados","2024"
"bu9aw29l00mpm10qbu9aw29fjnzo9lle","cargo_no_time","Data Product Manager","2024"
"bu9aw29l00mpm10qbu9aw29fjnzo9lle","cargo_no_time","ML/AI Engineer","2024"
"eqy2kfg7z6wbsyr6l40eqy2k9gtq8zs3","cargo_no_time","Business Analyst","2024"
"6nf8kxafvse71nv4jh16nf8kxodreqky","cargo_no_time","Analytics Engineer","2024"
"6nf8kxafvse71nv4jh16nf8kxodreqky","cargo_no_time","Engenharia de Dados","2024"
"6nf8kxafvse71nv4jh16nf8kxodreqky","cargo_no_time","Analista de Dados","2024"
"6nf8kxafvse71nv4jh16nf8kxodreqky","cargo_no_time","Cientista de Dados","2024"
"6nf8kxafvse71nv4jh16nf8kxodreqky","cargo_no_time","Analista de BI","2024"
"6nf8kxafvse71nv4jh16nf8kxodreqky","cargo_no_time","Business Analyst","2024"
"z31v0tlxycne9x3c4dx9z31v0altvvuv","cargo_no_time","Engenharia de Dados","2024"
"z31v0tlxycne9x3c4dx9z31v0altvvuv","cargo_no_time","Analista de Dados","2024"
"z31v0tlxycne9x3c4dx9z31v0altvvuv","cargo_no_time","Cientista de Dados","2024"
"z31v0tlxycne9x3c4dx9z31v0altvvuv","cargo_no_time","Analista de BI","2024"
"z31v0tlxycne9x3c4dx9z31v0altvvuv","cargo_no_time","Arquiteto de Dados","2024"
"z31v0tlxycne9x3c4dx9z31v0altvvuv","cargo_no_time","Data Product Manager","2024"
"inxep1vi17whqvd5lcgginxep1mo7cll","cargo_no_time","Analista de Dados","2024"
"inxep1vi17whqvd5lcgginxep1mo7cll","cargo_no_time","Analista de BI","2024"
"inxep1vi17whqvd5lcgginxep1mo7cll","cargo_no_time","Business Analyst","2024"
"8a1jrotbx2veqqnhhhncl8a1jroqngfs","cargo_no_time","Analista de Dados","2024"
"8a1jrotbx2veqqnhhhncl8a1jroqngfs","cargo_no_time","Analista de BI","2024"
"2maecwi0xmbit1ue3jxy2maecubhezvm","cargo_no_time","Analista de Dados","2024"
"2maecwi0xmbit1ue3jxy2maecubhezvm","cargo_no_time","Analista de BI","2024"
"2maecwi0xmbit1ue3jxy2maecubhezvm","cargo_no_time","Business Analyst","2024"
"y3oek6zijukmcmx2yny3oekmbik473uu","cargo_no_time","Analista de Dados","2024"
"y3oek6zijukmcmx2yny3oekmbik473uu","cargo_no_time","Analista de BI","2024"
"y3oek6zijukmcmx2yny3oekmbik473uu","cargo_no_time","Business Analyst","2024"
"hgtw2s5o5vvzr5cbvhgtr5tulkulp1t2","cargo_no_time","Engenharia de Dados","2024"
"hgtw2s5o5vvzr5cbvhgtr5tulkulp1t2","cargo_no_time","Analista de Dados","2024"
"hgtw2s5o5vvzr5cbvhgtr5tulkulp1t2","cargo_no_time","Cientista de Dados","2024"
"hgtw2s5o5vvzr5cbvhgtr5tulkulp1t2","cargo_no_time","DBA","2024"
"hgtw2s5o5vvzr5cbvhgtr5tulkulp1t2","cargo_no_time","Analista de BI","2024"
"hgtw2s5o5vvzr5cbvhgtr5tulkulp1t2","cargo_no_time","Arquiteto de Dados","2024"
"hgtw2s5o5vvzr5cbvhgtr5tulkulp1t2","cargo_no_time","ML/AI Engineer","2024"
"boh2pd3dtxcthvoy9ewzboh2p000vn48","cargo_no_time","Analytics Engineer","2024"
"pqkjwh0nlr5e2485hs1jpqkjwhnez71z","cargo_no_time","Analytics Engineer","2024"
"pqkjwh0nlr5e2485hs1jpqkjwhnez71z","cargo_no_time","Engenharia de Dados","2024"
"pqkjwh0nlr5e2485hs1jpqkjwhnez71z","cargo_no_time","Analista de Dados","2024"
"pqkjwh0nlr5e2485hs1jpqkjwhnez71z","cargo_no_time","Cientista de Dados","2024"
"pqkjwh0nlr5e2485hs1jpqkjwhnez71z","cargo_no_time","Arquiteto de Dados","2024"
"pqkjwh0nlr5e2485hs1jpqkjwhnez71z","cargo_no_time","Data Product Manager","2024"
"pqkjwh0nlr5e2485hs1jpqkjwhnez71z","cargo_no_time","Business Analyst","2024"
"0lyipo6ygqh0wkmfvn10lyi8vufgtfc9","cargo_no_time","Analista de BI","2024"
"0lyipo6ygqh0wkmfvn10lyi8vufgtfc9","cargo_no_time","Business Analyst","2024"
"bdxdshtvowkpdhqhmbdxdacg78nicxq8","cargo_no_time","Engenharia de Dados","2024"
"bdxdshtvowkpdhqhmbdxdacg78nicxq8","cargo_no_time","Analista de Dados","2024"
"bdxdshtvowkpdhqhmbdxdacg78nicxq8","cargo_no_time","Cientista de Dados","2024"
"bdxdshtvowkpdhqhmbdxdacg78nicxq8","cargo_no_time","Arquiteto de Dados","2024"
"bdxdshtvowkpdhqhmbdxdacg78nicxq8","cargo_no_time","Data Product Manager","2024"
"bdxdshtvowkpdhqhmbdxdacg78nicxq8","cargo_no_time","ML/AI Engineer","2024"
"wed2lp8dvvpvhklvdsfwed2lhecspfyq","cargo_no_time","Analytics Engineer","2024"
"boh2pd3dtxcthvoy9ewzboh2p000vn48","cargo_no_time","Engenharia de Dados","2024"
"boh2pd3dtxcthvoy9ewzboh2p000vn48","cargo_no_time","Analista de Dados","2024"
"43s50yhcgl88ut143s50yk86s4wytq6y","cargo_no_time","DBA","2024"
"43s50yhcgl88ut143s50yk86s4wytq6y","cargo_no_time","Analista de BI","2024"
"64kjcslsz6wvf64vhfqu3gz7s1fblopm","cargo_no_time","Analytics Engineer","2024"
"64kjcslsz6wvf64vhfqu3gz7s1fblopm","cargo_no_time","Cientista de Dados","2024"
"64kjcslsz6wvf64vhfqu3gz7s1fblopm","cargo_no_time","Business Analyst","2024"
"64kjcslsz6wvf64vhfqu3gz7s1fblopm","cargo_no_time","ML/AI Engineer","2024"
"qellauizkoqi916ur0qellauaneuvm5n","cargo_no_time","Analista de BI","2024"
"0i0ypex58839wyjpb5440i0t17mhxf2u","cargo_no_time","Analytics Engineer","2024"
"0i0ypex58839wyjpb5440i0t17mhxf2u","cargo_no_time","Engenharia de Dados","2024"
"0i0ypex58839wyjpb5440i0t17mhxf2u","cargo_no_time","Analista de Dados","2024"
"0i0ypex58839wyjpb5440i0t17mhxf2u","cargo_no_time","Cientista de Dados","2024"
"0i0ypex58839wyjpb5440i0t17mhxf2u","cargo_no_time","Analista de BI","2024"
"0i0ypex58839wyjpb5440i0t17mhxf2u","cargo_no_time","Business Analyst","2024"
"zre7ri1wsxlkw3zre79zzlfjtt4o42qd","cargo_no_time","Engenharia de Dados","2024"
"zre7ri1wsxlkw3zre79zzlfjtt4o42qd","cargo_no_time","Analista de Dados","2024"
"zre7ri1wsxlkw3zre79zzlfjtt4o42qd","cargo_no_time","Cientista de Dados","2024"
"zre7ri1wsxlkw3zre79zzlfjtt4o42qd","cargo_no_time","DBA","2024"
"zre7ri1wsxlkw3zre79zzlfjtt4o42qd","cargo_no_time","Analista de BI","2024"
"zre7ri1wsxlkw3zre79zzlfjtt4o42qd","cargo_no_time","Arquiteto de Dados","2024"
"zre7ri1wsxlkw3zre79zzlfjtt4o42qd","cargo_no_time","ML/AI Engineer","2024"
"ezzume298cv8zj5aezzume56i1g1uyvo","cargo_no_time","Analytics Engineer","2024"
"ezzume298cv8zj5aezzume56i1g1uyvo","cargo_no_time","Engenharia de Dados","2024"
"ezzume298cv8zj5aezzume56i1g1uyvo","cargo_no_time","Analista de Dados","2024"
"ezzume298cv8zj5aezzume56i1g1uyvo","cargo_no_time","Cientista de Dados","2024"
"ezzume298cv8zj5aezzume56i1g1uyvo","cargo_no_time","DBA","2024"
"ezzume298cv8zj5aezzume56i1g1uyvo","cargo_no_time","Analista de BI","2024"
"ezzume298cv8zj5aezzume56i1g1uyvo","cargo_no_time","Arquiteto de Dados","2024"
"ezzume298cv8zj5aezzume56i1g1uyvo","cargo_no_time","Data Product Manager","2024"
"ezzume298cv8zj5aezzume56i1g1uyvo","cargo_no_time","Business Analyst","2024"
"ezzume298cv8zj5aezzume56i1g1uyvo","cargo_no_time","ML/AI Engineer","2024"
"jim6bi3hgnjp718zilnjim6bidgkq8v5","cargo_no_time","Analytics Engineer","2024"
"jim6bi3hgnjp718zilnjim6bidgkq8v5","cargo_no_time","Engenharia de Dados","2024"
"jim6bi3hgnjp718zilnjim6bidgkq8v5","cargo_no_time","Analista de Dados","2024"
"jim6bi3hgnjp718zilnjim6bidgkq8v5","cargo_no_time","Cientista de Dados","2024"
"jim6bi3hgnjp718zilnjim6bidgkq8v5","cargo_no_time","DBA","2024"
"jim6bi3hgnjp718zilnjim6bidgkq8v5","cargo_no_time","Analista de BI","2024"
"jim6bi3hgnjp718zilnjim6bidgkq8v5","cargo_no_time","Arquiteto de Dados","2024"
"jim6bi3hgnjp718zilnjim6bidgkq8v5","cargo_no_time","Data Product Manager","2024"
"jim6bi3hgnjp718zilnjim6bidgkq8v5","cargo_no_time","Business Analyst","2024"
"jim6bi3hgnjp718zilnjim6bidgkq8v5","cargo_no_time","ML/AI Engineer","2024"
"tk5i3o9x1jslnc8tk5i53rfwwpdd4gbf","cargo_no_time","Engenharia de Dados","2024"
"tk5i3o9x1jslnc8tk5i53rfwwpdd4gbf","cargo_no_time","DBA","2024"
"tk5i3o9x1jslnc8tk5i53rfwwpdd4gbf","cargo_no_time","ML/AI Engineer","2024"
"tsxvehm0ntt4ts5blokwo7nn4lvjc2ve","cargo_no_time","Analista de BI","2024"
"hk3bv2jxke7ecvbz1hk3bjr4dvlm3biv","cargo_no_time","Engenharia de Dados","2024"
"hk3bv2jxke7ecvbz1hk3bjr4dvlm3biv","cargo_no_time","Analista de Dados","2024"
"hk3bv2jxke7ecvbz1hk3bjr4dvlm3biv","cargo_no_time","Cientista de Dados","2024"
"hk3bv2jxke7ecvbz1hk3bjr4dvlm3biv","cargo_no_time","DBA","2024"
"hk3bv2jxke7ecvbz1hk3bjr4dvlm3biv","cargo_no_time","Analista de BI","2024"
"hk3bv2jxke7ecvbz1hk3bjr4dvlm3biv","cargo_no_time","Arquiteto de Dados","2024"
"hk3bv2jxke7ecvbz1hk3bjr4dvlm3biv","cargo_no_time","Data Product Manager","2024"
"hk3bv2jxke7ecvbz1hk3bjr4dvlm3biv","cargo_no_time","Business Analyst","2024"
"hk3bv2jxke7ecvbz1hk3bjr4dvlm3biv","cargo_no_time","ML/AI Engineer","2024"
"7m28fduzxo6nri9bm97m28c564m5mas0","cargo_no_time","Analista de Dados","2024"
"rhuo7muqb75k56ae1quw8zyrhuo7muu1","cargo_no_time","Engenharia de Dados","2024"
"rhuo7muqb75k56ae1quw8zyrhuo7muu1","cargo_no_time","Analista de Dados","2024"
"rhuo7muqb75k56ae1quw8zyrhuo7muu1","cargo_no_time","Cientista de Dados","2024"
"rhuo7muqb75k56ae1quw8zyrhuo7muu1","cargo_no_time","Arquiteto de Dados","2024"
"rhuo7muqb75k56ae1quw8zyrhuo7muu1","cargo_no_time","Data Product Manager","2024"
"rhuo7muqb75k56ae1quw8zyrhuo7muu1","cargo_no_time","Business Analyst","2024"
"hmqhltd1dq1a79t08xv0hmqhluvccwxz","cargo_no_time","Analytics Engineer","2024"
"hmqhltd1dq1a79t08xv0hmqhluvccwxz","cargo_no_time","Engenharia de Dados","2024"
"wed2lp8dvvpvhklvdsfwed2lhecspfyq","cargo_no_time","Cientista de Dados","2024"
"wed2lp8dvvpvhklvdsfwed2lhecspfyq","cargo_no_time","Business Analyst","2024"
"wed2lp8dvvpvhklvdsfwed2lhecspfyq","cargo_no_time","ML/AI Engineer","2024"
"z1bqgaws8j1rs30sbaz1bqso24k4u9ah","cargo_no_time","Engenharia de Dados","2024"
"z1bqgaws8j1rs30sbaz1bqso24k4u9ah","cargo_no_time","Cientista de Dados","2024"
"z1bqgaws8j1rs30sbaz1bqso24k4u9ah","cargo_no_time","Analista de BI","2024"
"povabk26gif45n7povabk250vdot4ud2","cargo_no_time","Engenharia de Dados","2024"
"povabk26gif45n7povabk250vdot4ud2","cargo_no_time","Analista de Dados","2024"
"povabk26gif45n7povabk250vdot4ud2","cargo_no_time","Analista de BI","2024"
"povabk26gif45n7povabk250vdot4ud2","cargo_no_time","Business Analyst","2024"
"mwroxna9rupz89vrswmwroxns68jcoi0","cargo_no_time","Cientista de Dados","2024"
"mwroxna9rupz89vrswmwroxns68jcoi0","cargo_no_time","Analista de BI","2024"
"mwroxna9rupz89vrswmwroxns68jcoi0","cargo_no_time","Business Analyst","2024"
"mwroxna9rupz89vrswmwroxns68jcoi0","cargo_no_time","ML/AI Engineer","2024"
"tvyb3nb5eo0tvym76se803bjwfc0m76s","cargo_no_time","Analytics Engineer","2024"
"tvyb3nb5eo0tvym76se803bjwfc0m76s","cargo_no_time","Engenharia de Dados","2024"
"tvyb3nb5eo0tvym76se803bjwfc0m76s","cargo_no_time","Analista de Dados","2024"
"tvyb3nb5eo0tvym76se803bjwfc0m76s","cargo_no_time","Cientista de Dados","2024"
"tvyb3nb5eo0tvym76se803bjwfc0m76s","cargo_no_time","DBA","2024"
"tvyb3nb5eo0tvym76se803bjwfc0m76s","cargo_no_time","Analista de BI","2024"
"tvyb3nb5eo0tvym76se803bjwfc0m76s","cargo_no_time","Arquiteto de Dados","2024"
"tvyb3nb5eo0tvym76se803bjwfc0m76s","cargo_no_time","Data Product Manager","2024"
"tvyb3nb5eo0tvym76se803bjwfc0m76s","cargo_no_time","Business Analyst","2024"
"tvyb3nb5eo0tvym76se803bjwfc0m76s","cargo_no_time","ML/AI Engineer","2024"
"kj2erlki4zedivnc29kj2eromq8u1uwh","cargo_no_time","Engenharia de Dados","2024"
"kj2erlki4zedivnc29kj2eromq8u1uwh","cargo_no_time","Analista de Dados","2024"
"kj2erlki4zedivnc29kj2eromq8u1uwh","cargo_no_time","Cientista de Dados","2024"
"kj2erlki4zedivnc29kj2eromq8u1uwh","cargo_no_time","Analista de BI","2024"
"kj2erlki4zedivnc29kj2eromq8u1uwh","cargo_no_time","Business Analyst","2024"
"cozsv7fc13w6grc6ojcoz41gz6pf89sq","cargo_no_time","Engenharia de Dados","2024"
"cozsv7fc13w6grc6ojcoz41gz6pf89sq","cargo_no_time","Analista de Dados","2024"
"cozsv7fc13w6grc6ojcoz41gz6pf89sq","cargo_no_time","Cientista de Dados","2024"
"hmqhltd1dq1a79t08xv0hmqhluvccwxz","cargo_no_time","Analista de BI","2024"
"wu8g2lxvr9h2rgqqinfwu8g2qahl4ivv","cargo_no_time","Engenharia de Dados","2024"
"wu8g2lxvr9h2rgqqinfwu8g2qahl4ivv","cargo_no_time","Analista de Dados","2024"
"wu8g2lxvr9h2rgqqinfwu8g2qahl4ivv","cargo_no_time","Cientista de Dados","2024"
"wu8g2lxvr9h2rgqqinfwu8g2qahl4ivv","cargo_no_time","Analista de BI","2024"
"wu8g2lxvr9h2rgqqinfwu8g2qahl4ivv","cargo_no_time","Arquiteto de Dados","2024"
"wu8g2lxvr9h2rgqqinfwu8g2qahl4ivv","cargo_no_time","Data Product Manager","2024"
"e12y6l4xcsf6d8e12nsrjg2137778247","cargo_no_time","Analytics Engineer","2024"
"e12y6l4xcsf6d8e12nsrjg2137778247","cargo_no_time","Engenharia de Dados","2024"
"e12y6l4xcsf6d8e12nsrjg2137778247","cargo_no_time","Analista de BI","2024"
"e12y6l4xcsf6d8e12nsrjg2137778247","cargo_no_time","Business Analyst","2024"
"tcs7io9jq7ffdgfvtcs7zkb8iv0grqs0","cargo_no_time","Analytics Engineer","2024"
"tcs7io9jq7ffdgfvtcs7zkb8iv0grqs0","cargo_no_time","Engenharia de Dados","2024"
"tcs7io9jq7ffdgfvtcs7zkb8iv0grqs0","cargo_no_time","Analista de Dados","2024"
"tcs7io9jq7ffdgfvtcs7zkb8iv0grqs0","cargo_no_time","Cientista de Dados","2024"
"tcs7io9jq7ffdgfvtcs7zkb8iv0grqs0","cargo_no_time","Analista de BI","2024"
"tcs7io9jq7ffdgfvtcs7zkb8iv0grqs0","cargo_no_time","Business Analyst","2024"
"tcs7io9jq7ffdgfvtcs7zkb8iv0grqs0","cargo_no_time","ML/AI Engineer","2024"
"s4jdd4g9qvyuj2dsav0dbe36sqao4644","cargo_no_time","Engenharia de Dados","2024"
"s4jdd4g9qvyuj2dsav0dbe36sqao4644","cargo_no_time","Analista de Dados","2024"
"s4jdd4g9qvyuj2dsav0dbe36sqao4644","cargo_no_time","Cientista de Dados","2024"
"s4jdd4g9qvyuj2dsav0dbe36sqao4644","cargo_no_time","ML/AI Engineer","2024"
"bk47llx2xj4ow30xojgbk47llj6kkrhw","cargo_no_time","Analytics Engineer","2024"
"bk47llx2xj4ow30xojgbk47llj6kkrhw","cargo_no_time","Engenharia de Dados","2024"
"bk47llx2xj4ow30xojgbk47llj6kkrhw","cargo_no_time","Analista de Dados","2024"
"bk47llx2xj4ow30xojgbk47llj6kkrhw","cargo_no_time","Cientista de Dados","2024"
"bk47llx2xj4ow30xojgbk47llj6kkrhw","cargo_no_time","Analista de BI","2024"
"bk47llx2xj4ow30xojgbk47llj6kkrhw","cargo_no_time","Arquiteto de Dados","2024"
"bk47llx2xj4ow30xojgbk47llj6kkrhw","cargo_no_time","Data Product Manager","2024"
"bk47llx2xj4ow30xojgbk47llj6kkrhw","cargo_no_time","ML/AI Engineer","2024"
"qgvyiysiufac9i7mqgvyiy5gkjhd6sr6","cargo_no_time","Analytics Engineer","2024"
"qgvyiysiufac9i7mqgvyiy5gkjhd6sr6","cargo_no_time","Engenharia de Dados","2024"
"qgvyiysiufac9i7mqgvyiy5gkjhd6sr6","cargo_no_time","Analista de Dados","2024"
"qgvyiysiufac9i7mqgvyiy5gkjhd6sr6","cargo_no_time","Analista de BI","2024"
"qgvyiysiufac9i7mqgvyiy5gkjhd6sr6","cargo_no_time","Arquiteto de Dados","2024"
"qgvyiysiufac9i7mqgvyiy5gkjhd6sr6","cargo_no_time","Business Analyst","2024"
"awm87mv4gr4mawmvmmij1wbcstg53cej","cargo_no_time","Engenharia de Dados","2024"
"awm87mv4gr4mawmvmmij1wbcstg53cej","cargo_no_time","Analista de BI","2024"
"awm87mv4gr4mawmvmmij1wbcstg53cej","cargo_no_time","Business Analyst","2024"
"81qwpara9mohtlq81qw3m88kqdnl94fv","cargo_no_time","Engenharia de Dados","2024"
"81qwpara9mohtlq81qw3m88kqdnl94fv","cargo_no_time","Analista de Dados","2024"
"81qwpara9mohtlq81qw3m88kqdnl94fv","cargo_no_time","Cientista de Dados","2024"
"81qwpara9mohtlq81qw3m88kqdnl94fv","cargo_no_time","DBA","2024"
"81qwpara9mohtlq81qw3m88kqdnl94fv","cargo_no_time","Analista de BI","2024"
"81qwpara9mohtlq81qw3m88kqdnl94fv","cargo_no_time","Arquiteto de Dados","2024"
"81qwpara9mohtlq81qw3m88kqdnl94fv","cargo_no_time","Business Analyst","2024"
"0r9hag5lolpvu21vprocu0r9hagstrnf","cargo_no_time","Engenharia de Dados","2024"
"0r9hag5lolpvu21vprocu0r9hagstrnf","cargo_no_time","Analista de Dados","2024"
"0r9hag5lolpvu21vprocu0r9hagstrnf","cargo_no_time","DBA","2024"
"0r9hag5lolpvu21vprocu0r9hagstrnf","cargo_no_time","Analista de BI","2024"
"0r9hag5lolpvu21vprocu0r9hagstrnf","cargo_no_time","Arquiteto de Dados","2024"
"2g1p2ts01odau0ax2g1p2tl4w4ulv9x5","cargo_no_time","Analytics Engineer","2024"
"2g1p2ts01odau0ax2g1p2tl4w4ulv9x5","cargo_no_time","Engenharia de Dados","2024"
"2g1p2ts01odau0ax2g1p2tl4w4ulv9x5","cargo_no_time","Analista de Dados","2024"
"2g1p2ts01odau0ax2g1p2tl4w4ulv9x5","cargo_no_time","Cientista de Dados","2024"
"2g1p2ts01odau0ax2g1p2tl4w4ulv9x5","cargo_no_time","Analista de BI","2024"
"2g1p2ts01odau0ax2g1p2tl4w4ulv9x5","cargo_no_time","Arquiteto de Dados","2024"
"2g1p2ts01odau0ax2g1p2tl4w4ulv9x5","cargo_no_time","Data Product Manager","2024"
"2g1p2ts01odau0ax2g1p2tl4w4ulv9x5","cargo_no_time","Business Analyst","2024"
"2g1p2ts01odau0ax2g1p2tl4w4ulv9x5","cargo_no_time","ML/AI Engineer","2024"
"vr2b1gxyi0hs5si5vr2bm5zm5gnksx0x","cargo_no_time","Engenharia de Dados","2024"
"vr2b1gxyi0hs5si5vr2bm5zm5gnksx0x","cargo_no_time","Analista de Dados","2024"
"vr2b1gxyi0hs5si5vr2bm5zm5gnksx0x","cargo_no_time","Cientista de Dados","2024"
"vr2b1gxyi0hs5si5vr2bm5zm5gnksx0x","cargo_no_time","Analista de BI","2024"
"vr2b1gxyi0hs5si5vr2bm5zm5gnksx0x","cargo_no_time","Arquiteto de Dados","2024"
"vr2b1gxyi0hs5si5vr2bm5zm5gnksx0x","cargo_no_time","ML/AI Engineer","2024"
"3kr9zfsaz7ap8i3kr9zcslpya3yhxqel","cargo_no_time","Engenharia de Dados","2024"
"3kr9zfsaz7ap8i3kr9zcslpya3yhxqel","cargo_no_time","Analista de Dados","2024"
"3kr9zfsaz7ap8i3kr9zcslpya3yhxqel","cargo_no_time","Analista de BI","2024"
"3kr9zfsaz7ap8i3kr9zcslpya3yhxqel","cargo_no_time","Arquiteto de Dados","2024"
"zuh14o6c55gfzjw7g7m3wzuh14aef1rr","cargo_no_time","Engenharia de Dados","2024"
"zuh14o6c55gfzjw7g7m3wzuh14aef1rr","cargo_no_time","Cientista de Dados","2024"
"zuh14o6c55gfzjw7g7m3wzuh14aef1rr","cargo_no_time","ML/AI Engineer","2024"
"z2xz5k0e1exu7rkv9auz2xz5k0e1kq10","cargo_no_time","Analista de Dados","2024"
"z2xz5k0e1exu7rkv9auz2xz5k0e1kq10","cargo_no_time","Analista de BI","2024"
"qlkgzfpiul74qjw5h98bqlkgzfod3f4i","cargo_no_time","Business Analyst","2024"
"xkfq7jp645qqxupmltja7xkfq7jdf40l","cargo_no_time","Engenharia de Dados","2024"
"xkfq7jp645qqxupmltja7xkfq7jdf40l","cargo_no_time","Analista de Dados","2024"
"xkfq7jp645qqxupmltja7xkfq7jdf40l","cargo_no_time","Cientista de Dados","2024"
"bftyobhyw1vqm7i2iymtq0bftyo893xo","cargo_no_time","Analytics Engineer","2024"
"bftyobhyw1vqm7i2iymtq0bftyo893xo","cargo_no_time","Engenharia de Dados","2024"
"bftyobhyw1vqm7i2iymtq0bftyo893xo","cargo_no_time","Analista de Dados","2024"
"bftyobhyw1vqm7i2iymtq0bftyo893xo","cargo_no_time","Cientista de Dados","2024"
"bftyobhyw1vqm7i2iymtq0bftyo893xo","cargo_no_time","DBA","2024"
"bftyobhyw1vqm7i2iymtq0bftyo893xo","cargo_no_time","Analista de BI","2024"
"bftyobhyw1vqm7i2iymtq0bftyo893xo","cargo_no_time","Arquiteto de Dados","2024"
"bftyobhyw1vqm7i2iymtq0bftyo893xo","cargo_no_time","Data Product Manager","2024"
"bftyobhyw1vqm7i2iymtq0bftyo893xo","cargo_no_time","Business Analyst","2024"
"bftyobhyw1vqm7i2iymtq0bftyo893xo","cargo_no_time","ML/AI Engineer","2024"
"d8w1r4us4k01tcqu0rbxxd8w1r4lxmn7","cargo_no_time","Analytics Engineer","2024"
"d8w1r4us4k01tcqu0rbxxd8w1r4lxmn7","cargo_no_time","Engenharia de Dados","2024"
"d8w1r4us4k01tcqu0rbxxd8w1r4lxmn7","cargo_no_time","Analista de Dados","2024"
"d8w1r4us4k01tcqu0rbxxd8w1r4lxmn7","cargo_no_time","Cientista de Dados","2024"
"d8w1r4us4k01tcqu0rbxxd8w1r4lxmn7","cargo_no_time","DBA","2024"
"d8w1r4us4k01tcqu0rbxxd8w1r4lxmn7","cargo_no_time","Analista de BI","2024"
"cozsv7fc13w6grc6ojcoz41gz6pf89sq","cargo_no_time","Analista de BI","2024"
"cozsv7fc13w6grc6ojcoz41gz6pf89sq","cargo_no_time","Arquiteto de Dados","2024"
"cozsv7fc13w6grc6ojcoz41gz6pf89sq","cargo_no_time","ML/AI Engineer","2024"
"q440l0i2esqrbgm0cl5cq440l0y2phtm","cargo_no_time","Analytics Engineer","2024"
"q440l0i2esqrbgm0cl5cq440l0y2phtm","cargo_no_time","Engenharia de Dados","2024"
"q440l0i2esqrbgm0cl5cq440l0y2phtm","cargo_no_time","Analista de Dados","2024"
"q440l0i2esqrbgm0cl5cq440l0y2phtm","cargo_no_time","Cientista de Dados","2024"
"q440l0i2esqrbgm0cl5cq440l0y2phtm","cargo_no_time","Analista de BI","2024"
"q440l0i2esqrbgm0cl5cq440l0y2phtm","cargo_no_time","Arquiteto de Dados","2024"
"q440l0i2esqrbgm0cl5cq440l0y2phtm","cargo_no_time","Business Analyst","2024"
"q440l0i2esqrbgm0cl5cq440l0y2phtm","cargo_no_time","ML/AI Engineer","2024"
"kg2roycb8rsabi59tkkg2roycdoamh8q","cargo_no_time","Engenharia de Dados","2024"
"kg2roycb8rsabi59tkkg2roycdoamh8q","cargo_no_time","Analista de Dados","2024"
"yekkslktjj77kvdkmlh7yekkslcruskj","cargo_no_time","Analytics Engineer","2024"
"yekkslktjj77kvdkmlh7yekkslcruskj","cargo_no_time","Engenharia de Dados","2024"
"yekkslktjj77kvdkmlh7yekkslcruskj","cargo_no_time","Analista de Dados","2024"
"yekkslktjj77kvdkmlh7yekkslcruskj","cargo_no_time","Cientista de Dados","2024"
"yekkslktjj77kvdkmlh7yekkslcruskj","cargo_no_time","ML/AI Engineer","2024"
"emuo5w7stlgoyviegoa4emuod3ul8tte","cargo_no_time","Engenharia de Dados","2024"
"emuo5w7stlgoyviegoa4emuod3ul8tte","cargo_no_time","Analista de Dados","2024"
"emuo5w7stlgoyviegoa4emuod3ul8tte","cargo_no_time","Cientista de Dados","2024"
"emuo5w7stlgoyviegoa4emuod3ul8tte","cargo_no_time","DBA","2024"
"emuo5w7stlgoyviegoa4emuod3ul8tte","cargo_no_time","Analista de BI","2024"
"emuo5w7stlgoyviegoa4emuod3ul8tte","cargo_no_time","Arquiteto de Dados","2024"
"emuo5w7stlgoyviegoa4emuod3ul8tte","cargo_no_time","Data Product Manager","2024"
"emuo5w7stlgoyviegoa4emuod3ul8tte","cargo_no_time","Business Analyst","2024"
"31z6fkrgoxxgsvmhxv431z6fk11hyzxs","cargo_no_time","Cientista de Dados","2024"
"yh0cbe60kxzqtyyh0cbugh38u79o3b87","cargo_no_time","Analista de Dados","2024"
"yh0cbe60kxzqtyyh0cbugh38u79o3b87","cargo_no_time","Cientista de Dados","2024"
"yh0cbe60kxzqtyyh0cbugh38u79o3b87","cargo_no_time","DBA","2024"
"yh0cbe60kxzqtyyh0cbugh38u79o3b87","cargo_no_time","Analista de BI","2024"
"yh0cbe60kxzqtyyh0cbugh38u79o3b87","cargo_no_time","Business Analyst","2024"
"i1fx8jv06wxvdj1b6j74tovi1fx8jej0","cargo_no_time","Analista de Dados","2024"
"4jy74zt9m70b6qyi4jy7442kqmf50bg5","cargo_no_time","Engenharia de Dados","2024"
"4jy74zt9m70b6qyi4jy7442kqmf50bg5","cargo_no_time","Analista de Dados","2024"
"4jy74zt9m70b6qyi4jy7442kqmf50bg5","cargo_no_time","Cientista de Dados","2024"
"svv4drt12u6dbz9qhp2dxsvv4drv34db","cargo_no_time","Analytics Engineer","2024"
"svv4drt12u6dbz9qhp2dxsvv4drv34db","cargo_no_time","Engenharia de Dados","2024"
"svv4drt12u6dbz9qhp2dxsvv4drv34db","cargo_no_time","Analista de Dados","2024"
"svv4drt12u6dbz9qhp2dxsvv4drv34db","cargo_no_time","Cientista de Dados","2024"
"svv4drt12u6dbz9qhp2dxsvv4drv34db","cargo_no_time","Arquiteto de Dados","2024"
"svv4drt12u6dbz9qhp2dxsvv4drv34db","cargo_no_time","Data Product Manager","2024"
"svv4drt12u6dbz9qhp2dxsvv4drv34db","cargo_no_time","Business Analyst","2024"
"svv4drt12u6dbz9qhp2dxsvv4drv34db","cargo_no_time","ML/AI Engineer","2024"
"bj9y46jy1nurajn1lnbbj9y46jqm774f","cargo_no_time","Engenharia de Dados","2024"
"bj9y46jy1nurajn1lnbbj9y46jqm774f","cargo_no_time","Analista de Dados","2024"
"bj9y46jy1nurajn1lnbbj9y46jqm774f","cargo_no_time","Analista de BI","2024"
"1apmf7lt2khv98tl41apmf7l6mzse3r7","cargo_no_time","Engenharia de Dados","2024"
"1apmf7lt2khv98tl41apmf7l6mzse3r7","cargo_no_time","Analista de Dados","2024"
"1apmf7lt2khv98tl41apmf7l6mzse3r7","cargo_no_time","Cientista de Dados","2024"
"1apmf7lt2khv98tl41apmf7l6mzse3r7","cargo_no_time","DBA","2024"
"1apmf7lt2khv98tl41apmf7l6mzse3r7","cargo_no_time","Analista de BI","2024"
"1apmf7lt2khv98tl41apmf7l6mzse3r7","cargo_no_time","ML/AI Engineer","2024"
"hsut6kynzf5s1k6dhsuth8p8p9ldoreg","cargo_no_time","Engenharia de Dados","2024"
"hsut6kynzf5s1k6dhsuth8p8p9ldoreg","cargo_no_time","DBA","2024"
"hsut6kynzf5s1k6dhsuth8p8p9ldoreg","cargo_no_time","Arquiteto de Dados","2024"
"hsut6kynzf5s1k6dhsuth8p8p9ldoreg","cargo_no_time","Data Product Manager","2024"
"qvywedgwp2be9hx5tqvywcl9884mcv4p","cargo_no_time","Analista de Dados","2024"
"qvywedgwp2be9hx5tqvywcl9884mcv4p","cargo_no_time","Cientista de Dados","2024"
"qvywedgwp2be9hx5tqvywcl9884mcv4p","cargo_no_time","Business Analyst","2024"
"zus3h8wa9xlr81koxzus37e8q6z07iis","cargo_no_time","Analytics Engineer","2024"
"zus3h8wa9xlr81koxzus37e8q6z07iis","cargo_no_time","Engenharia de Dados","2024"
"zus3h8wa9xlr81koxzus37e8q6z07iis","cargo_no_time","Analista de Dados","2024"
"zus3h8wa9xlr81koxzus37e8q6z07iis","cargo_no_time","Cientista de Dados","2024"
"zus3h8wa9xlr81koxzus37e8q6z07iis","cargo_no_time","Analista de BI","2024"
"zus3h8wa9xlr81koxzus37e8q6z07iis","cargo_no_time","Arquiteto de Dados","2024"
"zus3h8wa9xlr81koxzus37e8q6z07iis","cargo_no_time","Data Product Manager","2024"
"zus3h8wa9xlr81koxzus37e8q6z07iis","cargo_no_time","Business Analyst","2024"
"zus3h8wa9xlr81koxzus37e8q6z07iis","cargo_no_time","ML/AI Engineer","2024"
"yfeb22njpcbs2vn97yfeb22ngbe1bsn9","cargo_no_time","Analista de Dados","2024"
"yfeb22njpcbs2vn97yfeb22ngbe1bsn9","cargo_no_time","Cientista de Dados","2024"
"da8u82x5lc4f634wbda8u8ba404y6lbs","cargo_no_time","Analista de Dados","2024"
"da8u82x5lc4f634wbda8u8ba404y6lbs","cargo_no_time","Cientista de Dados","2024"
"da8u82x5lc4f634wbda8u8ba404y6lbs","cargo_no_time","Arquiteto de Dados","2024"
"da8u82x5lc4f634wbda8u8ba404y6lbs","cargo_no_time","Business Analyst","2024"
"dwrl44ebtyprbak703dwrl4crbsqidy8","cargo_no_time","Engenharia de Dados","2024"
"dwrl44ebtyprbak703dwrl4crbsqidy8","cargo_no_time","Analista de Dados","2024"
"dwrl44ebtyprbak703dwrl4crbsqidy8","cargo_no_time","Cientista de Dados","2024"
"dwrl44ebtyprbak703dwrl4crbsqidy8","cargo_no_time","Analista de BI","2024"
"dwrl44ebtyprbak703dwrl4crbsqidy8","cargo_no_time","Arquiteto de Dados","2024"
"onubi133mb43y293xt4onubi5fedjryu","cargo_no_time","Analytics Engineer","2024"
"onubi133mb43y293xt4onubi5fedjryu","cargo_no_time","Engenharia de Dados","2024"
"onubi133mb43y293xt4onubi5fedjryu","cargo_no_time","Cientista de Dados","2024"
"onubi133mb43y293xt4onubi5fedjryu","cargo_no_time","Analista de BI","2024"
"mf1rcc2g8cmsjymf1rci79sish8r4bx1","cargo_no_time","Analytics Engineer","2024"
"mf1rcc2g8cmsjymf1rci79sish8r4bx1","cargo_no_time","Engenharia de Dados","2024"
"mf1rcc2g8cmsjymf1rci79sish8r4bx1","cargo_no_time","DBA","2024"
"mf1rcc2g8cmsjymf1rci79sish8r4bx1","cargo_no_time","Analista de BI","2024"
"mf1rcc2g8cmsjymf1rci79sish8r4bx1","cargo_no_time","Arquiteto de Dados","2024"
"mp43lfv2biw56yu0qli4kmp43l2zkyqn","cargo_no_time","Analytics Engineer","2024"
"mp43lfv2biw56yu0qli4kmp43l2zkyqn","cargo_no_time","Engenharia de Dados","2024"
"mp43lfv2biw56yu0qli4kmp43l2zkyqn","cargo_no_time","Analista de Dados","2024"
"mp43lfv2biw56yu0qli4kmp43l2zkyqn","cargo_no_time","Cientista de Dados","2024"
"mp43lfv2biw56yu0qli4kmp43l2zkyqn","cargo_no_time","Arquiteto de Dados","2024"
"mp43lfv2biw56yu0qli4kmp43l2zkyqn","cargo_no_time","Data Product Manager","2024"
"qo0jw7thzlyjerqeziqo0jw7ew08page","cargo_no_time","Analytics Engineer","2024"
"qo0jw7thzlyjerqeziqo0jw7ew08page","cargo_no_time","Engenharia de Dados","2024"
"qo0jw7thzlyjerqeziqo0jw7ew08page","cargo_no_time","Analista de Dados","2024"
"qo0jw7thzlyjerqeziqo0jw7ew08page","cargo_no_time","Cientista de Dados","2024"
"qo0jw7thzlyjerqeziqo0jw7ew08page","cargo_no_time","DBA","2024"
"qo0jw7thzlyjerqeziqo0jw7ew08page","cargo_no_time","Arquiteto de Dados","2024"
"qo0jw7thzlyjerqeziqo0jw7ew08page","cargo_no_time","Data Product Manager","2024"
"qo0jw7thzlyjerqeziqo0jw7ew08page","cargo_no_time","ML/AI Engineer","2024"
"vonzh0xjd9l4rzvgbjvonzh0e98c1cof","cargo_no_time","Engenharia de Dados","2024"
"vonzh0xjd9l4rzvgbjvonzh0e98c1cof","cargo_no_time","Analista de Dados","2024"
"vonzh0xjd9l4rzvgbjvonzh0e98c1cof","cargo_no_time","Cientista de Dados","2024"
"vonzh0xjd9l4rzvgbjvonzh0e98c1cof","cargo_no_time","Analista de BI","2024"
"vonzh0xjd9l4rzvgbjvonzh0e98c1cof","cargo_no_time","Arquiteto de Dados","2024"
"vonzh0xjd9l4rzvgbjvonzh0e98c1cof","cargo_no_time","ML/AI Engineer","2024"
"ocmaw4etvb4etmcdpaocmaw499i9wqqt","cargo_no_time","Analytics Engineer","2024"
"ocmaw4etvb4etmcdpaocmaw499i9wqqt","cargo_no_time","Engenharia de Dados","2024"
"ocmaw4etvb4etmcdpaocmaw499i9wqqt","cargo_no_time","Cientista de Dados","2024"
"ocmaw4etvb4etmcdpaocmaw499i9wqqt","cargo_no_time","Data Product Manager","2024"
"ocmaw4etvb4etmcdpaocmaw499i9wqqt","cargo_no_time","ML/AI Engineer","2024"
"8xnv9wuevizg5v4adsmo8xnv9ufik50f","cargo_no_time","Engenharia de Dados","2024"
"8xnv9wuevizg5v4adsmo8xnv9ufik50f","cargo_no_time","Analista de Dados","2024"
"yg4nwg2pt8lpftyg4nqzgt1hl2hs98un","cargo_no_time","Engenharia de Dados","2024"
"yg4nwg2pt8lpftyg4nqzgt1hl2hs98un","cargo_no_time","Analista de BI","2024"
"s1f7o01zh88yw8zs1favuuu2dxzui22v","cargo_no_time","Engenharia de Dados","2024"
"s1f7o01zh88yw8zs1favuuu2dxzui22v","cargo_no_time","Analista de Dados","2024"
"s1f7o01zh88yw8zs1favuuu2dxzui22v","cargo_no_time","Cientista de Dados","2024"
"s1f7o01zh88yw8zs1favuuu2dxzui22v","cargo_no_time","Analista de BI","2024"
"8mbrco2sst866jx5qs6a8mbrco3zbc5o","cargo_no_time","Engenharia de Dados","2024"
"8mbrco2sst866jx5qs6a8mbrco3zbc5o","cargo_no_time","Cientista de Dados","2024"
"8mbrco2sst866jx5qs6a8mbrco3zbc5o","cargo_no_time","Analista de BI","2024"
"x4t4g4p8rgqi3st9qehx4t4g49ptbjl3","cargo_no_time","Engenharia de Dados","2024"
"x4t4g4p8rgqi3st9qehx4t4g49ptbjl3","cargo_no_time","Cientista de Dados","2024"
"x4t4g4p8rgqi3st9qehx4t4g49ptbjl3","cargo_no_time","Data Product Manager","2024"
"x4t4g4p8rgqi3st9qehx4t4g49ptbjl3","cargo_no_time","Business Analyst","2024"
"x4t4g4p8rgqi3st9qehx4t4g49ptbjl3","cargo_no_time","ML/AI Engineer","2024"
"5qwuu84njjb30l0xzx75qwuua59on2kv","cargo_no_time","Analista de Dados","2024"
"5qwuu84njjb30l0xzx75qwuua59on2kv","cargo_no_time","Analista de BI","2024"
"5qwuu84njjb30l0xzx75qwuua59on2kv","cargo_no_time","Arquiteto de Dados","2024"
"a5v5jkjyvpirqx7ra5v5jkhw3ixsdtoj","cargo_no_time","Engenharia de Dados","2024"
"a5v5jkjyvpirqx7ra5v5jkhw3ixsdtoj","cargo_no_time","Analista de Dados","2024"
"a5v5jkjyvpirqx7ra5v5jkhw3ixsdtoj","cargo_no_time","Analista de BI","2024"
"a5v5jkjyvpirqx7ra5v5jkhw3ixsdtoj","cargo_no_time","ML/AI Engineer","2024"
"4fzfwvelppzirdentm4fuw3hgpl21c8w","cargo_no_time","Analytics Engineer","2024"
"4fzfwvelppzirdentm4fuw3hgpl21c8w","cargo_no_time","DBA","2024"
"4fzfwvelppzirdentm4fuw3hgpl21c8w","cargo_no_time","Arquiteto de Dados","2024"
"5nh1u3zo4cs83jylcejj05nh1ug27bzt","cargo_no_time","Cientista de Dados","2024"
"w1vjae1wqgp1e4w1vj05ptkykb3m8w8y","cargo_no_time","Analytics Engineer","2024"
"w1vjae1wqgp1e4w1vj05ptkykb3m8w8y","cargo_no_time","Engenharia de Dados","2024"
"w1vjae1wqgp1e4w1vj05ptkykb3m8w8y","cargo_no_time","Analista de Dados","2024"
"w1vjae1wqgp1e4w1vj05ptkykb3m8w8y","cargo_no_time","Cientista de Dados","2024"
"w1vjae1wqgp1e4w1vj05ptkykb3m8w8y","cargo_no_time","Arquiteto de Dados","2024"
"w1vjae1wqgp1e4w1vj05ptkykb3m8w8y","cargo_no_time","Data Product Manager","2024"
"vknarintd4bqxsvlemvknari9qbke9gy","cargo_no_time","Analista de Dados","2024"
"owsdi6p0ka2vh3owsd0ygfkelwbqbqox","cargo_no_time","Engenharia de Dados","2024"
"owsdi6p0ka2vh3owsd0ygfkelwbqbqox","cargo_no_time","Analista de Dados","2024"
"owsdi6p0ka2vh3owsd0ygfkelwbqbqox","cargo_no_time","Cientista de Dados","2024"
"owsdi6p0ka2vh3owsd0ygfkelwbqbqox","cargo_no_time","DBA","2024"
"owsdi6p0ka2vh3owsd0ygfkelwbqbqox","cargo_no_time","Analista de BI","2024"
"fjrzc8hgvhiq3m3fjrzcrh5oa87nkiu7","cargo_no_time","Engenharia de Dados","2024"
"fjrzc8hgvhiq3m3fjrzcrh5oa87nkiu7","cargo_no_time","Analista de Dados","2024"
"fjrzc8hgvhiq3m3fjrzcrh5oa87nkiu7","cargo_no_time","Analista de BI","2024"
"vx987g15lfr2ekn16kt7vvx984uqrsv1","cargo_no_time","Analytics Engineer","2024"
"vx987g15lfr2ekn16kt7vvx984uqrsv1","cargo_no_time","Engenharia de Dados","2024"
"vx987g15lfr2ekn16kt7vvx984uqrsv1","cargo_no_time","Analista de Dados","2024"
"vx987g15lfr2ekn16kt7vvx984uqrsv1","cargo_no_time","Cientista de Dados","2024"
"vx987g15lfr2ekn16kt7vvx984uqrsv1","cargo_no_time","DBA","2024"
"vx987g15lfr2ekn16kt7vvx984uqrsv1","cargo_no_time","Analista de BI","2024"
"vx987g15lfr2ekn16kt7vvx984uqrsv1","cargo_no_time","Business Analyst","2024"
"vx987g15lfr2ekn16kt7vvx984uqrsv1","cargo_no_time","ML/AI Engineer","2024"
"y4l5ejeh315anu260y4l5ejt9spdiwe2","cargo_no_time","Analytics Engineer","2023"
"y4l5ejeh315anu260y4l5ejt9spdiwe2","cargo_no_time","Engenharia de Dados","2023"
"y4l5ejeh315anu260y4l5ejt9spdiwe2","cargo_no_time","Analista de Dados","2023"
"y4l5ejeh315anu260y4l5ejt9spdiwe2","cargo_no_time","Cientista de Dados","2023"
"y4l5ejeh315anu260y4l5ejt9spdiwe2","cargo_no_time","DBA","2023"
"y4l5ejeh315anu260y4l5ejt9spdiwe2","cargo_no_time","Analista de BI","2023"
"y4l5ejeh315anu260y4l5ejt9spdiwe2","cargo_no_time","Arquiteto de Dados","2023"
"y4l5ejeh315anu260y4l5ejt9spdiwe2","cargo_no_time","Data Product Manager","2023"
"y4l5ejeh315anu260y4l5ejt9spdiwe2","cargo_no_time","Business Analyst","2023"
"z6f77uqufsbkziefz6f77uzk50z1csv2","cargo_no_time","Analytics Engineer","2023"
"z6f77uqufsbkziefz6f77uzk50z1csv2","cargo_no_time","Engenharia de Dados","2023"
"z6f77uqufsbkziefz6f77uzk50z1csv2","cargo_no_time","Analista de Dados","2023"
"z6f77uqufsbkziefz6f77uzk50z1csv2","cargo_no_time","Cientista de Dados","2023"
"z6f77uqufsbkziefz6f77uzk50z1csv2","cargo_no_time","Arquiteto de Dados","2023"
"lp8sq7ep0w1v9s94lp8sqihjx1aplovx","cargo_no_time","Analytics Engineer","2023"
"lp8sq7ep0w1v9s94lp8sqihjx1aplovx","cargo_no_time","Engenharia de Dados","2023"
"lp8sq7ep0w1v9s94lp8sqihjx1aplovx","cargo_no_time","Analista de Dados","2023"
"lp8sq7ep0w1v9s94lp8sqihjx1aplovx","cargo_no_time","Cientista de Dados","2023"
"lp8sq7ep0w1v9s94lp8sqihjx1aplovx","cargo_no_time","DBA","2023"
"lp8sq7ep0w1v9s94lp8sqihjx1aplovx","cargo_no_time","Analista de BI","2023"
"lp8sq7ep0w1v9s94lp8sqihjx1aplovx","cargo_no_time","Arquiteto de Dados","2023"
"lp8sq7ep0w1v9s94lp8sqihjx1aplovx","cargo_no_time","Data Product Manager","2023"
"lp8sq7ep0w1v9s94lp8sqihjx1aplovx","cargo_no_time","Business Analyst","2023"
"cs35cmfl6eax0vef614cs35cmfr3phff","cargo_no_time","Cientista de Dados","2023"
"cs35cmfl6eax0vef614cs35cmfr3phff","cargo_no_time","Analista de BI","2023"
"cs35cmfl6eax0vef614cs35cmfr3phff","cargo_no_time","Business Analyst","2023"
"0vfvke194lwuj970vfv96lxbl2447ai4","cargo_no_time","Engenharia de Dados","2023"
"0vfvke194lwuj970vfv96lxbl2447ai4","cargo_no_time","Analista de Dados","2023"
"0vfvke194lwuj970vfv96lxbl2447ai4","cargo_no_time","Cientista de Dados","2023"
"0vfvke194lwuj970vfv96lxbl2447ai4","cargo_no_time","DBA","2023"
"0vfvke194lwuj970vfv96lxbl2447ai4","cargo_no_time","Arquiteto de Dados","2023"
"0vfvke194lwuj970vfv96lxbl2447ai4","cargo_no_time","Business Analyst","2023"
"q23q3v25v7kij3bjq016tq23q74ucaj5","cargo_no_time","Analista de BI","2023"
"z2cokr45fehrz2cok6llv3dhlz44iiw1","cargo_no_time","Engenharia de Dados","2023"
"z2cokr45fehrz2cok6llv3dhlz44iiw1","cargo_no_time","Analista de Dados","2023"
"z2cokr45fehrz2cok6llv3dhlz44iiw1","cargo_no_time","Cientista de Dados","2023"
"z2cokr45fehrz2cok6llv3dhlz44iiw1","cargo_no_time","Analista de BI","2023"
"2l51isz4i11ubmrelhwqw2l51ivr0iih","cargo_no_time","Analista de Dados","2023"
"ggiktzgsey2vgurueggiktz47zsrx04k","cargo_no_time","Engenharia de Dados","2023"
"ggiktzgsey2vgurueggiktz47zsrx04k","cargo_no_time","Cientista de Dados","2023"
"ggiktzgsey2vgurueggiktz47zsrx04k","cargo_no_time","Business Analyst","2023"
"fut4jki74h3po537qeufut4je8zwf98o","cargo_no_time","Engenharia de Dados","2023"
"fut4jki74h3po537qeufut4je8zwf98o","cargo_no_time","Analista de Dados","2023"
"fut4jki74h3po537qeufut4je8zwf98o","cargo_no_time","Cientista de Dados","2023"
"c3cneqyeohf7hcsoq7wc3cneqtsldmsi","cargo_no_time","Analytics Engineer","2023"
"c3cneqyeohf7hcsoq7wc3cneqtsldmsi","cargo_no_time","Engenharia de Dados","2023"
"c3cneqyeohf7hcsoq7wc3cneqtsldmsi","cargo_no_time","Analista de Dados","2023"
"c3cneqyeohf7hcsoq7wc3cneqtsldmsi","cargo_no_time","Cientista de Dados","2023"
"c3cneqyeohf7hcsoq7wc3cneqtsldmsi","cargo_no_time","Analista de BI","2023"
"u5tz8brbu7o4nxq9mbalu5tzh3acfcwp","cargo_no_time","Analytics Engineer","2023"
"u5tz8brbu7o4nxq9mbalu5tzh3acfcwp","cargo_no_time","Engenharia de Dados","2023"
"u5tz8brbu7o4nxq9mbalu5tzh3acfcwp","cargo_no_time","Analista de Dados","2023"
"u5tz8brbu7o4nxq9mbalu5tzh3acfcwp","cargo_no_time","Cientista de Dados","2023"
"u5tz8brbu7o4nxq9mbalu5tzh3acfcwp","cargo_no_time","Analista de BI","2023"
"u5tz8brbu7o4nxq9mbalu5tzh3acfcwp","cargo_no_time","Business Analyst","2023"
"kn7nmdm9sph15jhjkn7nmd2bke673a2b","cargo_no_time","Engenharia de Dados","2023"
"eqv66p95njgz4mue7hzeqv66p95m746s","cargo_no_time","Analytics Engineer","2023"
"eqv66p95njgz4mue7hzeqv66p95m746s","cargo_no_time","Engenharia de Dados","2023"
"eqv66p95njgz4mue7hzeqv66p95m746s","cargo_no_time","Analista de Dados","2023"
"pubuksjytd9tdkqlue9pubuksjoxdj33","cargo_no_time","Cientista de Dados","2023"
"jerbjhn964381op7on3ujkjerbjh15pk","cargo_no_time","Business Analyst","2023"
"npqev1gfgncpt9ynpqev7jbipvfhjgsg","cargo_no_time","Analytics Engineer","2023"
"npqev1gfgncpt9ynpqev7jbipvfhjgsg","cargo_no_time","Engenharia de Dados","2023"
"npqev1gfgncpt9ynpqev7jbipvfhjgsg","cargo_no_time","Analista de Dados","2023"
"npqev1gfgncpt9ynpqev7jbipvfhjgsg","cargo_no_time","Analista de BI","2023"
"jjn5uxmw8hdjrgtjjn50uwmmy8no7b9r","cargo_no_time","Analista de Dados","2023"
"drebd2x3cfjzpz93ykge9drebuxhs18l","cargo_no_time","Engenharia de Dados","2023"
"drebd2x3cfjzpz93ykge9drebuxhs18l","cargo_no_time","Analista de Dados","2023"
"drebd2x3cfjzpz93ykge9drebuxhs18l","cargo_no_time","Analista de BI","2023"
"drebd2x3cfjzpz93ykge9drebuxhs18l","cargo_no_time","Business Analyst","2023"
"il5ztyxpcrtvlnw3il5ztqmjsbkcfs45","cargo_no_time","Engenharia de Dados","2023"
"il5ztyxpcrtvlnw3il5ztqmjsbkcfs45","cargo_no_time","Analista de Dados","2023"
"il5ztyxpcrtvlnw3il5ztqmjsbkcfs45","cargo_no_time","Cientista de Dados","2023"
"il5ztyxpcrtvlnw3il5ztqmjsbkcfs45","cargo_no_time","DBA","2023"
"il5ztyxpcrtvlnw3il5ztqmjsbkcfs45","cargo_no_time","Analista de BI","2023"
"il5ztyxpcrtvlnw3il5ztqmjsbkcfs45","cargo_no_time","Arquiteto de Dados","2023"
"il5ztyxpcrtvlnw3il5ztqmjsbkcfs45","cargo_no_time","Business Analyst","2023"
"320pof08r8ywta320e04lcu03oo8rxe0","cargo_no_time","Cientista de Dados","2023"
"zwrkpj2imz253cctyzwrrafaiez7gmde","cargo_no_time","Engenharia de Dados","2023"
"zwrkpj2imz253cctyzwrrafaiez7gmde","cargo_no_time","Analista de Dados","2023"
"zwrkpj2imz253cctyzwrrafaiez7gmde","cargo_no_time","Cientista de Dados","2023"
"zwrkpj2imz253cctyzwrrafaiez7gmde","cargo_no_time","Analista de BI","2023"
"zwrkpj2imz253cctyzwrrafaiez7gmde","cargo_no_time","Business Analyst","2023"
"l6th1kdwptp4gwjasl6th1kdyr0139f9","cargo_no_time","Engenharia de Dados","2023"
"l6th1kdwptp4gwjasl6th1kdyr0139f9","cargo_no_time","Analista de Dados","2023"
"l6th1kdwptp4gwjasl6th1kdyr0139f9","cargo_no_time","Analista de BI","2023"
"l6th1kdwptp4gwjasl6th1kdyr0139f9","cargo_no_time","Business Analyst","2023"
"xmoi2vmenkk3pmleuikr2wgxmoi2v85y","cargo_no_time","Analytics Engineer","2023"
"xmoi2vmenkk3pmleuikr2wgxmoi2v85y","cargo_no_time","Engenharia de Dados","2023"
"xmoi2vmenkk3pmleuikr2wgxmoi2v85y","cargo_no_time","Analista de Dados","2023"
"xmoi2vmenkk3pmleuikr2wgxmoi2v85y","cargo_no_time","Cientista de Dados","2023"
"xmoi2vmenkk3pmleuikr2wgxmoi2v85y","cargo_no_time","Arquiteto de Dados","2023"
"xmoi2vmenkk3pmleuikr2wgxmoi2v85y","cargo_no_time","Business Analyst","2023"
"5fjw0my5o47pjy1h7hq4tu75fjw0my5o","cargo_no_time","Engenharia de Dados","2023"
"5fjw0my5o47pjy1h7hq4tu75fjw0my5o","cargo_no_time","Analista de Dados","2023"
"5fjw0my5o47pjy1h7hq4tu75fjw0my5o","cargo_no_time","Cientista de Dados","2023"
"5fjw0my5o47pjy1h7hq4tu75fjw0my5o","cargo_no_time","DBA","2023"
"5fjw0my5o47pjy1h7hq4tu75fjw0my5o","cargo_no_time","Analista de BI","2023"
"5fjw0my5o47pjy1h7hq4tu75fjw0my5o","cargo_no_time","Arquiteto de Dados","2023"
"5fjw0my5o47pjy1h7hq4tu75fjw0my5o","cargo_no_time","Business Analyst","2023"
"f5210a9gmlzc4vs1f5210akvf2o5zl26","cargo_no_time","Analista de BI","2023"
"rexidaxafi43pdc3q788dufrexidaxil","cargo_no_time","Analista de Dados","2023"
"rexidaxafi43pdc3q788dufrexidaxil","cargo_no_time","DBA","2023"
"rexidaxafi43pdc3q788dufrexidaxil","cargo_no_time","Arquiteto de Dados","2023"
"spdbezy1hmhe5b9mspd6i44bks21l32x","cargo_no_time","Engenharia de Dados","2023"
"spdbezy1hmhe5b9mspd6i44bks21l32x","cargo_no_time","Arquiteto de Dados","2023"
"9serd7rtnn7npm3ojw9serd75ye50rai","cargo_no_time","Engenharia de Dados","2023"
"9serd7rtnn7npm3ojw9serd75ye50rai","cargo_no_time","Analista de Dados","2023"
"9serd7rtnn7npm3ojw9serd75ye50rai","cargo_no_time","Arquiteto de Dados","2023"
"vwvrunww3h2tc30ulpvavwvrunh0zcug","cargo_no_time","Analytics Engineer","2023"
"vwvrunww3h2tc30ulpvavwvrunh0zcug","cargo_no_time","Engenharia de Dados","2023"
"vwvrunww3h2tc30ulpvavwvrunh0zcug","cargo_no_time","Analista de Dados","2023"
"vwvrunww3h2tc30ulpvavwvrunh0zcug","cargo_no_time","Cientista de Dados","2023"
"vwvrunww3h2tc30ulpvavwvrunh0zcug","cargo_no_time","DBA","2023"
"vwvrunww3h2tc30ulpvavwvrunh0zcug","cargo_no_time","Analista de BI","2023"
"vwvrunww3h2tc30ulpvavwvrunh0zcug","cargo_no_time","Arquiteto de Dados","2023"
"vwvrunww3h2tc30ulpvavwvrunh0zcug","cargo_no_time","Data Product Manager","2023"
"vwvrunww3h2tc30ulpvavwvrunh0zcug","cargo_no_time","Business Analyst","2023"
"fbxh2zqamavthrd2uu2fbxh2zgr4f4xa","cargo_no_time","Engenharia de Dados","2023"
"fbxh2zqamavthrd2uu2fbxh2zgr4f4xa","cargo_no_time","Analista de Dados","2023"
"fbxh2zqamavthrd2uu2fbxh2zgr4f4xa","cargo_no_time","Analista de BI","2023"
"fbxh2zqamavthrd2uu2fbxh2zgr4f4xa","cargo_no_time","Business Analyst","2023"
"il7cqlfbnevws6plil7sil9ejt54eh2m","cargo_no_time","Engenharia de Dados","2023"
"il7cqlfbnevws6plil7sil9ejt54eh2m","cargo_no_time","Analista de Dados","2023"
"il7cqlfbnevws6plil7sil9ejt54eh2m","cargo_no_time","Cientista de Dados","2023"
"il7cqlfbnevws6plil7sil9ejt54eh2m","cargo_no_time","DBA","2023"
"2a92s2plzfxogwe2a93qmnjcohh9bmzg","cargo_no_time","Business Analyst","2023"
"g3uzizak5oemj88g3uziz8o4id120a51","cargo_no_time","Engenharia de Dados","2023"
"g3uzizak5oemj88g3uziz8o4id120a51","cargo_no_time","Analista de Dados","2023"
"g3uzizak5oemj88g3uziz8o4id120a51","cargo_no_time","Cientista de Dados","2023"
"g3uzizak5oemj88g3uziz8o4id120a51","cargo_no_time","Arquiteto de Dados","2023"
"g3uzizak5oemj88g3uziz8o4id120a51","cargo_no_time","Data Product Manager","2023"
"aza4sp9cym1o59pkaza49h1mci6ps07m","cargo_no_time","Engenharia de Dados","2023"
"aza4sp9cym1o59pkaza49h1mci6ps07m","cargo_no_time","Analista de Dados","2023"
"aza4sp9cym1o59pkaza49h1mci6ps07m","cargo_no_time","Cientista de Dados","2023"
"aza4sp9cym1o59pkaza49h1mci6ps07m","cargo_no_time","Analista de BI","2023"
"aza4sp9cym1o59pkaza49h1mci6ps07m","cargo_no_time","Business Analyst","2023"
"l1big4tvujweq55l1bmd7dlib5l5usmd","cargo_no_time","Analytics Engineer","2023"
"l1big4tvujweq55l1bmd7dlib5l5usmd","cargo_no_time","Engenharia de Dados","2023"
"l1big4tvujweq55l1bmd7dlib5l5usmd","cargo_no_time","Analista de Dados","2023"
"l1big4tvujweq55l1bmd7dlib5l5usmd","cargo_no_time","Cientista de Dados","2023"
"r01fwxrz4z29mawy5rc6cpr01fwxug4k","cargo_no_time","Cientista de Dados","2023"
"p0onqivajqwf9p0o0p5m82hsnihz1pgk","cargo_no_time","Analytics Engineer","2023"
"p0onqivajqwf9p0o0p5m82hsnihz1pgk","cargo_no_time","Engenharia de Dados","2023"
"p0onqivajqwf9p0o0p5m82hsnihz1pgk","cargo_no_time","Analista de Dados","2023"
"p0onqivajqwf9p0o0p5m82hsnihz1pgk","cargo_no_time","Cientista de Dados","2023"
"p0onqivajqwf9p0o0p5m82hsnihz1pgk","cargo_no_time","Arquiteto de Dados","2023"
"p0onqivajqwf9p0o0p5m82hsnihz1pgk","cargo_no_time","Data Product Manager","2023"
"p0onqivajqwf9p0o0p5m82hsnihz1pgk","cargo_no_time","Business Analyst","2023"
"4y5k9ngqh8isqu2q4y5k9n78w16vttv3","cargo_no_time","Analista de Dados","2023"
"4y5k9ngqh8isqu2q4y5k9n78w16vttv3","cargo_no_time","Cientista de Dados","2023"
"qu3d61gcjaybiiup59mosqu3d614u2lo","cargo_no_time","Analytics Engineer","2023"
"qu3d61gcjaybiiup59mosqu3d614u2lo","cargo_no_time","Engenharia de Dados","2023"
"qu3d61gcjaybiiup59mosqu3d614u2lo","cargo_no_time","Analista de Dados","2023"
"qu3d61gcjaybiiup59mosqu3d614u2lo","cargo_no_time","Cientista de Dados","2023"
"qu3d61gcjaybiiup59mosqu3d614u2lo","cargo_no_time","DBA","2023"
"qu3d61gcjaybiiup59mosqu3d614u2lo","cargo_no_time","Analista de BI","2023"
"qu3d61gcjaybiiup59mosqu3d614u2lo","cargo_no_time","Arquiteto de Dados","2023"
"qu3d61gcjaybiiup59mosqu3d614u2lo","cargo_no_time","Business Analyst","2023"
"w4hxefnl3bng8w4hxp5ottitc0r437dm","cargo_no_time","Analista de Dados","2023"
"w4hxefnl3bng8w4hxp5ottitc0r437dm","cargo_no_time","Business Analyst","2023"
"dregntnrcvdjwzcyidregi7txria8esu","cargo_no_time","Analytics Engineer","2023"
"dregntnrcvdjwzcyidregi7txria8esu","cargo_no_time","Engenharia de Dados","2023"
"dregntnrcvdjwzcyidregi7txria8esu","cargo_no_time","Analista de Dados","2023"
"dregntnrcvdjwzcyidregi7txria8esu","cargo_no_time","Cientista de Dados","2023"
"dregntnrcvdjwzcyidregi7txria8esu","cargo_no_time","Analista de BI","2023"
"dregntnrcvdjwzcyidregi7txria8esu","cargo_no_time","Arquiteto de Dados","2023"
"vekcmou0o6i1syzqzydqvekcmokba2mc","cargo_no_time","Engenharia de Dados","2023"
"vekcmou0o6i1syzqzydqvekcmokba2mc","cargo_no_time","Analista de Dados","2023"
"vekcmou0o6i1syzqzydqvekcmokba2mc","cargo_no_time","Analista de BI","2023"
"nclsn3kkk6c0rdri4eonclsn7u886ej7","cargo_no_time","Analista de Dados","2023"
"nclsn3kkk6c0rdri4eonclsn7u886ej7","cargo_no_time","DBA","2023"
"nclsn3kkk6c0rdri4eonclsn7u886ej7","cargo_no_time","Business Analyst","2023"
"w27r2yjwh544b9f6rzfuiw27r2y8cau0","cargo_no_time","Analista de Dados","2023"
"w27r2yjwh544b9f6rzfuiw27r2y8cau0","cargo_no_time","Business Analyst","2023"
"nsh6p5tq7uyxfqzs3nsh6p74rh29w709","cargo_no_time","Engenharia de Dados","2023"
"nsh6p5tq7uyxfqzs3nsh6p74rh29w709","cargo_no_time","Analista de Dados","2023"
"nsh6p5tq7uyxfqzs3nsh6p74rh29w709","cargo_no_time","Cientista de Dados","2023"
"smjmn8csufgirpgnsmjma5bjn5d8f0wy","cargo_no_time","Analytics Engineer","2023"
"smjmn8csufgirpgnsmjma5bjn5d8f0wy","cargo_no_time","Analista de Dados","2023"
"85nqm3tbhg3h0z3ddh85nqm3kmm5hgbw","cargo_no_time","Analytics Engineer","2023"
"85nqm3tbhg3h0z3ddh85nqm3kmm5hgbw","cargo_no_time","Engenharia de Dados","2023"
"85nqm3tbhg3h0z3ddh85nqm3kmm5hgbw","cargo_no_time","Analista de Dados","2023"
"85nqm3tbhg3h0z3ddh85nqm3kmm5hgbw","cargo_no_time","Cientista de Dados","2023"
"85nqm3tbhg3h0z3ddh85nqm3kmm5hgbw","cargo_no_time","Analista de BI","2023"
"t4jz7bddd9oasz9h8g5jt4jz7onvowhf","cargo_no_time","Engenharia de Dados","2023"
"t4jz7bddd9oasz9h8g5jt4jz7onvowhf","cargo_no_time","Analista de Dados","2023"
"t4jz7bddd9oasz9h8g5jt4jz7onvowhf","cargo_no_time","Cientista de Dados","2023"
"t4jz7bddd9oasz9h8g5jt4jz7onvowhf","cargo_no_time","DBA","2023"
"t4jz7bddd9oasz9h8g5jt4jz7onvowhf","cargo_no_time","Arquiteto de Dados","2023"
"t4jz7bddd9oasz9h8g5jt4jz7onvowhf","cargo_no_time","Data Product Manager","2023"
"l0t8r665nmkl0kxqdlcvxnu9m0kxqmtt","cargo_no_time","Engenharia de Dados","2023"
"l0t8r665nmkl0kxqdlcvxnu9m0kxqmtt","cargo_no_time","Analista de Dados","2023"
"l0t8r665nmkl0kxqdlcvxnu9m0kxqmtt","cargo_no_time","Cientista de Dados","2023"
"hue9c9eazys35wlhuef88sc17x6c87up","cargo_no_time","Engenharia de Dados","2023"
"hue9c9eazys35wlhuef88sc17x6c87up","cargo_no_time","Analista de Dados","2023"
"hue9c9eazys35wlhuef88sc17x6c87up","cargo_no_time","Cientista de Dados","2023"
"hue9c9eazys35wlhuef88sc17x6c87up","cargo_no_time","Business Analyst","2023"
"aid1docb2p9poaid1c87wymi5jxc43ug","cargo_no_time","Engenharia de Dados","2023"
"aid1docb2p9poaid1c87wymi5jxc43ug","cargo_no_time","Analista de Dados","2023"
"aid1docb2p9poaid1c87wymi5jxc43ug","cargo_no_time","Cientista de Dados","2023"
"aid1docb2p9poaid1c87wymi5jxc43ug","cargo_no_time","Analista de BI","2023"
"aid1docb2p9poaid1c87wymi5jxc43ug","cargo_no_time","Arquiteto de Dados","2023"
"aid1docb2p9poaid1c87wymi5jxc43ug","cargo_no_time","Data Product Manager","2023"
"ows69vlrixdj37unrm1ows696vois8ia","cargo_no_time","Analytics Engineer","2023"
"ows69vlrixdj37unrm1ows696vois8ia","cargo_no_time","Engenharia de Dados","2023"
"ows69vlrixdj37unrm1ows696vois8ia","cargo_no_time","Analista de Dados","2023"
"ows69vlrixdj37unrm1ows696vois8ia","cargo_no_time","Cientista de Dados","2023"
"ows69vlrixdj37unrm1ows696vois8ia","cargo_no_time","DBA","2023"
"ows69vlrixdj37unrm1ows696vois8ia","cargo_no_time","Analista de BI","2023"
"ows69vlrixdj37unrm1ows696vois8ia","cargo_no_time","Arquiteto de Dados","2023"
"ows69vlrixdj37unrm1ows696vois8ia","cargo_no_time","Data Product Manager","2023"
"ows69vlrixdj37unrm1ows696vois8ia","cargo_no_time","Business Analyst","2023"
"iq6q03okspuzpjdahpys7iq6q03ci92z","cargo_no_time","Analytics Engineer","2023"
"iq6q03okspuzpjdahpys7iq6q03ci92z","cargo_no_time","Engenharia de Dados","2023"
"iq6q03okspuzpjdahpys7iq6q03ci92z","cargo_no_time","Analista de Dados","2023"
"iq6q03okspuzpjdahpys7iq6q03ci92z","cargo_no_time","Cientista de Dados","2023"
"iq6q03okspuzpjdahpys7iq6q03ci92z","cargo_no_time","DBA","2023"
"iq6q03okspuzpjdahpys7iq6q03ci92z","cargo_no_time","Analista de BI","2023"
"iq6q03okspuzpjdahpys7iq6q03ci92z","cargo_no_time","Arquiteto de Dados","2023"
"iq6q03okspuzpjdahpys7iq6q03ci92z","cargo_no_time","Data Product Manager","2023"
"iq6q03okspuzpjdahpys7iq6q03ci92z","cargo_no_time","Business Analyst","2023"
"if7msl23jiej5h5c4tjoylif7m27en56","cargo_no_time","Analytics Engineer","2023"
"if7msl23jiej5h5c4tjoylif7m27en56","cargo_no_time","Engenharia de Dados","2023"
"if7msl23jiej5h5c4tjoylif7m27en56","cargo_no_time","Cientista de Dados","2023"
"if7msl23jiej5h5c4tjoylif7m27en56","cargo_no_time","Business Analyst","2023"
"ce7grgdwbanl7hce7gqu48btyw69yg37","cargo_no_time","Analytics Engineer","2023"
"ce7grgdwbanl7hce7gqu48btyw69yg37","cargo_no_time","Engenharia de Dados","2023"
"ce7grgdwbanl7hce7gqu48btyw69yg37","cargo_no_time","Analista de Dados","2023"
"ce7grgdwbanl7hce7gqu48btyw69yg37","cargo_no_time","Cientista de Dados","2023"
"ce7grgdwbanl7hce7gqu48btyw69yg37","cargo_no_time","Analista de BI","2023"
"ce7grgdwbanl7hce7gqu48btyw69yg37","cargo_no_time","Arquiteto de Dados","2023"
"ghxdghh6u7b2zn0pcghxdgnvvq2pfb0m","cargo_no_time","Analytics Engineer","2023"
"ghxdghh6u7b2zn0pcghxdgnvvq2pfb0m","cargo_no_time","Analista de Dados","2023"
"ghxdghh6u7b2zn0pcghxdgnvvq2pfb0m","cargo_no_time","Analista de BI","2023"
"7qbivblzysiv4zuq7qgpt5bqy3dsncvr","cargo_no_time","Analista de Dados","2023"
"7qbivblzysiv4zuq7qgpt5bqy3dsncvr","cargo_no_time","Analista de BI","2023"
"7qbivblzysiv4zuq7qgpt5bqy3dsncvr","cargo_no_time","Business Analyst","2023"
"bttmoppdth9kwuw7r1g5bttmo6zhpd37","cargo_no_time","Engenharia de Dados","2023"
"bttmoppdth9kwuw7r1g5bttmo6zhpd37","cargo_no_time","Analista de Dados","2023"
"bttmoppdth9kwuw7r1g5bttmo6zhpd37","cargo_no_time","Cientista de Dados","2023"
"i7jfrs4kryp8wpr1i7jfrs4apy2dd5h1","cargo_no_time","Engenharia de Dados","2023"
"i7jfrs4kryp8wpr1i7jfrs4apy2dd5h1","cargo_no_time","Analista de Dados","2023"
"i7jfrs4kryp8wpr1i7jfrs4apy2dd5h1","cargo_no_time","Cientista de Dados","2023"
"i7jfrs4kryp8wpr1i7jfrs4apy2dd5h1","cargo_no_time","DBA","2023"
"i7jfrs4kryp8wpr1i7jfrs4apy2dd5h1","cargo_no_time","Analista de BI","2023"
"i7jfrs4kryp8wpr1i7jfrs4apy2dd5h1","cargo_no_time","Arquiteto de Dados","2023"
"i7jfrs4kryp8wpr1i7jfrs4apy2dd5h1","cargo_no_time","Data Product Manager","2023"
"euk578oiepbtb11xteukz1dyvp9c13q6","cargo_no_time","Engenharia de Dados","2023"
"euk578oiepbtb11xteukz1dyvp9c13q6","cargo_no_time","Analista de Dados","2023"
"euk578oiepbtb11xteukz1dyvp9c13q6","cargo_no_time","Cientista de Dados","2023"
"euk578oiepbtb11xteukz1dyvp9c13q6","cargo_no_time","Arquiteto de Dados","2023"
"nv2l67letz0xmw6pnv2l67ooi28hini0","cargo_no_time","Analytics Engineer","2023"
"nv2l67letz0xmw6pnv2l67ooi28hini0","cargo_no_time","Engenharia de Dados","2023"
"nv2l67letz0xmw6pnv2l67ooi28hini0","cargo_no_time","Analista de BI","2023"
"nv2l67letz0xmw6pnv2l67ooi28hini0","cargo_no_time","Arquiteto de Dados","2023"
"1oxkwd8njvomlv7es1oxkwrkppfrbpw1","cargo_no_time","Analytics Engineer","2023"
"1oxkwd8njvomlv7es1oxkwrkppfrbpw1","cargo_no_time","Engenharia de Dados","2023"
"1oxkwd8njvomlv7es1oxkwrkppfrbpw1","cargo_no_time","Cientista de Dados","2023"
"1oxkwd8njvomlv7es1oxkwrkppfrbpw1","cargo_no_time","Data Product Manager","2023"
"1oxkwd8njvomlv7es1oxkwrkppfrbpw1","cargo_no_time","Business Analyst","2023"
"sc421vjr9lhyy6cw0r1s8sc421vjmwia","cargo_no_time","Engenharia de Dados","2023"
"sc421vjr9lhyy6cw0r1s8sc421vjmwia","cargo_no_time","Cientista de Dados","2023"
"sc421vjr9lhyy6cw0r1s8sc421vjmwia","cargo_no_time","DBA","2023"
"sc421vjr9lhyy6cw0r1s8sc421vjmwia","cargo_no_time","Analista de BI","2023"
"puojs84cniociv2w2p2puojshd6ozfci","cargo_no_time","Engenharia de Dados","2023"
"puojs84cniociv2w2p2puojshd6ozfci","cargo_no_time","Cientista de Dados","2023"
"puojs84cniociv2w2p2puojshd6ozfci","cargo_no_time","DBA","2023"
"puojs84cniociv2w2p2puojshd6ozfci","cargo_no_time","Analista de BI","2023"
"puojs84cniociv2w2p2puojshd6ozfci","cargo_no_time","Arquiteto de Dados","2023"
"i95lkkv80fznphsti95lksqlgbp0r0me","cargo_no_time","Analytics Engineer","2023"
"i95lkkv80fznphsti95lksqlgbp0r0me","cargo_no_time","Engenharia de Dados","2023"
"i95lkkv80fznphsti95lksqlgbp0r0me","cargo_no_time","Analista de Dados","2023"
"i95lkkv80fznphsti95lksqlgbp0r0me","cargo_no_time","Cientista de Dados","2023"
"i95lkkv80fznphsti95lksqlgbp0r0me","cargo_no_time","DBA","2023"
"i95lkkv80fznphsti95lksqlgbp0r0me","cargo_no_time","Analista de BI","2023"
"i95lkkv80fznphsti95lksqlgbp0r0me","cargo_no_time","Arquiteto de Dados","2023"
"i95lkkv80fznphsti95lksqlgbp0r0me","cargo_no_time","Data Product Manager","2023"
"i95lkkv80fznphsti95lksqlgbp0r0me","cargo_no_time","Business Analyst","2023"
"9wn7843f67k08yhucph9wn784k62y2af","cargo_no_time","Cientista de Dados","2023"
"9wn7843f67k08yhucph9wn784k62y2af","cargo_no_time","Analista de BI","2023"
"72loczcvqn6vuwn72l5uedt46zjdju5b","cargo_no_time","Engenharia de Dados","2023"
"72loczcvqn6vuwn72l5uedt46zjdju5b","cargo_no_time","Cientista de Dados","2023"
"72loczcvqn6vuwn72l5uedt46zjdju5b","cargo_no_time","Business Analyst","2023"
"f3jnzvcmhp0y3oob6vf3jnzvc6hl3a4f","cargo_no_time","Analytics Engineer","2023"
"f3jnzvcmhp0y3oob6vf3jnzvc6hl3a4f","cargo_no_time","Engenharia de Dados","2023"
"f3jnzvcmhp0y3oob6vf3jnzvc6hl3a4f","cargo_no_time","Analista de Dados","2023"
"f3jnzvcmhp0y3oob6vf3jnzvc6hl3a4f","cargo_no_time","Cientista de Dados","2023"
"f3jnzvcmhp0y3oob6vf3jnzvc6hl3a4f","cargo_no_time","DBA","2023"
"f3jnzvcmhp0y3oob6vf3jnzvc6hl3a4f","cargo_no_time","Analista de BI","2023"
"f3jnzvcmhp0y3oob6vf3jnzvc6hl3a4f","cargo_no_time","Data Product Manager","2023"
"f3jnzvcmhp0y3oob6vf3jnzvc6hl3a4f","cargo_no_time","Business Analyst","2023"
"3feuymjc98er8bvoyb44d3feuymj7re4","cargo_no_time","Engenharia de Dados","2023"
"3feuymjc98er8bvoyb44d3feuymj7re4","cargo_no_time","Analista de Dados","2023"
"3feuymjc98er8bvoyb44d3feuymj7re4","cargo_no_time","Analista de BI","2023"
"7eb9abjfwxrf7nof8b0w07x7eb9abjft","cargo_no_time","Analista de Dados","2023"
"7eb9abjfwxrf7nof8b0w07x7eb9abjft","cargo_no_time","Analista de BI","2023"
"gby25qgwyndf48cl9dbhaagbymtjymos","cargo_no_time","Engenharia de Dados","2023"
"gby25qgwyndf48cl9dbhaagbymtjymos","cargo_no_time","Analista de Dados","2023"
"gby25qgwyndf48cl9dbhaagbymtjymos","cargo_no_time","Arquiteto de Dados","2023"
"dfzx1pm9vj48idfzxm9l6xfrc2xihc0r","cargo_no_time","Engenharia de Dados","2023"
"dfzx1pm9vj48idfzxm9l6xfrc2xihc0r","cargo_no_time","Analista de Dados","2023"
"dfzx1pm9vj48idfzxm9l6xfrc2xihc0r","cargo_no_time","Cientista de Dados","2023"
"dfzx1pm9vj48idfzxm9l6xfrc2xihc0r","cargo_no_time","DBA","2023"
"dfzx1pm9vj48idfzxm9l6xfrc2xihc0r","cargo_no_time","Analista de BI","2023"
"jzxxubeilvhy0nnwjzxxw5kmb8unn8vq","cargo_no_time","Analista de Dados","2023"
"jzxxubeilvhy0nnwjzxxw5kmb8unn8vq","cargo_no_time","DBA","2023"
"mu1om4bgn2w7uj1zmpmu1om4bj1u04tq","cargo_no_time","Analytics Engineer","2023"
"mu1om4bgn2w7uj1zmpmu1om4bj1u04tq","cargo_no_time","Engenharia de Dados","2023"
"mu1om4bgn2w7uj1zmpmu1om4bj1u04tq","cargo_no_time","DBA","2023"
"mu1om4bgn2w7uj1zmpmu1om4bj1u04tq","cargo_no_time","Analista de BI","2023"
"mu1om4bgn2w7uj1zmpmu1om4bj1u04tq","cargo_no_time","Arquiteto de Dados","2023"
"e24ehtigtlg5l1sgpe24ehnyzy0fd39h","cargo_no_time","Analytics Engineer","2023"
"e24ehtigtlg5l1sgpe24ehnyzy0fd39h","cargo_no_time","Analista de Dados","2023"
"e24ehtigtlg5l1sgpe24ehnyzy0fd39h","cargo_no_time","Analista de BI","2023"
"e24ehtigtlg5l1sgpe24ehnyzy0fd39h","cargo_no_time","Business Analyst","2023"
"f1pd3kcdhfy64sf1pdvqkwj4h5gompvc","cargo_no_time","Analytics Engineer","2023"
"f1pd3kcdhfy64sf1pdvqkwj4h5gompvc","cargo_no_time","Engenharia de Dados","2023"
"f1pd3kcdhfy64sf1pdvqkwj4h5gompvc","cargo_no_time","Analista de Dados","2023"
"f1pd3kcdhfy64sf1pdvqkwj4h5gompvc","cargo_no_time","Cientista de Dados","2023"
"f1pd3kcdhfy64sf1pdvqkwj4h5gompvc","cargo_no_time","Analista de BI","2023"
"f1pd3kcdhfy64sf1pdvqkwj4h5gompvc","cargo_no_time","Arquiteto de Dados","2023"
"f1pd3kcdhfy64sf1pdvqkwj4h5gompvc","cargo_no_time","Data Product Manager","2023"
"5ombtueix0s8tti3yqtc6a5ombtuei0y","cargo_no_time","Engenharia de Dados","2023"
"5ombtueix0s8tti3yqtc6a5ombtuei0y","cargo_no_time","Analista de Dados","2023"
"5ombtueix0s8tti3yqtc6a5ombtuei0y","cargo_no_time","Analista de BI","2023"
"u0fgmr7xjpqdzu0r14ghdyu0fgmzs0p7","cargo_no_time","Engenharia de Dados","2023"
"u0fgmr7xjpqdzu0r14ghdyu0fgmzs0p7","cargo_no_time","Cientista de Dados","2023"
"1gyuand5och71g7fyp7tzfyxt4k511vw","cargo_no_time","Engenharia de Dados","2023"
"1gyuand5och71g7fyp7tzfyxt4k511vw","cargo_no_time","Analista de Dados","2023"
"1gyuand5och71g7fyp7tzfyxt4k511vw","cargo_no_time","Arquiteto de Dados","2023"
"1gyuand5och71g7fyp7tzfyxt4k511vw","cargo_no_time","Business Analyst","2023"
"jr21u74eme1efnfg4jr21u7eizvvcdf4","cargo_no_time","Analytics Engineer","2023"
"jr21u74eme1efnfg4jr21u7eizvvcdf4","cargo_no_time","Engenharia de Dados","2023"
"jr21u74eme1efnfg4jr21u7eizvvcdf4","cargo_no_time","Analista de Dados","2023"
"jr21u74eme1efnfg4jr21u7eizvvcdf4","cargo_no_time","Cientista de Dados","2023"
"jr21u74eme1efnfg4jr21u7eizvvcdf4","cargo_no_time","DBA","2023"
"jr21u74eme1efnfg4jr21u7eizvvcdf4","cargo_no_time","Analista de BI","2023"
"jr21u74eme1efnfg4jr21u7eizvvcdf4","cargo_no_time","Arquiteto de Dados","2023"
"jr21u74eme1efnfg4jr21u7eizvvcdf4","cargo_no_time","Data Product Manager","2023"
"jr21u74eme1efnfg4jr21u7eizvvcdf4","cargo_no_time","Business Analyst","2023"
"1yupbqb7lh2tkrosyj1yuq9z4q1c7s9k","cargo_no_time","Engenharia de Dados","2023"
"1yupbqb7lh2tkrosyj1yuq9z4q1c7s9k","cargo_no_time","Analista de Dados","2023"
"1yupbqb7lh2tkrosyj1yuq9z4q1c7s9k","cargo_no_time","Cientista de Dados","2023"
"1yupbqb7lh2tkrosyj1yuq9z4q1c7s9k","cargo_no_time","Analista de BI","2023"
"1yupbqb7lh2tkrosyj1yuq9z4q1c7s9k","cargo_no_time","Arquiteto de Dados","2023"
"1yupbqb7lh2tkrosyj1yuq9z4q1c7s9k","cargo_no_time","Data Product Manager","2023"
"1yupbqb7lh2tkrosyj1yuq9z4q1c7s9k","cargo_no_time","Business Analyst","2023"
"1vngka6qvjav2mv8dcd61vngkapi54nc","cargo_no_time","Analytics Engineer","2023"
"1vngka6qvjav2mv8dcd61vngkapi54nc","cargo_no_time","Engenharia de Dados","2023"
"1vngka6qvjav2mv8dcd61vngkapi54nc","cargo_no_time","Analista de Dados","2023"
"1vngka6qvjav2mv8dcd61vngkapi54nc","cargo_no_time","Cientista de Dados","2023"
"1vngka6qvjav2mv8dcd61vngkapi54nc","cargo_no_time","Analista de BI","2023"
"1vngka6qvjav2mv8dcd61vngkapi54nc","cargo_no_time","Arquiteto de Dados","2023"
"1vngka6qvjav2mv8dcd61vngkapi54nc","cargo_no_time","Data Product Manager","2023"
"1vngka6qvjav2mv8dcd61vngkapi54nc","cargo_no_time","Business Analyst","2023"
"b2t71uwmsf14rpau2e1b2t710l6khcd7","cargo_no_time","Arquiteto de Dados","2023"
"rsf7tkuvzhn0g9p7rsf71v75jnzf5i0l","cargo_no_time","Analista de Dados","2023"
"rsf7tkuvzhn0g9p7rsf71v75jnzf5i0l","cargo_no_time","Cientista de Dados","2023"
"rsf7tkuvzhn0g9p7rsf71v75jnzf5i0l","cargo_no_time","DBA","2023"
"eifukzjotldxqv7eif480q8nk9lsfxej","cargo_no_time","Analista de Dados","2023"
"wkfi342mduivihzlwkfi3304bebfjc70","cargo_no_time","Engenharia de Dados","2023"
"wkfi342mduivihzlwkfi3304bebfjc70","cargo_no_time","Analista de Dados","2023"
"wkfi342mduivihzlwkfi3304bebfjc70","cargo_no_time","Cientista de Dados","2023"
"wkfi342mduivihzlwkfi3304bebfjc70","cargo_no_time","Arquiteto de Dados","2023"
"36sdmbz3p9rr0bcd1uzdhlbe336sdmbz","cargo_no_time","Analista de Dados","2023"
"36sdmbz3p9rr0bcd1uzdhlbe336sdmbz","cargo_no_time","Cientista de Dados","2023"
"36sdmbz3p9rr0bcd1uzdhlbe336sdmbz","cargo_no_time","Analista de BI","2023"
"36sdmbz3p9rr0bcd1uzdhlbe336sdmbz","cargo_no_time","Data Product Manager","2023"
"36sdmbz3p9rr0bcd1uzdhlbe336sdmbz","cargo_no_time","Business Analyst","2023"
"f13k43viuutb0upwnl1f13k49wwlwbtv","cargo_no_time","Engenharia de Dados","2023"
"f13k43viuutb0upwnl1f13k49wwlwbtv","cargo_no_time","Cientista de Dados","2023"
"f13k43viuutb0upwnl1f13k49wwlwbtv","cargo_no_time","Data Product Manager","2023"
"f13k43viuutb0upwnl1f13k49wwlwbtv","cargo_no_time","Business Analyst","2023"
"3u5v9932brxhourm3u5vd4ya3se8a04p","cargo_no_time","Analista de Dados","2023"
"3u5v9932brxhourm3u5vd4ya3se8a04p","cargo_no_time","Cientista de Dados","2023"
"3u5v9932brxhourm3u5vd4ya3se8a04p","cargo_no_time","DBA","2023"
"3u5v9932brxhourm3u5vd4ya3se8a04p","cargo_no_time","Analista de BI","2023"
"3u5v9932brxhourm3u5vd4ya3se8a04p","cargo_no_time","Data Product Manager","2023"
"y70w5ys0ub1jznoy7t39rh7qweqco4aq","cargo_no_time","Engenharia de Dados","2023"
"y70w5ys0ub1jznoy7t39rh7qweqco4aq","cargo_no_time","Cientista de Dados","2023"
"y70w5ys0ub1jznoy7t39rh7qweqco4aq","cargo_no_time","Analista de BI","2023"
"thlsl8wbvof2qkthlsmtjaorq6wcoaye","cargo_no_time","Engenharia de Dados","2023"
"thlsl8wbvof2qkthlsmtjaorq6wcoaye","cargo_no_time","Analista de Dados","2023"
"thlsl8wbvof2qkthlsmtjaorq6wcoaye","cargo_no_time","Cientista de Dados","2023"
"thlsl8wbvof2qkthlsmtjaorq6wcoaye","cargo_no_time","DBA","2023"
"thlsl8wbvof2qkthlsmtjaorq6wcoaye","cargo_no_time","Analista de BI","2023"
"thlsl8wbvof2qkthlsmtjaorq6wcoaye","cargo_no_time","Arquiteto de Dados","2023"
"thlsl8wbvof2qkthlsmtjaorq6wcoaye","cargo_no_time","Data Product Manager","2023"
"7u1uivdjv87uclvwue7u1uij9sk1y45g","cargo_no_time","Arquiteto de Dados","2023"
"27qwtxeipoemb8e27qw5dmujsp3q7cyu","cargo_no_time","Engenharia de Dados","2023"
"27qwtxeipoemb8e27qw5dmujsp3q7cyu","cargo_no_time","DBA","2023"
"27qwtxeipoemb8e27qw5dmujsp3q7cyu","cargo_no_time","Business Analyst","2023"
"2tmmzjpya5y8k6pom2tmmdd2dkj464fc","cargo_no_time","Engenharia de Dados","2023"
"2tmmzjpya5y8k6pom2tmmdd2dkj464fc","cargo_no_time","Analista de Dados","2023"
"2tmmzjpya5y8k6pom2tmmdd2dkj464fc","cargo_no_time","DBA","2023"
"2tmmzjpya5y8k6pom2tmmdd2dkj464fc","cargo_no_time","Data Product Manager","2023"
"fl4fdeye21o2ygt0xqklvfl4fdeq3232","cargo_no_time","Business Analyst","2023"
"xhzv4k55hvgwaw5rmuxhzv4kmz8w0407","cargo_no_time","Engenharia de Dados","2023"
"xhzv4k55hvgwaw5rmuxhzv4kmz8w0407","cargo_no_time","Analista de Dados","2023"
"p8fy69v8wffap3wxzop8fy69nrggfkzx","cargo_no_time","Analytics Engineer","2023"
"p8fy69v8wffap3wxzop8fy69nrggfkzx","cargo_no_time","Engenharia de Dados","2023"
"p8fy69v8wffap3wxzop8fy69nrggfkzx","cargo_no_time","Analista de Dados","2023"
"p8fy69v8wffap3wxzop8fy69nrggfkzx","cargo_no_time","Cientista de Dados","2023"
"p8fy69v8wffap3wxzop8fy69nrggfkzx","cargo_no_time","Analista de BI","2023"
"p8fy69v8wffap3wxzop8fy69nrggfkzx","cargo_no_time","Arquiteto de Dados","2023"
"p8fy69v8wffap3wxzop8fy69nrggfkzx","cargo_no_time","Business Analyst","2023"
"cifoav0rkicibc19dxcifjrmkueed594","cargo_no_time","Analytics Engineer","2023"
"cifoav0rkicibc19dxcifjrmkueed594","cargo_no_time","Analista de Dados","2023"
"cifoav0rkicibc19dxcifjrmkueed594","cargo_no_time","DBA","2023"
"cifoav0rkicibc19dxcifjrmkueed594","cargo_no_time","Analista de BI","2023"
"u4cugr7jzg2pvz0jfu4cuek9pl9z233l","cargo_no_time","Engenharia de Dados","2023"
"ysx1i8kajd1v25ysx10uavgnnhkj52nf","cargo_no_time","Engenharia de Dados","2023"
"8jelyxslpidg0y5nyh8jelyxsxfy635y","cargo_no_time","Analytics Engineer","2023"
"8jelyxslpidg0y5nyh8jelyxsxfy635y","cargo_no_time","Engenharia de Dados","2023"
"8jelyxslpidg0y5nyh8jelyxsxfy635y","cargo_no_time","Analista de Dados","2023"
"8jelyxslpidg0y5nyh8jelyxsxfy635y","cargo_no_time","Cientista de Dados","2023"
"8jelyxslpidg0y5nyh8jelyxsxfy635y","cargo_no_time","Analista de BI","2023"
"8jelyxslpidg0y5nyh8jelyxsxfy635y","cargo_no_time","Data Product Manager","2023"
"8jelyxslpidg0y5nyh8jelyxsxfy635y","cargo_no_time","Business Analyst","2023"
"simqrgqdbred9lau5jusimqrm7jz5mke","cargo_no_time","Engenharia de Dados","2023"
"simqrgqdbred9lau5jusimqrm7jz5mke","cargo_no_time","Analista de Dados","2023"
"simqrgqdbred9lau5jusimqrm7jz5mke","cargo_no_time","Cientista de Dados","2023"
"simqrgqdbred9lau5jusimqrm7jz5mke","cargo_no_time","Analista de BI","2023"
"simqrgqdbred9lau5jusimqrm7jz5mke","cargo_no_time","Business Analyst","2023"
"995s1wni14aqhbfpgy80995s1wnduxqs","cargo_no_time","Analytics Engineer","2023"
"995s1wni14aqhbfpgy80995s1wnduxqs","cargo_no_time","Analista de Dados","2023"
"995s1wni14aqhbfpgy80995s1wnduxqs","cargo_no_time","Analista de BI","2023"
"06bekvb2fzxi6n0czi06bekvydrj06mi","cargo_no_time","Analista de Dados","2023"
"06bekvb2fzxi6n0czi06bekvydrj06mi","cargo_no_time","Analista de BI","2023"
"q99hp0xi38ct3bl27q99hp0nhwrm1vhv","cargo_no_time","Engenharia de Dados","2023"
"q99hp0xi38ct3bl27q99hp0nhwrm1vhv","cargo_no_time","Analista de Dados","2023"
"q99hp0xi38ct3bl27q99hp0nhwrm1vhv","cargo_no_time","Cientista de Dados","2023"
"q99hp0xi38ct3bl27q99hp0nhwrm1vhv","cargo_no_time","DBA","2023"
"q99hp0xi38ct3bl27q99hp0nhwrm1vhv","cargo_no_time","Analista de BI","2023"
"q99hp0xi38ct3bl27q99hp0nhwrm1vhv","cargo_no_time","Arquiteto de Dados","2023"
"d9k3erdzro7goh2edtsh9d9k3erdi2t6","cargo_no_time","Analytics Engineer","2023"
"d9k3erdzro7goh2edtsh9d9k3erdi2t6","cargo_no_time","Engenharia de Dados","2023"
"d9k3erdzro7goh2edtsh9d9k3erdi2t6","cargo_no_time","Analista de Dados","2023"
"d9k3erdzro7goh2edtsh9d9k3erdi2t6","cargo_no_time","Cientista de Dados","2023"
"d9k3erdzro7goh2edtsh9d9k3erdi2t6","cargo_no_time","DBA","2023"
"d9k3erdzro7goh2edtsh9d9k3erdi2t6","cargo_no_time","Analista de BI","2023"
"d9k3erdzro7goh2edtsh9d9k3erdi2t6","cargo_no_time","Arquiteto de Dados","2023"
"d9k3erdzro7goh2edtsh9d9k3erdi2t6","cargo_no_time","Data Product Manager","2023"
"d9k3erdzro7goh2edtsh9d9k3erdi2t6","cargo_no_time","Business Analyst","2023"
"69di7rqgbhwmelwg69dibpyrhtpcrbcc","cargo_no_time","Engenharia de Dados","2023"
"69di7rqgbhwmelwg69dibpyrhtpcrbcc","cargo_no_time","Analista de Dados","2023"
"69di7rqgbhwmelwg69dibpyrhtpcrbcc","cargo_no_time","Cientista de Dados","2023"
"69di7rqgbhwmelwg69dibpyrhtpcrbcc","cargo_no_time","DBA","2023"
"69di7rqgbhwmelwg69dibpyrhtpcrbcc","cargo_no_time","Analista de BI","2023"
"69di7rqgbhwmelwg69dibpyrhtpcrbcc","cargo_no_time","Arquiteto de Dados","2023"
"69di7rqgbhwmelwg69dibpyrhtpcrbcc","cargo_no_time","Data Product Manager","2023"
"69di7rqgbhwmelwg69dibpyrhtpcrbcc","cargo_no_time","Business Analyst","2023"
"bmpbd53ckdyyr7mzusoxrbmpbd53nczo","cargo_no_time","Analytics Engineer","2023"
"bmpbd53ckdyyr7mzusoxrbmpbd53nczo","cargo_no_time","Engenharia de Dados","2023"
"bmpbd53ckdyyr7mzusoxrbmpbd53nczo","cargo_no_time","Analista de Dados","2023"
"bmpbd53ckdyyr7mzusoxrbmpbd53nczo","cargo_no_time","Cientista de Dados","2023"
"9ah35q6vu5scvfivsubw9ah35q6o2tfi","cargo_no_time","Analytics Engineer","2023"
"9ah35q6vu5scvfivsubw9ah35q6o2tfi","cargo_no_time","Engenharia de Dados","2023"
"9ah35q6vu5scvfivsubw9ah35q6o2tfi","cargo_no_time","Analista de Dados","2023"
"9ah35q6vu5scvfivsubw9ah35q6o2tfi","cargo_no_time","DBA","2023"
"9ah35q6vu5scvfivsubw9ah35q6o2tfi","cargo_no_time","Analista de BI","2023"
"9ah35q6vu5scvfivsubw9ah35q6o2tfi","cargo_no_time","Arquiteto de Dados","2023"
"9ah35q6vu5scvfivsubw9ah35q6o2tfi","cargo_no_time","Data Product Manager","2023"
"9ah35q6vu5scvfivsubw9ah35q6o2tfi","cargo_no_time","Business Analyst","2023"
"aszgcf0gxn72lfc8d85t4aszgctjjenv","cargo_no_time","Cientista de Dados","2023"
"e5ofx96u77z2cdlw019de5ofx9x0yca8","cargo_no_time","Analytics Engineer","2023"
"e5ofx96u77z2cdlw019de5ofx9x0yca8","cargo_no_time","Engenharia de Dados","2023"
"e5ofx96u77z2cdlw019de5ofx9x0yca8","cargo_no_time","Analista de Dados","2023"
"e5ofx96u77z2cdlw019de5ofx9x0yca8","cargo_no_time","Cientista de Dados","2023"
"e5ofx96u77z2cdlw019de5ofx9x0yca8","cargo_no_time","Business Analyst","2023"
"x5u3k1q1o0k9chhbx5u3kz73nahqhts1","cargo_no_time","Engenharia de Dados","2023"
"x5u3k1q1o0k9chhbx5u3kz73nahqhts1","cargo_no_time","Analista de Dados","2023"
"x5u3k1q1o0k9chhbx5u3kz73nahqhts1","cargo_no_time","Cientista de Dados","2023"
"x5u3k1q1o0k9chhbx5u3kz73nahqhts1","cargo_no_time","DBA","2023"
"x5u3k1q1o0k9chhbx5u3kz73nahqhts1","cargo_no_time","Analista de BI","2023"
"x5u3k1q1o0k9chhbx5u3kz73nahqhts1","cargo_no_time","Arquiteto de Dados","2023"
"4gg474e34f6hiskuh014gg4747v4q59g","cargo_no_time","Engenharia de Dados","2023"
"4gg474e34f6hiskuh014gg4747v4q59g","cargo_no_time","Analista de Dados","2023"
"4gg474e34f6hiskuh014gg4747v4q59g","cargo_no_time","Cientista de Dados","2023"
"4gg474e34f6hiskuh014gg4747v4q59g","cargo_no_time","DBA","2023"
"4gg474e34f6hiskuh014gg4747v4q59g","cargo_no_time","Arquiteto de Dados","2023"
"4gg474e34f6hiskuh014gg4747v4q59g","cargo_no_time","Data Product Manager","2023"
"4gg474e34f6hiskuh014gg4747v4q59g","cargo_no_time","Business Analyst","2023"
"hgle36e537y94swrshkhgle36yeglvsz","cargo_no_time","Analytics Engineer","2023"
"hgle36e537y94swrshkhgle36yeglvsz","cargo_no_time","Engenharia de Dados","2023"
"hgle36e537y94swrshkhgle36yeglvsz","cargo_no_time","Analista de Dados","2023"
"hgle36e537y94swrshkhgle36yeglvsz","cargo_no_time","Cientista de Dados","2023"
"hgle36e537y94swrshkhgle36yeglvsz","cargo_no_time","DBA","2023"
"hgle36e537y94swrshkhgle36yeglvsz","cargo_no_time","Analista de BI","2023"
"hgle36e537y94swrshkhgle36yeglvsz","cargo_no_time","Arquiteto de Dados","2023"
"hgle36e537y94swrshkhgle36yeglvsz","cargo_no_time","Data Product Manager","2023"
"hgle36e537y94swrshkhgle36yeglvsz","cargo_no_time","Business Analyst","2023"
"6l9s2ours5koq7iig6l9s2edcfde37e5","cargo_no_time","Analytics Engineer","2023"
"6l9s2ours5koq7iig6l9s2edcfde37e5","cargo_no_time","Engenharia de Dados","2023"
"6l9s2ours5koq7iig6l9s2edcfde37e5","cargo_no_time","Analista de Dados","2023"
"6l9s2ours5koq7iig6l9s2edcfde37e5","cargo_no_time","Cientista de Dados","2023"
"6l9s2ours5koq7iig6l9s2edcfde37e5","cargo_no_time","DBA","2023"
"6l9s2ours5koq7iig6l9s2edcfde37e5","cargo_no_time","Analista de BI","2023"
"6l9s2ours5koq7iig6l9s2edcfde37e5","cargo_no_time","Business Analyst","2023"
"yv39kqvk1bgqqgnnuunv8wx8yv39kqvk","cargo_no_time","Engenharia de Dados","2023"
"yv39kqvk1bgqqgnnuunv8wx8yv39kqvk","cargo_no_time","Analista de Dados","2023"
"yv39kqvk1bgqqgnnuunv8wx8yv39kqvk","cargo_no_time","Cientista de Dados","2023"
"yv39kqvk1bgqqgnnuunv8wx8yv39kqvk","cargo_no_time","Analista de BI","2023"
"yv39kqvk1bgqqgnnuunv8wx8yv39kqvk","cargo_no_time","Arquiteto de Dados","2023"
"yv39kqvk1bgqqgnnuunv8wx8yv39kqvk","cargo_no_time","Business Analyst","2023"
"xt2gcidgbq0jxt9uqs94tqmiwo63h9yc","cargo_no_time","Cientista de Dados","2023"
"xt2gcidgbq0jxt9uqs94tqmiwo63h9yc","cargo_no_time","DBA","2023"
"xt2gcidgbq0jxt9uqs94tqmiwo63h9yc","cargo_no_time","Analista de BI","2023"
"2yg2lvkv4szmeuvxmwe422yg2llyi5yc","cargo_no_time","Engenharia de Dados","2023"
"2yg2lvkv4szmeuvxmwe422yg2llyi5yc","cargo_no_time","Analista de Dados","2023"
"cv0qwsek8rag5lehlcv0qufi441o9acy","cargo_no_time","Analista de Dados","2023"
"1jamvzms8xcx8fm9n1jamvznsxd154w7","cargo_no_time","Analytics Engineer","2023"
"1jamvzms8xcx8fm9n1jamvznsxd154w7","cargo_no_time","Engenharia de Dados","2023"
"1jamvzms8xcx8fm9n1jamvznsxd154w7","cargo_no_time","Analista de Dados","2023"
"3va1l8l5rcq0lwpng3va1l8lkzup99qv","cargo_no_time","Analytics Engineer","2023"
"3va1l8l5rcq0lwpng3va1l8lkzup99qv","cargo_no_time","Engenharia de Dados","2023"
"3va1l8l5rcq0lwpng3va1l8lkzup99qv","cargo_no_time","Analista de Dados","2023"
"3va1l8l5rcq0lwpng3va1l8lkzup99qv","cargo_no_time","Cientista de Dados","2023"
"3va1l8l5rcq0lwpng3va1l8lkzup99qv","cargo_no_time","Analista de BI","2023"
"3va1l8l5rcq0lwpng3va1l8lkzup99qv","cargo_no_time","Arquiteto de Dados","2023"
"3va1l8l5rcq0lwpng3va1l8lkzup99qv","cargo_no_time","Data Product Manager","2023"
"qi620o88eb642co7owqi62dvsqaqmdch","cargo_no_time","Analytics Engineer","2023"
"qi620o88eb642co7owqi62dvsqaqmdch","cargo_no_time","Engenharia de Dados","2023"
"qi620o88eb642co7owqi62dvsqaqmdch","cargo_no_time","Analista de Dados","2023"
"qi620o88eb642co7owqi62dvsqaqmdch","cargo_no_time","Cientista de Dados","2023"
"qi620o88eb642co7owqi62dvsqaqmdch","cargo_no_time","DBA","2023"
"qi620o88eb642co7owqi62dvsqaqmdch","cargo_no_time","Analista de BI","2023"
"qi620o88eb642co7owqi62dvsqaqmdch","cargo_no_time","Arquiteto de Dados","2023"
"qi620o88eb642co7owqi62dvsqaqmdch","cargo_no_time","Data Product Manager","2023"
"qi620o88eb642co7owqi62dvsqaqmdch","cargo_no_time","Business Analyst","2023"
"zbl8h8giuaiemsmxzbl8h1s9wki3s5qd","cargo_no_time","Analista de Dados","2023"
"zbl8h8giuaiemsmxzbl8h1s9wki3s5qd","cargo_no_time","Cientista de Dados","2023"
"8vh8vyiaj1oq38o8vh8juv6xrj39t934","cargo_no_time","Analytics Engineer","2023"
"8vh8vyiaj1oq38o8vh8juv6xrj39t934","cargo_no_time","Engenharia de Dados","2023"
"8vh8vyiaj1oq38o8vh8juv6xrj39t934","cargo_no_time","Cientista de Dados","2023"
"pjh59ei1xtsrik5ewlopjhi2nzph2b65","cargo_no_time","Analista de Dados","2023"
"pjh59ei1xtsrik5ewlopjhi2nzph2b65","cargo_no_time","Analista de BI","2023"
"obc7aw1i6i1zemlobc7aw9kokmab4cwz","cargo_no_time","Analista de Dados","2023"
"obc7aw1i6i1zemlobc7aw9kokmab4cwz","cargo_no_time","Analista de BI","2023"
"obc7aw1i6i1zemlobc7aw9kokmab4cwz","cargo_no_time","Arquiteto de Dados","2023"
"banhjvelk76qimqbanhj1hjfvwgzj5pp","cargo_no_time","Engenharia de Dados","2023"
"banhjvelk76qimqbanhj1hjfvwgzj5pp","cargo_no_time","Cientista de Dados","2023"
"banhjvelk76qimqbanhj1hjfvwgzj5pp","cargo_no_time","Data Product Manager","2023"
"s9h58zyrehjsng3s9h5m14jrxpeu551l","cargo_no_time","Engenharia de Dados","2023"
"s9h58zyrehjsng3s9h5m14jrxpeu551l","cargo_no_time","Analista de Dados","2023"
"s9h58zyrehjsng3s9h5m14jrxpeu551l","cargo_no_time","Cientista de Dados","2023"
"s9h58zyrehjsng3s9h5m14jrxpeu551l","cargo_no_time","Analista de BI","2023"
"s9h58zyrehjsng3s9h5m14jrxpeu551l","cargo_no_time","Business Analyst","2023"
"2ikksz591zb5n9gfkkp2ikkszs9x2wbf","cargo_no_time","Analytics Engineer","2023"
"2ikksz591zb5n9gfkkp2ikkszs9x2wbf","cargo_no_time","Engenharia de Dados","2023"
"2ikksz591zb5n9gfkkp2ikkszs9x2wbf","cargo_no_time","Data Product Manager","2023"
"uyyczxou831hvbdszauyycz609nndb3e","cargo_no_time","Analista de Dados","2023"
"uyyczxou831hvbdszauyycz609nndb3e","cargo_no_time","Data Product Manager","2023"
"uyyczxou831hvbdszauyycz609nndb3e","cargo_no_time","Business Analyst","2023"
"78dgdtvgt5piweh3o8c978dgdtmpjplp","cargo_no_time","Analytics Engineer","2023"
"78dgdtvgt5piweh3o8c978dgdtmpjplp","cargo_no_time","Engenharia de Dados","2023"
"78dgdtvgt5piweh3o8c978dgdtmpjplp","cargo_no_time","Analista de Dados","2023"
"78dgdtvgt5piweh3o8c978dgdtmpjplp","cargo_no_time","Cientista de Dados","2023"
"78dgdtvgt5piweh3o8c978dgdtmpjplp","cargo_no_time","Analista de BI","2023"
"78dgdtvgt5piweh3o8c978dgdtmpjplp","cargo_no_time","Data Product Manager","2023"
"u5elxu15pt6c3xgfru5elxu19njx2cya","cargo_no_time","Analytics Engineer","2023"
"u5elxu15pt6c3xgfru5elxu19njx2cya","cargo_no_time","Cientista de Dados","2023"
"u5elxu15pt6c3xgfru5elxu19njx2cya","cargo_no_time","DBA","2023"
"u5elxu15pt6c3xgfru5elxu19njx2cya","cargo_no_time","Analista de BI","2023"
"u5elxu15pt6c3xgfru5elxu19njx2cya","cargo_no_time","Data Product Manager","2023"
"u5elxu15pt6c3xgfru5elxu19njx2cya","cargo_no_time","Business Analyst","2023"
"cxcv83u816xir1b2cxcv83nq9arbrv9g","cargo_no_time","Analytics Engineer","2023"
"cxcv83u816xir1b2cxcv83nq9arbrv9g","cargo_no_time","Engenharia de Dados","2023"
"cxcv83u816xir1b2cxcv83nq9arbrv9g","cargo_no_time","Analista de Dados","2023"
"cxcv83u816xir1b2cxcv83nq9arbrv9g","cargo_no_time","Cientista de Dados","2023"
"eenydz0acyt2p8oeenyd3nuynucytajl","cargo_no_time","Engenharia de Dados","2023"
"eenydz0acyt2p8oeenyd3nuynucytajl","cargo_no_time","Analista de Dados","2023"
"eenydz0acyt2p8oeenyd3nuynucytajl","cargo_no_time","Analista de BI","2023"
"eenydz0acyt2p8oeenyd3nuynucytajl","cargo_no_time","Business Analyst","2023"
"wjkg7eakpxs7l5laxg1wjkg7eubefh5m","cargo_no_time","Engenharia de Dados","2023"
"wjkg7eakpxs7l5laxg1wjkg7eubefh5m","cargo_no_time","Analista de Dados","2023"
"wjkg7eakpxs7l5laxg1wjkg7eubefh5m","cargo_no_time","Analista de BI","2023"
"wjkg7eakpxs7l5laxg1wjkg7eubefh5m","cargo_no_time","Business Analyst","2023"
"fna51yc83cy0kwnvpuliffna51yc8195","cargo_no_time","Analytics Engineer","2023"
"fna51yc83cy0kwnvpuliffna51yc8195","cargo_no_time","Engenharia de Dados","2023"
"fna51yc83cy0kwnvpuliffna51yc8195","cargo_no_time","Analista de Dados","2023"
"fna51yc83cy0kwnvpuliffna51yc8195","cargo_no_time","Cientista de Dados","2023"
"fna51yc83cy0kwnvpuliffna51yc8195","cargo_no_time","Business Analyst","2023"
"s7pchvtchcim2n6nas7pchv03tym6ym0","cargo_no_time","Analytics Engineer","2023"
"s7pchvtchcim2n6nas7pchv03tym6ym0","cargo_no_time","Engenharia de Dados","2023"
"s7pchvtchcim2n6nas7pchv03tym6ym0","cargo_no_time","Analista de Dados","2023"
"s7pchvtchcim2n6nas7pchv03tym6ym0","cargo_no_time","Cientista de Dados","2023"
"s7pchvtchcim2n6nas7pchv03tym6ym0","cargo_no_time","DBA","2023"
"s7pchvtchcim2n6nas7pchv03tym6ym0","cargo_no_time","Analista de BI","2023"
"s7pchvtchcim2n6nas7pchv03tym6ym0","cargo_no_time","Arquiteto de Dados","2023"
"s7pchvtchcim2n6nas7pchv03tym6ym0","cargo_no_time","Data Product Manager","2023"
"s7pchvtchcim2n6nas7pchv03tym6ym0","cargo_no_time","Business Analyst","2023"
"6pvrl57dux4ffehfq0l236pvrl52matx","cargo_no_time","Engenharia de Dados","2023"
"6pvrl57dux4ffehfq0l236pvrl52matx","cargo_no_time","Analista de Dados","2023"
"6pvrl57dux4ffehfq0l236pvrl52matx","cargo_no_time","Cientista de Dados","2023"
"6pvrl57dux4ffehfq0l236pvrl52matx","cargo_no_time","Analista de BI","2023"
"6pvrl57dux4ffehfq0l236pvrl52matx","cargo_no_time","Arquiteto de Dados","2023"
"6pvrl57dux4ffehfq0l236pvrl52matx","cargo_no_time","Business Analyst","2023"
"mafxr0bumfh5mly7mafxr0rf6k1v39nn","cargo_no_time","Analista de Dados","2023"
"mafxr0bumfh5mly7mafxr0rf6k1v39nn","cargo_no_time","Analista de BI","2023"
"jkl2ro149cd1msibljkl2rpfeueyrosw","cargo_no_time","Analytics Engineer","2023"
"jkl2ro149cd1msibljkl2rpfeueyrosw","cargo_no_time","Engenharia de Dados","2023"
"jkl2ro149cd1msibljkl2rpfeueyrosw","cargo_no_time","Cientista de Dados","2023"
"jkl2ro149cd1msibljkl2rpfeueyrosw","cargo_no_time","Analista de BI","2023"
"jkl2ro149cd1msibljkl2rpfeueyrosw","cargo_no_time","Data Product Manager","2023"
"w7bil8ks7uepacmqqjw7bil8kri4r9r1","cargo_no_time","Analista de Dados","2023"
"w7bil8ks7uepacmqqjw7bil8kri4r9r1","cargo_no_time","Business Analyst","2023"
"k0f5a58ji94i1nk0f5ao13xkfy7x34h8","cargo_no_time","Engenharia de Dados","2023"
"k0f5a58ji94i1nk0f5ao13xkfy7x34h8","cargo_no_time","Analista de Dados","2023"
"k0f5a58ji94i1nk0f5ao13xkfy7x34h8","cargo_no_time","Cientista de Dados","2023"
"7kcciyi7qfjp9ms7kcc5ug8f3o8xx5uv","cargo_no_time","Analytics Engineer","2023"
"7kcciyi7qfjp9ms7kcc5ug8f3o8xx5uv","cargo_no_time","Engenharia de Dados","2023"
"7kcciyi7qfjp9ms7kcc5ug8f3o8xx5uv","cargo_no_time","Analista de Dados","2023"
"7kcciyi7qfjp9ms7kcc5ug8f3o8xx5uv","cargo_no_time","Cientista de Dados","2023"
"7kcciyi7qfjp9ms7kcc5ug8f3o8xx5uv","cargo_no_time","Analista de BI","2023"
"hi6lnwiu038amth4320mmkr9cybxwy74","cargo_no_time","Analytics Engineer","2023"
"hi6lnwiu038amth4320mmkr9cybxwy74","cargo_no_time","Engenharia de Dados","2023"
"hi6lnwiu038amth4320mmkr9cybxwy74","cargo_no_time","Analista de BI","2023"
"b227ddk15nyiotmhfb22mnb3y3nd9wwo","cargo_no_time","Analytics Engineer","2023"
"b227ddk15nyiotmhfb22mnb3y3nd9wwo","cargo_no_time","Engenharia de Dados","2023"
"b227ddk15nyiotmhfb22mnb3y3nd9wwo","cargo_no_time","Analista de Dados","2023"
"b227ddk15nyiotmhfb22mnb3y3nd9wwo","cargo_no_time","Cientista de Dados","2023"
"b227ddk15nyiotmhfb22mnb3y3nd9wwo","cargo_no_time","DBA","2023"
"b227ddk15nyiotmhfb22mnb3y3nd9wwo","cargo_no_time","Analista de BI","2023"
"b227ddk15nyiotmhfb22mnb3y3nd9wwo","cargo_no_time","Arquiteto de Dados","2023"
"b227ddk15nyiotmhfb22mnb3y3nd9wwo","cargo_no_time","Data Product Manager","2023"
"b227ddk15nyiotmhfb22mnb3y3nd9wwo","cargo_no_time","Business Analyst","2023"
"pkfdvbnajzsuptbxbpkfdynvai040gdo","cargo_no_time","Engenharia de Dados","2023"
"pkfdvbnajzsuptbxbpkfdynvai040gdo","cargo_no_time","Analista de Dados","2023"
"pkfdvbnajzsuptbxbpkfdynvai040gdo","cargo_no_time","DBA","2023"
"pkfdvbnajzsuptbxbpkfdynvai040gdo","cargo_no_time","Analista de BI","2023"
"pkfdvbnajzsuptbxbpkfdynvai040gdo","cargo_no_time","Arquiteto de Dados","2023"
"iloik0hx3ygu2bqgd90iloiks4sheuhw","cargo_no_time","Analista de Dados","2023"
"iloik0hx3ygu2bqgd90iloiks4sheuhw","cargo_no_time","DBA","2023"
"iloik0hx3ygu2bqgd90iloiks4sheuhw","cargo_no_time","Analista de BI","2023"
"ykqdautzbmehjrtmwdxlgykqdv4vir39","cargo_no_time","Analytics Engineer","2023"
"ykqdautzbmehjrtmwdxlgykqdv4vir39","cargo_no_time","Engenharia de Dados","2023"
"ykqdautzbmehjrtmwdxlgykqdv4vir39","cargo_no_time","Analista de Dados","2023"
"ykqdautzbmehjrtmwdxlgykqdv4vir39","cargo_no_time","Cientista de Dados","2023"
"ykqdautzbmehjrtmwdxlgykqdv4vir39","cargo_no_time","Arquiteto de Dados","2023"
"ykqdautzbmehjrtmwdxlgykqdv4vir39","cargo_no_time","Data Product Manager","2023"
"ykqdautzbmehjrtmwdxlgykqdv4vir39","cargo_no_time","Business Analyst","2023"
"yq5rgumdnk5i1b91mdyq5rgumda4bjsa","cargo_no_time","Engenharia de Dados","2023"
"yq5rgumdnk5i1b91mdyq5rgumda4bjsa","cargo_no_time","Cientista de Dados","2023"
"yq5rgumdnk5i1b91mdyq5rgumda4bjsa","cargo_no_time","DBA","2023"
"yq5rgumdnk5i1b91mdyq5rgumda4bjsa","cargo_no_time","Analista de BI","2023"
"yq5rgumdnk5i1b91mdyq5rgumda4bjsa","cargo_no_time","Arquiteto de Dados","2023"
"yq5rgumdnk5i1b91mdyq5rgumda4bjsa","cargo_no_time","Business Analyst","2023"
"uguf34e2pywe967uugjy962zzqk74i50","cargo_no_time","Analytics Engineer","2023"
"uguf34e2pywe967uugjy962zzqk74i50","cargo_no_time","Engenharia de Dados","2023"
"uguf34e2pywe967uugjy962zzqk74i50","cargo_no_time","Analista de Dados","2023"
"uguf34e2pywe967uugjy962zzqk74i50","cargo_no_time","Cientista de Dados","2023"
"uguf34e2pywe967uugjy962zzqk74i50","cargo_no_time","Data Product Manager","2023"
"vafzjlh01o1wbsqltyb5vafzjltcpb8g","cargo_no_time","Analytics Engineer","2023"
"vafzjlh01o1wbsqltyb5vafzjltcpb8g","cargo_no_time","Engenharia de Dados","2023"
"vafzjlh01o1wbsqltyb5vafzjltcpb8g","cargo_no_time","Analista de Dados","2023"
"vafzjlh01o1wbsqltyb5vafzjltcpb8g","cargo_no_time","Cientista de Dados","2023"
"vafzjlh01o1wbsqltyb5vafzjltcpb8g","cargo_no_time","Analista de BI","2023"
"vafzjlh01o1wbsqltyb5vafzjltcpb8g","cargo_no_time","Arquiteto de Dados","2023"
"osdsvipvzu6sbpjfcosdsvipmi08wnkd","cargo_no_time","Engenharia de Dados","2023"
"osdsvipvzu6sbpjfcosdsvipmi08wnkd","cargo_no_time","Analista de Dados","2023"
"osdsvipvzu6sbpjfcosdsvipmi08wnkd","cargo_no_time","Cientista de Dados","2023"
"osdsvipvzu6sbpjfcosdsvipmi08wnkd","cargo_no_time","Arquiteto de Dados","2023"
"osdsvipvzu6sbpjfcosdsvipmi08wnkd","cargo_no_time","Business Analyst","2023"
"wdf72t1strx9wdf2974f3829qfyecr04","cargo_no_time","Engenharia de Dados","2023"
"wdf72t1strx9wdf2974f3829qfyecr04","cargo_no_time","Analista de Dados","2023"
"wdf72t1strx9wdf2974f3829qfyecr04","cargo_no_time","Cientista de Dados","2023"
"wdf72t1strx9wdf2974f3829qfyecr04","cargo_no_time","Analista de BI","2023"
"wdf72t1strx9wdf2974f3829qfyecr04","cargo_no_time","Arquiteto de Dados","2023"
"wdf72t1strx9wdf2974f3829qfyecr04","cargo_no_time","Data Product Manager","2023"
"q0o7bsqbhl2ifadwhq0o7bvnzuy2xobu","cargo_no_time","DBA","2023"
"q0o7bsqbhl2ifadwhq0o7bvnzuy2xobu","cargo_no_time","Analista de BI","2023"
"q0o7bsqbhl2ifadwhq0o7bvnzuy2xobu","cargo_no_time","Arquiteto de Dados","2023"
"qgj39yiq3a8tsqslqgjswanmlzeen4aq","cargo_no_time","Analytics Engineer","2023"
"qgj39yiq3a8tsqslqgjswanmlzeen4aq","cargo_no_time","Engenharia de Dados","2023"
"qgj39yiq3a8tsqslqgjswanmlzeen4aq","cargo_no_time","Analista de Dados","2023"
"qgj39yiq3a8tsqslqgjswanmlzeen4aq","cargo_no_time","Cientista de Dados","2023"
"qgj39yiq3a8tsqslqgjswanmlzeen4aq","cargo_no_time","Analista de BI","2023"
"qgj39yiq3a8tsqslqgjswanmlzeen4aq","cargo_no_time","Business Analyst","2023"
"cz0fi6h5a69r8wpxvjcz0fisr9cpv31z","cargo_no_time","Engenharia de Dados","2023"
"cz0fi6h5a69r8wpxvjcz0fisr9cpv31z","cargo_no_time","Analista de Dados","2023"
"cz0fi6h5a69r8wpxvjcz0fisr9cpv31z","cargo_no_time","Cientista de Dados","2023"
"3tvxagiwpyjoc4qatg2wf3tvxagi6zkb","cargo_no_time","Engenharia de Dados","2023"
"3tvxagiwpyjoc4qatg2wf3tvxagi6zkb","cargo_no_time","Cientista de Dados","2023"
"3tvxagiwpyjoc4qatg2wf3tvxagi6zkb","cargo_no_time","DBA","2023"
"3tvxagiwpyjoc4qatg2wf3tvxagi6zkb","cargo_no_time","Analista de BI","2023"
"llm7lk3dz3f1e3p4mbbllm7lkftiiqbd","cargo_no_time","Engenharia de Dados","2023"
"llm7lk3dz3f1e3p4mbbllm7lkftiiqbd","cargo_no_time","Analista de Dados","2023"
"llm7lk3dz3f1e3p4mbbllm7lkftiiqbd","cargo_no_time","Analista de BI","2023"
"llm7lk3dz3f1e3p4mbbllm7lkftiiqbd","cargo_no_time","Business Analyst","2023"
"mt68m7c5sagmt68ujgch49h9kjt7vrcu","cargo_no_time","Analista de Dados","2023"
"junm2jw1sxpc0tbdezmjunm2jiykjaf4","cargo_no_time","Analista de BI","2023"
"junm2jw1sxpc0tbdezmjunm2jiykjaf4","cargo_no_time","Business Analyst","2023"
"rky8sp5lftsoks9c223wogrky8sp0g7a","cargo_no_time","Analytics Engineer","2023"
"rky8sp5lftsoks9c223wogrky8sp0g7a","cargo_no_time","Engenharia de Dados","2023"
"rky8sp5lftsoks9c223wogrky8sp0g7a","cargo_no_time","Analista de Dados","2023"
"rky8sp5lftsoks9c223wogrky8sp0g7a","cargo_no_time","Data Product Manager","2023"
"2rphbrg30zr8wy2qfel72rphbrvrdg87","cargo_no_time","Analista de BI","2023"
"6r9uc23g2ytqzk4nb356r9u0jqoqo16p","cargo_no_time","Analytics Engineer","2023"
"6r9uc23g2ytqzk4nb356r9u0jqoqo16p","cargo_no_time","Engenharia de Dados","2023"
"6r9uc23g2ytqzk4nb356r9u0jqoqo16p","cargo_no_time","Analista de Dados","2023"
"6r9uc23g2ytqzk4nb356r9u0jqoqo16p","cargo_no_time","Cientista de Dados","2023"
"6r9uc23g2ytqzk4nb356r9u0jqoqo16p","cargo_no_time","DBA","2023"
"6r9uc23g2ytqzk4nb356r9u0jqoqo16p","cargo_no_time","Analista de BI","2023"
"6r9uc23g2ytqzk4nb356r9u0jqoqo16p","cargo_no_time","Arquiteto de Dados","2023"
"6r9uc23g2ytqzk4nb356r9u0jqoqo16p","cargo_no_time","Business Analyst","2023"
"66nxcxt5ymv9zpxh66nxcxt4yynkl3n7","cargo_no_time","Engenharia de Dados","2023"
"66nxcxt5ymv9zpxh66nxcxt4yynkl3n7","cargo_no_time","Analista de Dados","2023"
"66nxcxt5ymv9zpxh66nxcxt4yynkl3n7","cargo_no_time","Cientista de Dados","2023"
"66nxcxt5ymv9zpxh66nxcxt4yynkl3n7","cargo_no_time","Analista de BI","2023"
"q9h7fly50llvii3v76bq9h74p1fxrgx0","cargo_no_time","Analista de Dados","2023"
"q9h7fly50llvii3v76bq9h74p1fxrgx0","cargo_no_time","Cientista de Dados","2023"
"q9h7fly50llvii3v76bq9h74p1fxrgx0","cargo_no_time","Analista de BI","2023"
"q9h7fly50llvii3v76bq9h74p1fxrgx0","cargo_no_time","Business Analyst","2023"
"zyg9519671iqrgy93qzyg95183k8ix5f","cargo_no_time","Engenharia de Dados","2023"
"zyg9519671iqrgy93qzyg95183k8ix5f","cargo_no_time","Analista de Dados","2023"
"zyg9519671iqrgy93qzyg95183k8ix5f","cargo_no_time","Cientista de Dados","2023"
"zyg9519671iqrgy93qzyg95183k8ix5f","cargo_no_time","DBA","2023"
"zyg9519671iqrgy93qzyg95183k8ix5f","cargo_no_time","Analista de BI","2023"
"zyg9519671iqrgy93qzyg95183k8ix5f","cargo_no_time","Arquiteto de Dados","2023"
"zyg9519671iqrgy93qzyg95183k8ix5f","cargo_no_time","Data Product Manager","2023"
"7b672vrmqyak625e7b672m0smtji8h1l","cargo_no_time","Analista de BI","2023"
"dkmfwb4sdbxql3xdkmfxjujk92y7ydjq","cargo_no_time","Analytics Engineer","2023"
"dkmfwb4sdbxql3xdkmfxjujk92y7ydjq","cargo_no_time","Engenharia de Dados","2023"
"dkmfwb4sdbxql3xdkmfxjujk92y7ydjq","cargo_no_time","Analista de Dados","2023"
"dkmfwb4sdbxql3xdkmfxjujk92y7ydjq","cargo_no_time","DBA","2023"
"dkmfwb4sdbxql3xdkmfxjujk92y7ydjq","cargo_no_time","Analista de BI","2023"
"dkmfwb4sdbxql3xdkmfxjujk92y7ydjq","cargo_no_time","Business Analyst","2023"
"l7btguj1tocqd7mswy5l7btg83nrl2ut","cargo_no_time","Analytics Engineer","2023"
"l7btguj1tocqd7mswy5l7btg83nrl2ut","cargo_no_time","Engenharia de Dados","2023"
"l7btguj1tocqd7mswy5l7btg83nrl2ut","cargo_no_time","Analista de Dados","2023"
"l7btguj1tocqd7mswy5l7btg83nrl2ut","cargo_no_time","Cientista de Dados","2023"
"l7btguj1tocqd7mswy5l7btg83nrl2ut","cargo_no_time","Analista de BI","2023"
"l7btguj1tocqd7mswy5l7btg83nrl2ut","cargo_no_time","Arquiteto de Dados","2023"
"l7btguj1tocqd7mswy5l7btg83nrl2ut","cargo_no_time","Data Product Manager","2023"
"ull1whr13fod56p7plvdull1whedx0w9","cargo_no_time","Engenharia de Dados","2023"
"ull1whr13fod56p7plvdull1whedx0w9","cargo_no_time","Analista de Dados","2023"
"ull1whr13fod56p7plvdull1whedx0w9","cargo_no_time","Cientista de Dados","2023"
"ull1whr13fod56p7plvdull1whedx0w9","cargo_no_time","DBA","2023"
"ull1whr13fod56p7plvdull1whedx0w9","cargo_no_time","Analista de BI","2023"
"ull1whr13fod56p7plvdull1whedx0w9","cargo_no_time","Arquiteto de Dados","2023"
"ull1whr13fod56p7plvdull1whedx0w9","cargo_no_time","Business Analyst","2023"
"px6elponvu2d3o13bipx6elpokrrocqq","cargo_no_time","Analytics Engineer","2023"
"px6elponvu2d3o13bipx6elpokrrocqq","cargo_no_time","Engenharia de Dados","2023"
"px6elponvu2d3o13bipx6elpokrrocqq","cargo_no_time","Analista de Dados","2023"
"gv33rdrgjo3yxewyiigv33rd9kdyfkwb","cargo_no_time","Arquiteto de Dados","2023"
"gv33rdrgjo3yxewyiigv33rd9kdyfkwb","cargo_no_time","Business Analyst","2023"
"5t9cohjbxr0uvsq12r8920i885t9cohs","cargo_no_time","Engenharia de Dados","2023"
"5t9cohjbxr0uvsq12r8920i885t9cohs","cargo_no_time","Cientista de Dados","2023"
"i3xw10cc72zbwjn2xw57gi3xw1mzd6bq","cargo_no_time","Engenharia de Dados","2023"
"i3xw10cc72zbwjn2xw57gi3xw1mzd6bq","cargo_no_time","Analista de Dados","2023"
"i3xw10cc72zbwjn2xw57gi3xw1mzd6bq","cargo_no_time","Cientista de Dados","2023"
